"","Plot","Block","Treatment","Quad","total","CoverID","Hits","PctCover","FG","FG2"
"1","B","1","C","1",168,"ANBR",0,0,"Annual_Forb","Plant"
"2","B","1","C","1",168,"ASAM",0,0,"Annual_Forb","Plant"
"3","B","1","C","1",168,"Bromus",60,35.7142857142857,"Annual_Grass","Plant"
"4","B","1","C","1",168,"CHER",0,0,"Annual_Forb","Plant"
"5","B","1","C","1",168,"CRYPT",0,0,"Annual_Forb","Plant"
"6","B","1","C","1",168,"CYAC",1,0.595238095238095,"Annual_Forb","Plant"
"7","B","1","C","1",168,"DEAN",0,0,"Annual_Forb","Plant"
"8","B","1","C","1",168,"DEPI",0,0,"Annual_Forb","Plant"
"9","B","1","C","1",168,"Dark",7,4.16666666666667,"DkCy","Biocrust"
"10","B","1","C","1",168,"ENFR",0,0,"Annual_Forb","Plant"
"11","B","1","C","1",168,"EPHED",0,0,"Shrub","Plant"
"12","B","1","C","1",168,"EPTO",0,0,"Shrub","Plant"
"13","B","1","C","1",168,"EPVI",0,0,"Shrub","Plant"
"14","B","1","C","1",168,"ERIN",0,0,"Annual_Forb","Plant"
"15","B","1","C","1",168,"FEOC",0,0,"Annual_Grass","Plant"
"16","B","1","C","1",168,"GAPI",1,0.595238095238095,"Annual_Forb","Plant"
"17","B","1","C","1",168,"GIIN",0,0,"Annual_Forb","Plant"
"18","B","1","C","1",168,"GUSA",4,2.38095238095238,"Shrub","Plant"
"19","B","1","C","1",168,"HECO",0,0,"Perennial_Grass","Plant"
"20","B","1","C","1",168,"IPPO",0,0,"Annual_Forb","Plant"
"21","B","1","C","1",168,"KRLA",0,0,"Shrub","Plant"
"22","B","1","C","1",168,"LEMO",0,0,"Annual_Forb","Plant"
"23","B","1","C","1",168,"LEOC",0,0,"Annual_Forb","Plant"
"24","B","1","C","1",168,"LYGR",0,0,"Annual_Forb","Plant"
"25","B","1","C","1",168,"Lichen",3,1.78571428571429,"Lichen","Biocrust"
"26","B","1","C","1",168,"Light",15,8.92857142857143,"LtCy","Biocrust"
"27","B","1","C","1",168,"Litter",45,26.7857142857143,"Litter","Abiotic_Cover"
"28","B","1","C","1",168,"MAAF",0,0,"Annual_Forb","Plant"
"29","B","1","C","1",168,"Moss",32,19.047619047619,"Moss","Biocrust"
"30","B","1","C","1",168,"OECA",0,0,"Annual_Forb","Plant"
"31","B","1","C","1",168,"OPUNT",0,0,"Cactus","Plant"
"32","B","1","C","1",168,"PHCR",0,0,"Annual_Forb","Plant"
"33","B","1","C","1",168,"PLPA",0,0,"Annual_Forb","Plant"
"34","B","1","C","1",168,"SCWH",0,0,"Cactus","Plant"
"35","B","1","C","1",168,"SPORO",0,0,"Perennial_Grass","Plant"
"36","B","1","C","1",168,"TILA",0,0,"Annual_Forb","Plant"
"37","B","1","C","1",168,"UNK1",0,0,"Annual_Forb","Plant"
"38","B","1","C","1",168,"ATCO",0,0,"Shrub","Plant"
"39","B","1","C","1",168,"HIJA",0,0,"Perennial_Grass","Plant"
"40","B","1","C","1",168,"PlantBase",0,0,"Plant_Base","Plant"
"41","B","1","C","1",168,"ACHY",0,0,"Perennial_Grass","Plant"
"42","B","1","C","1",168,"Chamber",0,0,"Chamber","Abiotic_Cover"
"43","B","1","C","1",168,"Rock",0,0,"Rock","Abiotic_Cover"
"44","B","1","C","1",168,"Bare",0,0,"Bare_Ground","Abiotic_Cover"
"45","B","1","C","2",172,"ANBR",0,0,"Annual_Forb","Plant"
"46","B","1","C","2",172,"ASAM",0,0,"Annual_Forb","Plant"
"47","B","1","C","2",172,"Bromus",60,34.8837209302326,"Annual_Grass","Plant"
"48","B","1","C","2",172,"CHER",0,0,"Annual_Forb","Plant"
"49","B","1","C","2",172,"CRYPT",0,0,"Annual_Forb","Plant"
"50","B","1","C","2",172,"CYAC",0,0,"Annual_Forb","Plant"
"51","B","1","C","2",172,"DEAN",0,0,"Annual_Forb","Plant"
"52","B","1","C","2",172,"DEPI",0,0,"Annual_Forb","Plant"
"53","B","1","C","2",172,"Dark",3,1.74418604651163,"DkCy","Biocrust"
"54","B","1","C","2",172,"ENFR",0,0,"Annual_Forb","Plant"
"55","B","1","C","2",172,"EPHED",0,0,"Shrub","Plant"
"56","B","1","C","2",172,"EPTO",0,0,"Shrub","Plant"
"57","B","1","C","2",172,"EPVI",0,0,"Shrub","Plant"
"58","B","1","C","2",172,"ERIN",0,0,"Annual_Forb","Plant"
"59","B","1","C","2",172,"FEOC",0,0,"Annual_Grass","Plant"
"60","B","1","C","2",172,"GAPI",5,2.90697674418605,"Annual_Forb","Plant"
"61","B","1","C","2",172,"GIIN",0,0,"Annual_Forb","Plant"
"62","B","1","C","2",172,"GUSA",4,2.32558139534884,"Shrub","Plant"
"63","B","1","C","2",172,"HECO",0,0,"Perennial_Grass","Plant"
"64","B","1","C","2",172,"IPPO",0,0,"Annual_Forb","Plant"
"65","B","1","C","2",172,"KRLA",0,0,"Shrub","Plant"
"66","B","1","C","2",172,"LEMO",1,0.581395348837209,"Annual_Forb","Plant"
"67","B","1","C","2",172,"LEOC",0,0,"Annual_Forb","Plant"
"68","B","1","C","2",172,"LYGR",0,0,"Annual_Forb","Plant"
"69","B","1","C","2",172,"Lichen",2,1.16279069767442,"Lichen","Biocrust"
"70","B","1","C","2",172,"Light",13,7.55813953488372,"LtCy","Biocrust"
"71","B","1","C","2",172,"Litter",50,29.0697674418605,"Litter","Abiotic_Cover"
"72","B","1","C","2",172,"MAAF",0,0,"Annual_Forb","Plant"
"73","B","1","C","2",172,"Moss",21,12.2093023255814,"Moss","Biocrust"
"74","B","1","C","2",172,"OECA",0,0,"Annual_Forb","Plant"
"75","B","1","C","2",172,"OPUNT",0,0,"Cactus","Plant"
"76","B","1","C","2",172,"PHCR",0,0,"Annual_Forb","Plant"
"77","B","1","C","2",172,"PLPA",0,0,"Annual_Forb","Plant"
"78","B","1","C","2",172,"SCWH",0,0,"Cactus","Plant"
"79","B","1","C","2",172,"SPORO",0,0,"Perennial_Grass","Plant"
"80","B","1","C","2",172,"TILA",0,0,"Annual_Forb","Plant"
"81","B","1","C","2",172,"UNK1",0,0,"Annual_Forb","Plant"
"82","B","1","C","2",172,"ATCO",3,1.74418604651163,"Shrub","Plant"
"83","B","1","C","2",172,"HIJA",2,1.16279069767442,"Perennial_Grass","Plant"
"84","B","1","C","2",172,"PlantBase",8,4.65116279069767,"Plant_Base","Plant"
"85","B","1","C","2",172,"ACHY",0,0,"Perennial_Grass","Plant"
"86","B","1","C","2",172,"Chamber",0,0,"Chamber","Abiotic_Cover"
"87","B","1","C","2",172,"Rock",0,0,"Rock","Abiotic_Cover"
"88","B","1","C","2",172,"Bare",0,0,"Bare_Ground","Abiotic_Cover"
"89","B","1","C","3",170,"ANBR",0,0,"Annual_Forb","Plant"
"90","B","1","C","3",170,"ASAM",0,0,"Annual_Forb","Plant"
"91","B","1","C","3",170,"Bromus",24,14.1176470588235,"Annual_Grass","Plant"
"92","B","1","C","3",170,"CHER",0,0,"Annual_Forb","Plant"
"93","B","1","C","3",170,"CRYPT",0,0,"Annual_Forb","Plant"
"94","B","1","C","3",170,"CYAC",3,1.76470588235294,"Annual_Forb","Plant"
"95","B","1","C","3",170,"DEAN",0,0,"Annual_Forb","Plant"
"96","B","1","C","3",170,"DEPI",0,0,"Annual_Forb","Plant"
"97","B","1","C","3",170,"Dark",10,5.88235294117647,"DkCy","Biocrust"
"98","B","1","C","3",170,"ENFR",0,0,"Annual_Forb","Plant"
"99","B","1","C","3",170,"EPHED",0,0,"Shrub","Plant"
"100","B","1","C","3",170,"EPTO",0,0,"Shrub","Plant"
"101","B","1","C","3",170,"EPVI",0,0,"Shrub","Plant"
"102","B","1","C","3",170,"ERIN",0,0,"Annual_Forb","Plant"
"103","B","1","C","3",170,"FEOC",0,0,"Annual_Grass","Plant"
"104","B","1","C","3",170,"GAPI",1,0.588235294117647,"Annual_Forb","Plant"
"105","B","1","C","3",170,"GIIN",1,0.588235294117647,"Annual_Forb","Plant"
"106","B","1","C","3",170,"GUSA",7,4.11764705882353,"Shrub","Plant"
"107","B","1","C","3",170,"HECO",0,0,"Perennial_Grass","Plant"
"108","B","1","C","3",170,"IPPO",0,0,"Annual_Forb","Plant"
"109","B","1","C","3",170,"KRLA",0,0,"Shrub","Plant"
"110","B","1","C","3",170,"LEMO",0,0,"Annual_Forb","Plant"
"111","B","1","C","3",170,"LEOC",0,0,"Annual_Forb","Plant"
"112","B","1","C","3",170,"LYGR",0,0,"Annual_Forb","Plant"
"113","B","1","C","3",170,"Lichen",9,5.29411764705882,"Lichen","Biocrust"
"114","B","1","C","3",170,"Light",33,19.4117647058824,"LtCy","Biocrust"
"115","B","1","C","3",170,"Litter",31,18.2352941176471,"Litter","Abiotic_Cover"
"116","B","1","C","3",170,"MAAF",0,0,"Annual_Forb","Plant"
"117","B","1","C","3",170,"Moss",15,8.82352941176471,"Moss","Biocrust"
"118","B","1","C","3",170,"OECA",0,0,"Annual_Forb","Plant"
"119","B","1","C","3",170,"OPUNT",0,0,"Cactus","Plant"
"120","B","1","C","3",170,"PHCR",0,0,"Annual_Forb","Plant"
"121","B","1","C","3",170,"PLPA",0,0,"Annual_Forb","Plant"
"122","B","1","C","3",170,"SCWH",0,0,"Cactus","Plant"
"123","B","1","C","3",170,"SPORO",0,0,"Perennial_Grass","Plant"
"124","B","1","C","3",170,"TILA",0,0,"Annual_Forb","Plant"
"125","B","1","C","3",170,"UNK1",0,0,"Annual_Forb","Plant"
"126","B","1","C","3",170,"ATCO",0,0,"Shrub","Plant"
"127","B","1","C","3",170,"HIJA",0,0,"Perennial_Grass","Plant"
"128","B","1","C","3",170,"PlantBase",6,3.52941176470588,"Plant_Base","Plant"
"129","B","1","C","3",170,"ACHY",18,10.5882352941176,"Perennial_Grass","Plant"
"130","B","1","C","3",170,"Chamber",12,7.05882352941176,"Chamber","Abiotic_Cover"
"131","B","1","C","3",170,"Rock",0,0,"Rock","Abiotic_Cover"
"132","B","1","C","3",170,"Bare",0,0,"Bare_Ground","Abiotic_Cover"
"133","B","1","C","4",195,"ANBR",0,0,"Annual_Forb","Plant"
"134","B","1","C","4",195,"ASAM",0,0,"Annual_Forb","Plant"
"135","B","1","C","4",195,"Bromus",42,21.5384615384615,"Annual_Grass","Plant"
"136","B","1","C","4",195,"CHER",3,1.53846153846154,"Annual_Forb","Plant"
"137","B","1","C","4",195,"CRYPT",0,0,"Annual_Forb","Plant"
"138","B","1","C","4",195,"CYAC",0,0,"Annual_Forb","Plant"
"139","B","1","C","4",195,"DEAN",0,0,"Annual_Forb","Plant"
"140","B","1","C","4",195,"DEPI",0,0,"Annual_Forb","Plant"
"141","B","1","C","4",195,"Dark",12,6.15384615384615,"DkCy","Biocrust"
"142","B","1","C","4",195,"ENFR",0,0,"Annual_Forb","Plant"
"143","B","1","C","4",195,"EPHED",0,0,"Shrub","Plant"
"144","B","1","C","4",195,"EPTO",0,0,"Shrub","Plant"
"145","B","1","C","4",195,"EPVI",0,0,"Shrub","Plant"
"146","B","1","C","4",195,"ERIN",0,0,"Annual_Forb","Plant"
"147","B","1","C","4",195,"FEOC",0,0,"Annual_Grass","Plant"
"148","B","1","C","4",195,"GAPI",0,0,"Annual_Forb","Plant"
"149","B","1","C","4",195,"GIIN",0,0,"Annual_Forb","Plant"
"150","B","1","C","4",195,"GUSA",2,1.02564102564103,"Shrub","Plant"
"151","B","1","C","4",195,"HECO",0,0,"Perennial_Grass","Plant"
"152","B","1","C","4",195,"IPPO",0,0,"Annual_Forb","Plant"
"153","B","1","C","4",195,"KRLA",0,0,"Shrub","Plant"
"154","B","1","C","4",195,"LEMO",0,0,"Annual_Forb","Plant"
"155","B","1","C","4",195,"LEOC",0,0,"Annual_Forb","Plant"
"156","B","1","C","4",195,"LYGR",0,0,"Annual_Forb","Plant"
"157","B","1","C","4",195,"Lichen",2,1.02564102564103,"Lichen","Biocrust"
"158","B","1","C","4",195,"Light",43,22.0512820512821,"LtCy","Biocrust"
"159","B","1","C","4",195,"Litter",32,16.4102564102564,"Litter","Abiotic_Cover"
"160","B","1","C","4",195,"MAAF",0,0,"Annual_Forb","Plant"
"161","B","1","C","4",195,"Moss",10,5.12820512820513,"Moss","Biocrust"
"162","B","1","C","4",195,"OECA",0,0,"Annual_Forb","Plant"
"163","B","1","C","4",195,"OPUNT",0,0,"Cactus","Plant"
"164","B","1","C","4",195,"PHCR",0,0,"Annual_Forb","Plant"
"165","B","1","C","4",195,"PLPA",0,0,"Annual_Forb","Plant"
"166","B","1","C","4",195,"SCWH",0,0,"Cactus","Plant"
"167","B","1","C","4",195,"SPORO",0,0,"Perennial_Grass","Plant"
"168","B","1","C","4",195,"TILA",0,0,"Annual_Forb","Plant"
"169","B","1","C","4",195,"UNK1",0,0,"Annual_Forb","Plant"
"170","B","1","C","4",195,"ATCO",0,0,"Shrub","Plant"
"171","B","1","C","4",195,"HIJA",6,3.07692307692308,"Perennial_Grass","Plant"
"172","B","1","C","4",195,"PlantBase",13,6.66666666666667,"Plant_Base","Plant"
"173","B","1","C","4",195,"ACHY",27,13.8461538461538,"Perennial_Grass","Plant"
"174","B","1","C","4",195,"Chamber",1,0.512820512820513,"Chamber","Abiotic_Cover"
"175","B","1","C","4",195,"Rock",2,1.02564102564103,"Rock","Abiotic_Cover"
"176","B","1","C","4",195,"Bare",0,0,"Bare_Ground","Abiotic_Cover"
"177","B","1","L","1",151,"ANBR",0,0,"Annual_Forb","Plant"
"178","B","1","L","1",151,"ASAM",0,0,"Annual_Forb","Plant"
"179","B","1","L","1",151,"Bromus",38,25.1655629139073,"Annual_Grass","Plant"
"180","B","1","L","1",151,"CHER",0,0,"Annual_Forb","Plant"
"181","B","1","L","1",151,"CRYPT",0,0,"Annual_Forb","Plant"
"182","B","1","L","1",151,"CYAC",0,0,"Annual_Forb","Plant"
"183","B","1","L","1",151,"DEAN",0,0,"Annual_Forb","Plant"
"184","B","1","L","1",151,"DEPI",2,1.32450331125828,"Annual_Forb","Plant"
"185","B","1","L","1",151,"Dark",4,2.64900662251656,"DkCy","Biocrust"
"186","B","1","L","1",151,"ENFR",0,0,"Annual_Forb","Plant"
"187","B","1","L","1",151,"EPHED",0,0,"Shrub","Plant"
"188","B","1","L","1",151,"EPTO",0,0,"Shrub","Plant"
"189","B","1","L","1",151,"EPVI",0,0,"Shrub","Plant"
"190","B","1","L","1",151,"ERIN",0,0,"Annual_Forb","Plant"
"191","B","1","L","1",151,"FEOC",1,0.662251655629139,"Annual_Grass","Plant"
"192","B","1","L","1",151,"GAPI",7,4.63576158940397,"Annual_Forb","Plant"
"193","B","1","L","1",151,"GIIN",0,0,"Annual_Forb","Plant"
"194","B","1","L","1",151,"GUSA",0,0,"Shrub","Plant"
"195","B","1","L","1",151,"HECO",0,0,"Perennial_Grass","Plant"
"196","B","1","L","1",151,"IPPO",0,0,"Annual_Forb","Plant"
"197","B","1","L","1",151,"KRLA",0,0,"Shrub","Plant"
"198","B","1","L","1",151,"LEMO",0,0,"Annual_Forb","Plant"
"199","B","1","L","1",151,"LEOC",0,0,"Annual_Forb","Plant"
"200","B","1","L","1",151,"LYGR",0,0,"Annual_Forb","Plant"
"201","B","1","L","1",151,"Lichen",1,0.662251655629139,"Lichen","Biocrust"
"202","B","1","L","1",151,"Light",56,37.0860927152318,"LtCy","Biocrust"
"203","B","1","L","1",151,"Litter",27,17.8807947019868,"Litter","Abiotic_Cover"
"204","B","1","L","1",151,"MAAF",0,0,"Annual_Forb","Plant"
"205","B","1","L","1",151,"Moss",9,5.96026490066225,"Moss","Biocrust"
"206","B","1","L","1",151,"OECA",1,0.662251655629139,"Annual_Forb","Plant"
"207","B","1","L","1",151,"OPUNT",0,0,"Cactus","Plant"
"208","B","1","L","1",151,"PHCR",0,0,"Annual_Forb","Plant"
"209","B","1","L","1",151,"PLPA",0,0,"Annual_Forb","Plant"
"210","B","1","L","1",151,"SCWH",0,0,"Cactus","Plant"
"211","B","1","L","1",151,"SPORO",0,0,"Perennial_Grass","Plant"
"212","B","1","L","1",151,"TILA",0,0,"Annual_Forb","Plant"
"213","B","1","L","1",151,"UNK1",0,0,"Annual_Forb","Plant"
"214","B","1","L","1",151,"ATCO",0,0,"Shrub","Plant"
"215","B","1","L","1",151,"HIJA",1,0.662251655629139,"Perennial_Grass","Plant"
"216","B","1","L","1",151,"PlantBase",3,1.98675496688742,"Plant_Base","Plant"
"217","B","1","L","1",151,"ACHY",0,0,"Perennial_Grass","Plant"
"218","B","1","L","1",151,"Chamber",0,0,"Chamber","Abiotic_Cover"
"219","B","1","L","1",151,"Rock",1,0.662251655629139,"Rock","Abiotic_Cover"
"220","B","1","L","1",151,"Bare",0,0,"Bare_Ground","Abiotic_Cover"
"221","B","1","L","2",148,"ANBR",0,0,"Annual_Forb","Plant"
"222","B","1","L","2",148,"ASAM",0,0,"Annual_Forb","Plant"
"223","B","1","L","2",148,"Bromus",38,25.6756756756757,"Annual_Grass","Plant"
"224","B","1","L","2",148,"CHER",0,0,"Annual_Forb","Plant"
"225","B","1","L","2",148,"CRYPT",0,0,"Annual_Forb","Plant"
"226","B","1","L","2",148,"CYAC",0,0,"Annual_Forb","Plant"
"227","B","1","L","2",148,"DEAN",0,0,"Annual_Forb","Plant"
"228","B","1","L","2",148,"DEPI",0,0,"Annual_Forb","Plant"
"229","B","1","L","2",148,"Dark",2,1.35135135135135,"DkCy","Biocrust"
"230","B","1","L","2",148,"ENFR",0,0,"Annual_Forb","Plant"
"231","B","1","L","2",148,"EPHED",0,0,"Shrub","Plant"
"232","B","1","L","2",148,"EPTO",0,0,"Shrub","Plant"
"233","B","1","L","2",148,"EPVI",0,0,"Shrub","Plant"
"234","B","1","L","2",148,"ERIN",0,0,"Annual_Forb","Plant"
"235","B","1","L","2",148,"FEOC",0,0,"Annual_Grass","Plant"
"236","B","1","L","2",148,"GAPI",2,1.35135135135135,"Annual_Forb","Plant"
"237","B","1","L","2",148,"GIIN",3,2.02702702702703,"Annual_Forb","Plant"
"238","B","1","L","2",148,"GUSA",1,0.675675675675676,"Shrub","Plant"
"239","B","1","L","2",148,"HECO",0,0,"Perennial_Grass","Plant"
"240","B","1","L","2",148,"IPPO",1,0.675675675675676,"Annual_Forb","Plant"
"241","B","1","L","2",148,"KRLA",0,0,"Shrub","Plant"
"242","B","1","L","2",148,"LEMO",2,1.35135135135135,"Annual_Forb","Plant"
"243","B","1","L","2",148,"LEOC",0,0,"Annual_Forb","Plant"
"244","B","1","L","2",148,"LYGR",0,0,"Annual_Forb","Plant"
"245","B","1","L","2",148,"Lichen",0,0,"Lichen","Biocrust"
"246","B","1","L","2",148,"Light",53,35.8108108108108,"LtCy","Biocrust"
"247","B","1","L","2",148,"Litter",24,16.2162162162162,"Litter","Abiotic_Cover"
"248","B","1","L","2",148,"MAAF",0,0,"Annual_Forb","Plant"
"249","B","1","L","2",148,"Moss",10,6.75675675675676,"Moss","Biocrust"
"250","B","1","L","2",148,"OECA",0,0,"Annual_Forb","Plant"
"251","B","1","L","2",148,"OPUNT",0,0,"Cactus","Plant"
"252","B","1","L","2",148,"PHCR",0,0,"Annual_Forb","Plant"
"253","B","1","L","2",148,"PLPA",0,0,"Annual_Forb","Plant"
"254","B","1","L","2",148,"SCWH",0,0,"Cactus","Plant"
"255","B","1","L","2",148,"SPORO",0,0,"Perennial_Grass","Plant"
"256","B","1","L","2",148,"TILA",0,0,"Annual_Forb","Plant"
"257","B","1","L","2",148,"UNK1",0,0,"Annual_Forb","Plant"
"258","B","1","L","2",148,"ATCO",0,0,"Shrub","Plant"
"259","B","1","L","2",148,"HIJA",1,0.675675675675676,"Perennial_Grass","Plant"
"260","B","1","L","2",148,"PlantBase",6,4.05405405405405,"Plant_Base","Plant"
"261","B","1","L","2",148,"ACHY",0,0,"Perennial_Grass","Plant"
"262","B","1","L","2",148,"Chamber",0,0,"Chamber","Abiotic_Cover"
"263","B","1","L","2",148,"Rock",5,3.37837837837838,"Rock","Abiotic_Cover"
"264","B","1","L","2",148,"Bare",0,0,"Bare_Ground","Abiotic_Cover"
"265","B","1","L","3",200,"ANBR",0,0,"Annual_Forb","Plant"
"266","B","1","L","3",200,"ASAM",0,0,"Annual_Forb","Plant"
"267","B","1","L","3",200,"Bromus",58,29,"Annual_Grass","Plant"
"268","B","1","L","3",200,"CHER",0,0,"Annual_Forb","Plant"
"269","B","1","L","3",200,"CRYPT",0,0,"Annual_Forb","Plant"
"270","B","1","L","3",200,"CYAC",0,0,"Annual_Forb","Plant"
"271","B","1","L","3",200,"DEAN",0,0,"Annual_Forb","Plant"
"272","B","1","L","3",200,"DEPI",0,0,"Annual_Forb","Plant"
"273","B","1","L","3",200,"Dark",4,2,"DkCy","Biocrust"
"274","B","1","L","3",200,"ENFR",0,0,"Annual_Forb","Plant"
"275","B","1","L","3",200,"EPHED",0,0,"Shrub","Plant"
"276","B","1","L","3",200,"EPTO",0,0,"Shrub","Plant"
"277","B","1","L","3",200,"EPVI",0,0,"Shrub","Plant"
"278","B","1","L","3",200,"ERIN",0,0,"Annual_Forb","Plant"
"279","B","1","L","3",200,"FEOC",0,0,"Annual_Grass","Plant"
"280","B","1","L","3",200,"GAPI",4,2,"Annual_Forb","Plant"
"281","B","1","L","3",200,"GIIN",1,0.5,"Annual_Forb","Plant"
"282","B","1","L","3",200,"GUSA",5,2.5,"Shrub","Plant"
"283","B","1","L","3",200,"HECO",0,0,"Perennial_Grass","Plant"
"284","B","1","L","3",200,"IPPO",1,0.5,"Annual_Forb","Plant"
"285","B","1","L","3",200,"KRLA",0,0,"Shrub","Plant"
"286","B","1","L","3",200,"LEMO",0,0,"Annual_Forb","Plant"
"287","B","1","L","3",200,"LEOC",0,0,"Annual_Forb","Plant"
"288","B","1","L","3",200,"LYGR",0,0,"Annual_Forb","Plant"
"289","B","1","L","3",200,"Lichen",2,1,"Lichen","Biocrust"
"290","B","1","L","3",200,"Light",46,23,"LtCy","Biocrust"
"291","B","1","L","3",200,"Litter",39,19.5,"Litter","Abiotic_Cover"
"292","B","1","L","3",200,"MAAF",0,0,"Annual_Forb","Plant"
"293","B","1","L","3",200,"Moss",10,5,"Moss","Biocrust"
"294","B","1","L","3",200,"OECA",0,0,"Annual_Forb","Plant"
"295","B","1","L","3",200,"OPUNT",0,0,"Cactus","Plant"
"296","B","1","L","3",200,"PHCR",0,0,"Annual_Forb","Plant"
"297","B","1","L","3",200,"PLPA",0,0,"Annual_Forb","Plant"
"298","B","1","L","3",200,"SCWH",0,0,"Cactus","Plant"
"299","B","1","L","3",200,"SPORO",0,0,"Perennial_Grass","Plant"
"300","B","1","L","3",200,"TILA",0,0,"Annual_Forb","Plant"
"301","B","1","L","3",200,"UNK1",0,0,"Annual_Forb","Plant"
"302","B","1","L","3",200,"ATCO",0,0,"Shrub","Plant"
"303","B","1","L","3",200,"HIJA",8,4,"Perennial_Grass","Plant"
"304","B","1","L","3",200,"PlantBase",6,3,"Plant_Base","Plant"
"305","B","1","L","3",200,"ACHY",5,2.5,"Perennial_Grass","Plant"
"306","B","1","L","3",200,"Chamber",10,5,"Chamber","Abiotic_Cover"
"307","B","1","L","3",200,"Rock",1,0.5,"Rock","Abiotic_Cover"
"308","B","1","L","3",200,"Bare",0,0,"Bare_Ground","Abiotic_Cover"
"309","B","1","L","4",168,"ANBR",0,0,"Annual_Forb","Plant"
"310","B","1","L","4",168,"ASAM",1,0.595238095238095,"Annual_Forb","Plant"
"311","B","1","L","4",168,"Bromus",31,18.452380952381,"Annual_Grass","Plant"
"312","B","1","L","4",168,"CHER",0,0,"Annual_Forb","Plant"
"313","B","1","L","4",168,"CRYPT",0,0,"Annual_Forb","Plant"
"314","B","1","L","4",168,"CYAC",0,0,"Annual_Forb","Plant"
"315","B","1","L","4",168,"DEAN",0,0,"Annual_Forb","Plant"
"316","B","1","L","4",168,"DEPI",0,0,"Annual_Forb","Plant"
"317","B","1","L","4",168,"Dark",0,0,"DkCy","Biocrust"
"318","B","1","L","4",168,"ENFR",0,0,"Annual_Forb","Plant"
"319","B","1","L","4",168,"EPHED",0,0,"Shrub","Plant"
"320","B","1","L","4",168,"EPTO",0,0,"Shrub","Plant"
"321","B","1","L","4",168,"EPVI",0,0,"Shrub","Plant"
"322","B","1","L","4",168,"ERIN",0,0,"Annual_Forb","Plant"
"323","B","1","L","4",168,"FEOC",0,0,"Annual_Grass","Plant"
"324","B","1","L","4",168,"GAPI",5,2.97619047619048,"Annual_Forb","Plant"
"325","B","1","L","4",168,"GIIN",0,0,"Annual_Forb","Plant"
"326","B","1","L","4",168,"GUSA",0,0,"Shrub","Plant"
"327","B","1","L","4",168,"HECO",0,0,"Perennial_Grass","Plant"
"328","B","1","L","4",168,"IPPO",0,0,"Annual_Forb","Plant"
"329","B","1","L","4",168,"KRLA",0,0,"Shrub","Plant"
"330","B","1","L","4",168,"LEMO",0,0,"Annual_Forb","Plant"
"331","B","1","L","4",168,"LEOC",0,0,"Annual_Forb","Plant"
"332","B","1","L","4",168,"LYGR",0,0,"Annual_Forb","Plant"
"333","B","1","L","4",168,"Lichen",1,0.595238095238095,"Lichen","Biocrust"
"334","B","1","L","4",168,"Light",58,34.5238095238095,"LtCy","Biocrust"
"335","B","1","L","4",168,"Litter",45,26.7857142857143,"Litter","Abiotic_Cover"
"336","B","1","L","4",168,"MAAF",0,0,"Annual_Forb","Plant"
"337","B","1","L","4",168,"Moss",1,0.595238095238095,"Moss","Biocrust"
"338","B","1","L","4",168,"OECA",0,0,"Annual_Forb","Plant"
"339","B","1","L","4",168,"OPUNT",0,0,"Cactus","Plant"
"340","B","1","L","4",168,"PHCR",0,0,"Annual_Forb","Plant"
"341","B","1","L","4",168,"PLPA",0,0,"Annual_Forb","Plant"
"342","B","1","L","4",168,"SCWH",0,0,"Cactus","Plant"
"343","B","1","L","4",168,"SPORO",0,0,"Perennial_Grass","Plant"
"344","B","1","L","4",168,"TILA",0,0,"Annual_Forb","Plant"
"345","B","1","L","4",168,"UNK1",0,0,"Annual_Forb","Plant"
"346","B","1","L","4",168,"ATCO",11,6.54761904761905,"Shrub","Plant"
"347","B","1","L","4",168,"HIJA",3,1.78571428571429,"Perennial_Grass","Plant"
"348","B","1","L","4",168,"PlantBase",2,1.19047619047619,"Plant_Base","Plant"
"349","B","1","L","4",168,"ACHY",0,0,"Perennial_Grass","Plant"
"350","B","1","L","4",168,"Chamber",0,0,"Chamber","Abiotic_Cover"
"351","B","1","L","4",168,"Rock",10,5.95238095238095,"Rock","Abiotic_Cover"
"352","B","1","L","4",168,"Bare",0,0,"Bare_Ground","Abiotic_Cover"
"353","B","1","LW","1",149,"ANBR",0,0,"Annual_Forb","Plant"
"354","B","1","LW","1",149,"ASAM",1,0.671140939597315,"Annual_Forb","Plant"
"355","B","1","LW","1",149,"Bromus",25,16.7785234899329,"Annual_Grass","Plant"
"356","B","1","LW","1",149,"CHER",0,0,"Annual_Forb","Plant"
"357","B","1","LW","1",149,"CRYPT",0,0,"Annual_Forb","Plant"
"358","B","1","LW","1",149,"CYAC",1,0.671140939597315,"Annual_Forb","Plant"
"359","B","1","LW","1",149,"DEAN",0,0,"Annual_Forb","Plant"
"360","B","1","LW","1",149,"DEPI",0,0,"Annual_Forb","Plant"
"361","B","1","LW","1",149,"Dark",5,3.35570469798658,"DkCy","Biocrust"
"362","B","1","LW","1",149,"ENFR",0,0,"Annual_Forb","Plant"
"363","B","1","LW","1",149,"EPHED",0,0,"Shrub","Plant"
"364","B","1","LW","1",149,"EPTO",0,0,"Shrub","Plant"
"365","B","1","LW","1",149,"EPVI",0,0,"Shrub","Plant"
"366","B","1","LW","1",149,"ERIN",0,0,"Annual_Forb","Plant"
"367","B","1","LW","1",149,"FEOC",0,0,"Annual_Grass","Plant"
"368","B","1","LW","1",149,"GAPI",4,2.68456375838926,"Annual_Forb","Plant"
"369","B","1","LW","1",149,"GIIN",0,0,"Annual_Forb","Plant"
"370","B","1","LW","1",149,"GUSA",5,3.35570469798658,"Shrub","Plant"
"371","B","1","LW","1",149,"HECO",0,0,"Perennial_Grass","Plant"
"372","B","1","LW","1",149,"IPPO",0,0,"Annual_Forb","Plant"
"373","B","1","LW","1",149,"KRLA",0,0,"Shrub","Plant"
"374","B","1","LW","1",149,"LEMO",1,0.671140939597315,"Annual_Forb","Plant"
"375","B","1","LW","1",149,"LEOC",0,0,"Annual_Forb","Plant"
"376","B","1","LW","1",149,"LYGR",0,0,"Annual_Forb","Plant"
"377","B","1","LW","1",149,"Lichen",3,2.01342281879195,"Lichen","Biocrust"
"378","B","1","LW","1",149,"Light",40,26.8456375838926,"LtCy","Biocrust"
"379","B","1","LW","1",149,"Litter",37,24.8322147651007,"Litter","Abiotic_Cover"
"380","B","1","LW","1",149,"MAAF",0,0,"Annual_Forb","Plant"
"381","B","1","LW","1",149,"Moss",2,1.34228187919463,"Moss","Biocrust"
"382","B","1","LW","1",149,"OECA",0,0,"Annual_Forb","Plant"
"383","B","1","LW","1",149,"OPUNT",0,0,"Cactus","Plant"
"384","B","1","LW","1",149,"PHCR",0,0,"Annual_Forb","Plant"
"385","B","1","LW","1",149,"PLPA",0,0,"Annual_Forb","Plant"
"386","B","1","LW","1",149,"SCWH",0,0,"Cactus","Plant"
"387","B","1","LW","1",149,"SPORO",0,0,"Perennial_Grass","Plant"
"388","B","1","LW","1",149,"TILA",0,0,"Annual_Forb","Plant"
"389","B","1","LW","1",149,"UNK1",0,0,"Annual_Forb","Plant"
"390","B","1","LW","1",149,"ATCO",0,0,"Shrub","Plant"
"391","B","1","LW","1",149,"HIJA",8,5.36912751677852,"Perennial_Grass","Plant"
"392","B","1","LW","1",149,"PlantBase",5,3.35570469798658,"Plant_Base","Plant"
"393","B","1","LW","1",149,"ACHY",0,0,"Perennial_Grass","Plant"
"394","B","1","LW","1",149,"Chamber",0,0,"Chamber","Abiotic_Cover"
"395","B","1","LW","1",149,"Rock",12,8.05369127516778,"Rock","Abiotic_Cover"
"396","B","1","LW","1",149,"Bare",0,0,"Bare_Ground","Abiotic_Cover"
"397","B","1","LW","2",137,"ANBR",0,0,"Annual_Forb","Plant"
"398","B","1","LW","2",137,"ASAM",0,0,"Annual_Forb","Plant"
"399","B","1","LW","2",137,"Bromus",26,18.978102189781,"Annual_Grass","Plant"
"400","B","1","LW","2",137,"CHER",0,0,"Annual_Forb","Plant"
"401","B","1","LW","2",137,"CRYPT",0,0,"Annual_Forb","Plant"
"402","B","1","LW","2",137,"CYAC",0,0,"Annual_Forb","Plant"
"403","B","1","LW","2",137,"DEAN",0,0,"Annual_Forb","Plant"
"404","B","1","LW","2",137,"DEPI",0,0,"Annual_Forb","Plant"
"405","B","1","LW","2",137,"Dark",0,0,"DkCy","Biocrust"
"406","B","1","LW","2",137,"ENFR",0,0,"Annual_Forb","Plant"
"407","B","1","LW","2",137,"EPHED",0,0,"Shrub","Plant"
"408","B","1","LW","2",137,"EPTO",0,0,"Shrub","Plant"
"409","B","1","LW","2",137,"EPVI",0,0,"Shrub","Plant"
"410","B","1","LW","2",137,"ERIN",0,0,"Annual_Forb","Plant"
"411","B","1","LW","2",137,"FEOC",0,0,"Annual_Grass","Plant"
"412","B","1","LW","2",137,"GAPI",2,1.45985401459854,"Annual_Forb","Plant"
"413","B","1","LW","2",137,"GIIN",0,0,"Annual_Forb","Plant"
"414","B","1","LW","2",137,"GUSA",1,0.72992700729927,"Shrub","Plant"
"415","B","1","LW","2",137,"HECO",0,0,"Perennial_Grass","Plant"
"416","B","1","LW","2",137,"IPPO",0,0,"Annual_Forb","Plant"
"417","B","1","LW","2",137,"KRLA",0,0,"Shrub","Plant"
"418","B","1","LW","2",137,"LEMO",1,0.72992700729927,"Annual_Forb","Plant"
"419","B","1","LW","2",137,"LEOC",0,0,"Annual_Forb","Plant"
"420","B","1","LW","2",137,"LYGR",0,0,"Annual_Forb","Plant"
"421","B","1","LW","2",137,"Lichen",0,0,"Lichen","Biocrust"
"422","B","1","LW","2",137,"Light",51,37.2262773722628,"LtCy","Biocrust"
"423","B","1","LW","2",137,"Litter",31,22.6277372262774,"Litter","Abiotic_Cover"
"424","B","1","LW","2",137,"MAAF",0,0,"Annual_Forb","Plant"
"425","B","1","LW","2",137,"Moss",1,0.72992700729927,"Moss","Biocrust"
"426","B","1","LW","2",137,"OECA",0,0,"Annual_Forb","Plant"
"427","B","1","LW","2",137,"OPUNT",0,0,"Cactus","Plant"
"428","B","1","LW","2",137,"PHCR",0,0,"Annual_Forb","Plant"
"429","B","1","LW","2",137,"PLPA",0,0,"Annual_Forb","Plant"
"430","B","1","LW","2",137,"SCWH",0,0,"Cactus","Plant"
"431","B","1","LW","2",137,"SPORO",0,0,"Perennial_Grass","Plant"
"432","B","1","LW","2",137,"TILA",0,0,"Annual_Forb","Plant"
"433","B","1","LW","2",137,"UNK1",0,0,"Annual_Forb","Plant"
"434","B","1","LW","2",137,"ATCO",0,0,"Shrub","Plant"
"435","B","1","LW","2",137,"HIJA",8,5.83941605839416,"Perennial_Grass","Plant"
"436","B","1","LW","2",137,"PlantBase",2,1.45985401459854,"Plant_Base","Plant"
"437","B","1","LW","2",137,"ACHY",0,0,"Perennial_Grass","Plant"
"438","B","1","LW","2",137,"Chamber",0,0,"Chamber","Abiotic_Cover"
"439","B","1","LW","2",137,"Rock",14,10.2189781021898,"Rock","Abiotic_Cover"
"440","B","1","LW","2",137,"Bare",0,0,"Bare_Ground","Abiotic_Cover"
"441","B","1","LW","3",190,"ANBR",0,0,"Annual_Forb","Plant"
"442","B","1","LW","3",190,"ASAM",1,0.526315789473684,"Annual_Forb","Plant"
"443","B","1","LW","3",190,"Bromus",40,21.0526315789474,"Annual_Grass","Plant"
"444","B","1","LW","3",190,"CHER",0,0,"Annual_Forb","Plant"
"445","B","1","LW","3",190,"CRYPT",0,0,"Annual_Forb","Plant"
"446","B","1","LW","3",190,"CYAC",0,0,"Annual_Forb","Plant"
"447","B","1","LW","3",190,"DEAN",0,0,"Annual_Forb","Plant"
"448","B","1","LW","3",190,"DEPI",0,0,"Annual_Forb","Plant"
"449","B","1","LW","3",190,"Dark",5,2.63157894736842,"DkCy","Biocrust"
"450","B","1","LW","3",190,"ENFR",0,0,"Annual_Forb","Plant"
"451","B","1","LW","3",190,"EPHED",0,0,"Shrub","Plant"
"452","B","1","LW","3",190,"EPTO",0,0,"Shrub","Plant"
"453","B","1","LW","3",190,"EPVI",0,0,"Shrub","Plant"
"454","B","1","LW","3",190,"ERIN",0,0,"Annual_Forb","Plant"
"455","B","1","LW","3",190,"FEOC",0,0,"Annual_Grass","Plant"
"456","B","1","LW","3",190,"GAPI",10,5.26315789473684,"Annual_Forb","Plant"
"457","B","1","LW","3",190,"GIIN",0,0,"Annual_Forb","Plant"
"458","B","1","LW","3",190,"GUSA",3,1.57894736842105,"Shrub","Plant"
"459","B","1","LW","3",190,"HECO",0,0,"Perennial_Grass","Plant"
"460","B","1","LW","3",190,"IPPO",0,0,"Annual_Forb","Plant"
"461","B","1","LW","3",190,"KRLA",0,0,"Shrub","Plant"
"462","B","1","LW","3",190,"LEMO",2,1.05263157894737,"Annual_Forb","Plant"
"463","B","1","LW","3",190,"LEOC",0,0,"Annual_Forb","Plant"
"464","B","1","LW","3",190,"LYGR",0,0,"Annual_Forb","Plant"
"465","B","1","LW","3",190,"Lichen",0,0,"Lichen","Biocrust"
"466","B","1","LW","3",190,"Light",59,31.0526315789474,"LtCy","Biocrust"
"467","B","1","LW","3",190,"Litter",43,22.6315789473684,"Litter","Abiotic_Cover"
"468","B","1","LW","3",190,"MAAF",0,0,"Annual_Forb","Plant"
"469","B","1","LW","3",190,"Moss",1,0.526315789473684,"Moss","Biocrust"
"470","B","1","LW","3",190,"OECA",0,0,"Annual_Forb","Plant"
"471","B","1","LW","3",190,"OPUNT",0,0,"Cactus","Plant"
"472","B","1","LW","3",190,"PHCR",0,0,"Annual_Forb","Plant"
"473","B","1","LW","3",190,"PLPA",0,0,"Annual_Forb","Plant"
"474","B","1","LW","3",190,"SCWH",0,0,"Cactus","Plant"
"475","B","1","LW","3",190,"SPORO",0,0,"Perennial_Grass","Plant"
"476","B","1","LW","3",190,"TILA",0,0,"Annual_Forb","Plant"
"477","B","1","LW","3",190,"UNK1",0,0,"Annual_Forb","Plant"
"478","B","1","LW","3",190,"ATCO",0,0,"Shrub","Plant"
"479","B","1","LW","3",190,"HIJA",3,1.57894736842105,"Perennial_Grass","Plant"
"480","B","1","LW","3",190,"PlantBase",7,3.68421052631579,"Plant_Base","Plant"
"481","B","1","LW","3",190,"ACHY",12,6.31578947368421,"Perennial_Grass","Plant"
"482","B","1","LW","3",190,"Chamber",3,1.57894736842105,"Chamber","Abiotic_Cover"
"483","B","1","LW","3",190,"Rock",1,0.526315789473684,"Rock","Abiotic_Cover"
"484","B","1","LW","3",190,"Bare",0,0,"Bare_Ground","Abiotic_Cover"
"485","B","1","LW","4",185,"ANBR",0,0,"Annual_Forb","Plant"
"486","B","1","LW","4",185,"ASAM",0,0,"Annual_Forb","Plant"
"487","B","1","LW","4",185,"Bromus",42,22.7027027027027,"Annual_Grass","Plant"
"488","B","1","LW","4",185,"CHER",0,0,"Annual_Forb","Plant"
"489","B","1","LW","4",185,"CRYPT",0,0,"Annual_Forb","Plant"
"490","B","1","LW","4",185,"CYAC",0,0,"Annual_Forb","Plant"
"491","B","1","LW","4",185,"DEAN",0,0,"Annual_Forb","Plant"
"492","B","1","LW","4",185,"DEPI",0,0,"Annual_Forb","Plant"
"493","B","1","LW","4",185,"Dark",7,3.78378378378378,"DkCy","Biocrust"
"494","B","1","LW","4",185,"ENFR",0,0,"Annual_Forb","Plant"
"495","B","1","LW","4",185,"EPHED",0,0,"Shrub","Plant"
"496","B","1","LW","4",185,"EPTO",0,0,"Shrub","Plant"
"497","B","1","LW","4",185,"EPVI",0,0,"Shrub","Plant"
"498","B","1","LW","4",185,"ERIN",0,0,"Annual_Forb","Plant"
"499","B","1","LW","4",185,"FEOC",0,0,"Annual_Grass","Plant"
"500","B","1","LW","4",185,"GAPI",9,4.86486486486486,"Annual_Forb","Plant"
"501","B","1","LW","4",185,"GIIN",0,0,"Annual_Forb","Plant"
"502","B","1","LW","4",185,"GUSA",6,3.24324324324324,"Shrub","Plant"
"503","B","1","LW","4",185,"HECO",0,0,"Perennial_Grass","Plant"
"504","B","1","LW","4",185,"IPPO",0,0,"Annual_Forb","Plant"
"505","B","1","LW","4",185,"KRLA",0,0,"Shrub","Plant"
"506","B","1","LW","4",185,"LEMO",1,0.540540540540541,"Annual_Forb","Plant"
"507","B","1","LW","4",185,"LEOC",0,0,"Annual_Forb","Plant"
"508","B","1","LW","4",185,"LYGR",0,0,"Annual_Forb","Plant"
"509","B","1","LW","4",185,"Lichen",0,0,"Lichen","Biocrust"
"510","B","1","LW","4",185,"Light",55,29.7297297297297,"LtCy","Biocrust"
"511","B","1","LW","4",185,"Litter",51,27.5675675675676,"Litter","Abiotic_Cover"
"512","B","1","LW","4",185,"MAAF",0,0,"Annual_Forb","Plant"
"513","B","1","LW","4",185,"Moss",0,0,"Moss","Biocrust"
"514","B","1","LW","4",185,"OECA",1,0.540540540540541,"Annual_Forb","Plant"
"515","B","1","LW","4",185,"OPUNT",0,0,"Cactus","Plant"
"516","B","1","LW","4",185,"PHCR",0,0,"Annual_Forb","Plant"
"517","B","1","LW","4",185,"PLPA",0,0,"Annual_Forb","Plant"
"518","B","1","LW","4",185,"SCWH",0,0,"Cactus","Plant"
"519","B","1","LW","4",185,"SPORO",0,0,"Perennial_Grass","Plant"
"520","B","1","LW","4",185,"TILA",0,0,"Annual_Forb","Plant"
"521","B","1","LW","4",185,"UNK1",0,0,"Annual_Forb","Plant"
"522","B","1","LW","4",185,"ATCO",1,0.540540540540541,"Shrub","Plant"
"523","B","1","LW","4",185,"HIJA",5,2.7027027027027,"Perennial_Grass","Plant"
"524","B","1","LW","4",185,"PlantBase",7,3.78378378378378,"Plant_Base","Plant"
"525","B","1","LW","4",185,"ACHY",0,0,"Perennial_Grass","Plant"
"526","B","1","LW","4",185,"Chamber",0,0,"Chamber","Abiotic_Cover"
"527","B","1","LW","4",185,"Rock",0,0,"Rock","Abiotic_Cover"
"528","B","1","LW","4",185,"Bare",0,0,"Bare_Ground","Abiotic_Cover"
"529","B","1","W","1",160,"ANBR",0,0,"Annual_Forb","Plant"
"530","B","1","W","1",160,"ASAM",0,0,"Annual_Forb","Plant"
"531","B","1","W","1",160,"Bromus",45,28.125,"Annual_Grass","Plant"
"532","B","1","W","1",160,"CHER",0,0,"Annual_Forb","Plant"
"533","B","1","W","1",160,"CRYPT",0,0,"Annual_Forb","Plant"
"534","B","1","W","1",160,"CYAC",0,0,"Annual_Forb","Plant"
"535","B","1","W","1",160,"DEAN",0,0,"Annual_Forb","Plant"
"536","B","1","W","1",160,"DEPI",3,1.875,"Annual_Forb","Plant"
"537","B","1","W","1",160,"Dark",4,2.5,"DkCy","Biocrust"
"538","B","1","W","1",160,"ENFR",0,0,"Annual_Forb","Plant"
"539","B","1","W","1",160,"EPHED",0,0,"Shrub","Plant"
"540","B","1","W","1",160,"EPTO",0,0,"Shrub","Plant"
"541","B","1","W","1",160,"EPVI",0,0,"Shrub","Plant"
"542","B","1","W","1",160,"ERIN",0,0,"Annual_Forb","Plant"
"543","B","1","W","1",160,"FEOC",0,0,"Annual_Grass","Plant"
"544","B","1","W","1",160,"GAPI",2,1.25,"Annual_Forb","Plant"
"545","B","1","W","1",160,"GIIN",1,0.625,"Annual_Forb","Plant"
"546","B","1","W","1",160,"GUSA",1,0.625,"Shrub","Plant"
"547","B","1","W","1",160,"HECO",0,0,"Perennial_Grass","Plant"
"548","B","1","W","1",160,"IPPO",0,0,"Annual_Forb","Plant"
"549","B","1","W","1",160,"KRLA",0,0,"Shrub","Plant"
"550","B","1","W","1",160,"LEMO",0,0,"Annual_Forb","Plant"
"551","B","1","W","1",160,"LEOC",0,0,"Annual_Forb","Plant"
"552","B","1","W","1",160,"LYGR",0,0,"Annual_Forb","Plant"
"553","B","1","W","1",160,"Lichen",8,5,"Lichen","Biocrust"
"554","B","1","W","1",160,"Light",30,18.75,"LtCy","Biocrust"
"555","B","1","W","1",160,"Litter",37,23.125,"Litter","Abiotic_Cover"
"556","B","1","W","1",160,"MAAF",0,0,"Annual_Forb","Plant"
"557","B","1","W","1",160,"Moss",11,6.875,"Moss","Biocrust"
"558","B","1","W","1",160,"OECA",0,0,"Annual_Forb","Plant"
"559","B","1","W","1",160,"OPUNT",0,0,"Cactus","Plant"
"560","B","1","W","1",160,"PHCR",0,0,"Annual_Forb","Plant"
"561","B","1","W","1",160,"PLPA",0,0,"Annual_Forb","Plant"
"562","B","1","W","1",160,"SCWH",0,0,"Cactus","Plant"
"563","B","1","W","1",160,"SPORO",0,0,"Perennial_Grass","Plant"
"564","B","1","W","1",160,"TILA",0,0,"Annual_Forb","Plant"
"565","B","1","W","1",160,"UNK1",0,0,"Annual_Forb","Plant"
"566","B","1","W","1",160,"ATCO",1,0.625,"Shrub","Plant"
"567","B","1","W","1",160,"HIJA",9,5.625,"Perennial_Grass","Plant"
"568","B","1","W","1",160,"PlantBase",6,3.75,"Plant_Base","Plant"
"569","B","1","W","1",160,"ACHY",1,0.625,"Perennial_Grass","Plant"
"570","B","1","W","1",160,"Chamber",0,0,"Chamber","Abiotic_Cover"
"571","B","1","W","1",160,"Rock",1,0.625,"Rock","Abiotic_Cover"
"572","B","1","W","1",160,"Bare",0,0,"Bare_Ground","Abiotic_Cover"
"573","B","1","W","2",177,"ANBR",0,0,"Annual_Forb","Plant"
"574","B","1","W","2",177,"ASAM",1,0.564971751412429,"Annual_Forb","Plant"
"575","B","1","W","2",177,"Bromus",48,27.1186440677966,"Annual_Grass","Plant"
"576","B","1","W","2",177,"CHER",0,0,"Annual_Forb","Plant"
"577","B","1","W","2",177,"CRYPT",0,0,"Annual_Forb","Plant"
"578","B","1","W","2",177,"CYAC",0,0,"Annual_Forb","Plant"
"579","B","1","W","2",177,"DEAN",0,0,"Annual_Forb","Plant"
"580","B","1","W","2",177,"DEPI",0,0,"Annual_Forb","Plant"
"581","B","1","W","2",177,"Dark",11,6.21468926553672,"DkCy","Biocrust"
"582","B","1","W","2",177,"ENFR",0,0,"Annual_Forb","Plant"
"583","B","1","W","2",177,"EPHED",0,0,"Shrub","Plant"
"584","B","1","W","2",177,"EPTO",0,0,"Shrub","Plant"
"585","B","1","W","2",177,"EPVI",0,0,"Shrub","Plant"
"586","B","1","W","2",177,"ERIN",0,0,"Annual_Forb","Plant"
"587","B","1","W","2",177,"FEOC",0,0,"Annual_Grass","Plant"
"588","B","1","W","2",177,"GAPI",4,2.25988700564972,"Annual_Forb","Plant"
"589","B","1","W","2",177,"GIIN",1,0.564971751412429,"Annual_Forb","Plant"
"590","B","1","W","2",177,"GUSA",4,2.25988700564972,"Shrub","Plant"
"591","B","1","W","2",177,"HECO",0,0,"Perennial_Grass","Plant"
"592","B","1","W","2",177,"IPPO",0,0,"Annual_Forb","Plant"
"593","B","1","W","2",177,"KRLA",0,0,"Shrub","Plant"
"594","B","1","W","2",177,"LEMO",0,0,"Annual_Forb","Plant"
"595","B","1","W","2",177,"LEOC",0,0,"Annual_Forb","Plant"
"596","B","1","W","2",177,"LYGR",0,0,"Annual_Forb","Plant"
"597","B","1","W","2",177,"Lichen",7,3.95480225988701,"Lichen","Biocrust"
"598","B","1","W","2",177,"Light",25,14.1242937853107,"LtCy","Biocrust"
"599","B","1","W","2",177,"Litter",38,21.4689265536723,"Litter","Abiotic_Cover"
"600","B","1","W","2",177,"MAAF",0,0,"Annual_Forb","Plant"
"601","B","1","W","2",177,"Moss",13,7.34463276836158,"Moss","Biocrust"
"602","B","1","W","2",177,"OECA",0,0,"Annual_Forb","Plant"
"603","B","1","W","2",177,"OPUNT",0,0,"Cactus","Plant"
"604","B","1","W","2",177,"PHCR",0,0,"Annual_Forb","Plant"
"605","B","1","W","2",177,"PLPA",0,0,"Annual_Forb","Plant"
"606","B","1","W","2",177,"SCWH",0,0,"Cactus","Plant"
"607","B","1","W","2",177,"SPORO",0,0,"Perennial_Grass","Plant"
"608","B","1","W","2",177,"TILA",0,0,"Annual_Forb","Plant"
"609","B","1","W","2",177,"UNK1",0,0,"Annual_Forb","Plant"
"610","B","1","W","2",177,"ATCO",6,3.38983050847458,"Shrub","Plant"
"611","B","1","W","2",177,"HIJA",11,6.21468926553672,"Perennial_Grass","Plant"
"612","B","1","W","2",177,"PlantBase",6,3.38983050847458,"Plant_Base","Plant"
"613","B","1","W","2",177,"ACHY",1,0.564971751412429,"Perennial_Grass","Plant"
"614","B","1","W","2",177,"Chamber",0,0,"Chamber","Abiotic_Cover"
"615","B","1","W","2",177,"Rock",1,0.564971751412429,"Rock","Abiotic_Cover"
"616","B","1","W","2",177,"Bare",0,0,"Bare_Ground","Abiotic_Cover"
"617","B","1","W","3",189,"ANBR",0,0,"Annual_Forb","Plant"
"618","B","1","W","3",189,"ASAM",0,0,"Annual_Forb","Plant"
"619","B","1","W","3",189,"Bromus",49,25.9259259259259,"Annual_Grass","Plant"
"620","B","1","W","3",189,"CHER",0,0,"Annual_Forb","Plant"
"621","B","1","W","3",189,"CRYPT",0,0,"Annual_Forb","Plant"
"622","B","1","W","3",189,"CYAC",1,0.529100529100529,"Annual_Forb","Plant"
"623","B","1","W","3",189,"DEAN",0,0,"Annual_Forb","Plant"
"624","B","1","W","3",189,"DEPI",1,0.529100529100529,"Annual_Forb","Plant"
"625","B","1","W","3",189,"Dark",14,7.40740740740741,"DkCy","Biocrust"
"626","B","1","W","3",189,"ENFR",0,0,"Annual_Forb","Plant"
"627","B","1","W","3",189,"EPHED",0,0,"Shrub","Plant"
"628","B","1","W","3",189,"EPTO",0,0,"Shrub","Plant"
"629","B","1","W","3",189,"EPVI",0,0,"Shrub","Plant"
"630","B","1","W","3",189,"ERIN",0,0,"Annual_Forb","Plant"
"631","B","1","W","3",189,"FEOC",2,1.05820105820106,"Annual_Grass","Plant"
"632","B","1","W","3",189,"GAPI",0,0,"Annual_Forb","Plant"
"633","B","1","W","3",189,"GIIN",0,0,"Annual_Forb","Plant"
"634","B","1","W","3",189,"GUSA",11,5.82010582010582,"Shrub","Plant"
"635","B","1","W","3",189,"HECO",0,0,"Perennial_Grass","Plant"
"636","B","1","W","3",189,"IPPO",0,0,"Annual_Forb","Plant"
"637","B","1","W","3",189,"KRLA",0,0,"Shrub","Plant"
"638","B","1","W","3",189,"LEMO",0,0,"Annual_Forb","Plant"
"639","B","1","W","3",189,"LEOC",0,0,"Annual_Forb","Plant"
"640","B","1","W","3",189,"LYGR",0,0,"Annual_Forb","Plant"
"641","B","1","W","3",189,"Lichen",3,1.58730158730159,"Lichen","Biocrust"
"642","B","1","W","3",189,"Light",27,14.2857142857143,"LtCy","Biocrust"
"643","B","1","W","3",189,"Litter",47,24.8677248677249,"Litter","Abiotic_Cover"
"644","B","1","W","3",189,"MAAF",0,0,"Annual_Forb","Plant"
"645","B","1","W","3",189,"Moss",6,3.17460317460317,"Moss","Biocrust"
"646","B","1","W","3",189,"OECA",0,0,"Annual_Forb","Plant"
"647","B","1","W","3",189,"OPUNT",0,0,"Cactus","Plant"
"648","B","1","W","3",189,"PHCR",0,0,"Annual_Forb","Plant"
"649","B","1","W","3",189,"PLPA",0,0,"Annual_Forb","Plant"
"650","B","1","W","3",189,"SCWH",0,0,"Cactus","Plant"
"651","B","1","W","3",189,"SPORO",0,0,"Perennial_Grass","Plant"
"652","B","1","W","3",189,"TILA",0,0,"Annual_Forb","Plant"
"653","B","1","W","3",189,"UNK1",0,0,"Annual_Forb","Plant"
"654","B","1","W","3",189,"ATCO",13,6.87830687830688,"Shrub","Plant"
"655","B","1","W","3",189,"HIJA",2,1.05820105820106,"Perennial_Grass","Plant"
"656","B","1","W","3",189,"PlantBase",3,1.58730158730159,"Plant_Base","Plant"
"657","B","1","W","3",189,"ACHY",0,0,"Perennial_Grass","Plant"
"658","B","1","W","3",189,"Chamber",10,5.29100529100529,"Chamber","Abiotic_Cover"
"659","B","1","W","3",189,"Rock",0,0,"Rock","Abiotic_Cover"
"660","B","1","W","3",189,"Bare",0,0,"Bare_Ground","Abiotic_Cover"
"661","B","1","W","4",192,"ANBR",0,0,"Annual_Forb","Plant"
"662","B","1","W","4",192,"ASAM",0,0,"Annual_Forb","Plant"
"663","B","1","W","4",192,"Bromus",53,27.6041666666667,"Annual_Grass","Plant"
"664","B","1","W","4",192,"CHER",0,0,"Annual_Forb","Plant"
"665","B","1","W","4",192,"CRYPT",0,0,"Annual_Forb","Plant"
"666","B","1","W","4",192,"CYAC",3,1.5625,"Annual_Forb","Plant"
"667","B","1","W","4",192,"DEAN",0,0,"Annual_Forb","Plant"
"668","B","1","W","4",192,"DEPI",0,0,"Annual_Forb","Plant"
"669","B","1","W","4",192,"Dark",12,6.25,"DkCy","Biocrust"
"670","B","1","W","4",192,"ENFR",0,0,"Annual_Forb","Plant"
"671","B","1","W","4",192,"EPHED",0,0,"Shrub","Plant"
"672","B","1","W","4",192,"EPTO",0,0,"Shrub","Plant"
"673","B","1","W","4",192,"EPVI",0,0,"Shrub","Plant"
"674","B","1","W","4",192,"ERIN",0,0,"Annual_Forb","Plant"
"675","B","1","W","4",192,"FEOC",0,0,"Annual_Grass","Plant"
"676","B","1","W","4",192,"GAPI",0,0,"Annual_Forb","Plant"
"677","B","1","W","4",192,"GIIN",0,0,"Annual_Forb","Plant"
"678","B","1","W","4",192,"GUSA",8,4.16666666666667,"Shrub","Plant"
"679","B","1","W","4",192,"HECO",0,0,"Perennial_Grass","Plant"
"680","B","1","W","4",192,"IPPO",0,0,"Annual_Forb","Plant"
"681","B","1","W","4",192,"KRLA",0,0,"Shrub","Plant"
"682","B","1","W","4",192,"LEMO",0,0,"Annual_Forb","Plant"
"683","B","1","W","4",192,"LEOC",0,0,"Annual_Forb","Plant"
"684","B","1","W","4",192,"LYGR",0,0,"Annual_Forb","Plant"
"685","B","1","W","4",192,"Lichen",0,0,"Lichen","Biocrust"
"686","B","1","W","4",192,"Light",29,15.1041666666667,"LtCy","Biocrust"
"687","B","1","W","4",192,"Litter",50,26.0416666666667,"Litter","Abiotic_Cover"
"688","B","1","W","4",192,"MAAF",0,0,"Annual_Forb","Plant"
"689","B","1","W","4",192,"Moss",13,6.77083333333333,"Moss","Biocrust"
"690","B","1","W","4",192,"OECA",0,0,"Annual_Forb","Plant"
"691","B","1","W","4",192,"OPUNT",0,0,"Cactus","Plant"
"692","B","1","W","4",192,"PHCR",0,0,"Annual_Forb","Plant"
"693","B","1","W","4",192,"PLPA",0,0,"Annual_Forb","Plant"
"694","B","1","W","4",192,"SCWH",0,0,"Cactus","Plant"
"695","B","1","W","4",192,"SPORO",0,0,"Perennial_Grass","Plant"
"696","B","1","W","4",192,"TILA",0,0,"Annual_Forb","Plant"
"697","B","1","W","4",192,"UNK1",0,0,"Annual_Forb","Plant"
"698","B","1","W","4",192,"ATCO",15,7.8125,"Shrub","Plant"
"699","B","1","W","4",192,"HIJA",3,1.5625,"Perennial_Grass","Plant"
"700","B","1","W","4",192,"PlantBase",5,2.60416666666667,"Plant_Base","Plant"
"701","B","1","W","4",192,"ACHY",0,0,"Perennial_Grass","Plant"
"702","B","1","W","4",192,"Chamber",0,0,"Chamber","Abiotic_Cover"
"703","B","1","W","4",192,"Rock",1,0.520833333333333,"Rock","Abiotic_Cover"
"704","B","1","W","4",192,"Bare",0,0,"Bare_Ground","Abiotic_Cover"
"705","B","2","C","1",268,"ANBR",0,0,"Annual_Forb","Plant"
"706","B","2","C","1",268,"ASAM",0,0,"Annual_Forb","Plant"
"707","B","2","C","1",268,"Bromus",100,37.3134328358209,"Annual_Grass","Plant"
"708","B","2","C","1",268,"CHER",0,0,"Annual_Forb","Plant"
"709","B","2","C","1",268,"CRYPT",0,0,"Annual_Forb","Plant"
"710","B","2","C","1",268,"CYAC",2,0.746268656716418,"Annual_Forb","Plant"
"711","B","2","C","1",268,"DEAN",0,0,"Annual_Forb","Plant"
"712","B","2","C","1",268,"DEPI",1,0.373134328358209,"Annual_Forb","Plant"
"713","B","2","C","1",268,"Dark",5,1.86567164179104,"DkCy","Biocrust"
"714","B","2","C","1",268,"ENFR",0,0,"Annual_Forb","Plant"
"715","B","2","C","1",268,"EPHED",0,0,"Shrub","Plant"
"716","B","2","C","1",268,"EPTO",0,0,"Shrub","Plant"
"717","B","2","C","1",268,"EPVI",0,0,"Shrub","Plant"
"718","B","2","C","1",268,"ERIN",0,0,"Annual_Forb","Plant"
"719","B","2","C","1",268,"FEOC",1,0.373134328358209,"Annual_Grass","Plant"
"720","B","2","C","1",268,"GAPI",1,0.373134328358209,"Annual_Forb","Plant"
"721","B","2","C","1",268,"GIIN",0,0,"Annual_Forb","Plant"
"722","B","2","C","1",268,"GUSA",4,1.49253731343284,"Shrub","Plant"
"723","B","2","C","1",268,"HECO",0,0,"Perennial_Grass","Plant"
"724","B","2","C","1",268,"IPPO",0,0,"Annual_Forb","Plant"
"725","B","2","C","1",268,"KRLA",0,0,"Shrub","Plant"
"726","B","2","C","1",268,"LEMO",0,0,"Annual_Forb","Plant"
"727","B","2","C","1",268,"LEOC",0,0,"Annual_Forb","Plant"
"728","B","2","C","1",268,"LYGR",0,0,"Annual_Forb","Plant"
"729","B","2","C","1",268,"Lichen",3,1.11940298507463,"Lichen","Biocrust"
"730","B","2","C","1",268,"Light",5,1.86567164179104,"LtCy","Biocrust"
"731","B","2","C","1",268,"Litter",99,36.9402985074627,"Litter","Abiotic_Cover"
"732","B","2","C","1",268,"MAAF",0,0,"Annual_Forb","Plant"
"733","B","2","C","1",268,"Moss",23,8.58208955223881,"Moss","Biocrust"
"734","B","2","C","1",268,"OECA",0,0,"Annual_Forb","Plant"
"735","B","2","C","1",268,"OPUNT",0,0,"Cactus","Plant"
"736","B","2","C","1",268,"PHCR",0,0,"Annual_Forb","Plant"
"737","B","2","C","1",268,"PLPA",0,0,"Annual_Forb","Plant"
"738","B","2","C","1",268,"SCWH",0,0,"Cactus","Plant"
"739","B","2","C","1",268,"SPORO",0,0,"Perennial_Grass","Plant"
"740","B","2","C","1",268,"TILA",0,0,"Annual_Forb","Plant"
"741","B","2","C","1",268,"UNK1",0,0,"Annual_Forb","Plant"
"742","B","2","C","1",268,"ATCO",0,0,"Shrub","Plant"
"743","B","2","C","1",268,"HIJA",7,2.61194029850746,"Perennial_Grass","Plant"
"744","B","2","C","1",268,"PlantBase",5,1.86567164179104,"Plant_Base","Plant"
"745","B","2","C","1",268,"ACHY",11,4.1044776119403,"Perennial_Grass","Plant"
"746","B","2","C","1",268,"Chamber",0,0,"Chamber","Abiotic_Cover"
"747","B","2","C","1",268,"Rock",1,0.373134328358209,"Rock","Abiotic_Cover"
"748","B","2","C","1",268,"Bare",0,0,"Bare_Ground","Abiotic_Cover"
"749","B","2","C","2",240,"ANBR",0,0,"Annual_Forb","Plant"
"750","B","2","C","2",240,"ASAM",0,0,"Annual_Forb","Plant"
"751","B","2","C","2",240,"Bromus",91,37.9166666666667,"Annual_Grass","Plant"
"752","B","2","C","2",240,"CHER",0,0,"Annual_Forb","Plant"
"753","B","2","C","2",240,"CRYPT",0,0,"Annual_Forb","Plant"
"754","B","2","C","2",240,"CYAC",0,0,"Annual_Forb","Plant"
"755","B","2","C","2",240,"DEAN",0,0,"Annual_Forb","Plant"
"756","B","2","C","2",240,"DEPI",1,0.416666666666667,"Annual_Forb","Plant"
"757","B","2","C","2",240,"Dark",0,0,"DkCy","Biocrust"
"758","B","2","C","2",240,"ENFR",0,0,"Annual_Forb","Plant"
"759","B","2","C","2",240,"EPHED",0,0,"Shrub","Plant"
"760","B","2","C","2",240,"EPTO",0,0,"Shrub","Plant"
"761","B","2","C","2",240,"EPVI",0,0,"Shrub","Plant"
"762","B","2","C","2",240,"ERIN",0,0,"Annual_Forb","Plant"
"763","B","2","C","2",240,"FEOC",1,0.416666666666667,"Annual_Grass","Plant"
"764","B","2","C","2",240,"GAPI",0,0,"Annual_Forb","Plant"
"765","B","2","C","2",240,"GIIN",0,0,"Annual_Forb","Plant"
"766","B","2","C","2",240,"GUSA",8,3.33333333333333,"Shrub","Plant"
"767","B","2","C","2",240,"HECO",0,0,"Perennial_Grass","Plant"
"768","B","2","C","2",240,"IPPO",0,0,"Annual_Forb","Plant"
"769","B","2","C","2",240,"KRLA",0,0,"Shrub","Plant"
"770","B","2","C","2",240,"LEMO",1,0.416666666666667,"Annual_Forb","Plant"
"771","B","2","C","2",240,"LEOC",0,0,"Annual_Forb","Plant"
"772","B","2","C","2",240,"LYGR",0,0,"Annual_Forb","Plant"
"773","B","2","C","2",240,"Lichen",1,0.416666666666667,"Lichen","Biocrust"
"774","B","2","C","2",240,"Light",9,3.75,"LtCy","Biocrust"
"775","B","2","C","2",240,"Litter",91,37.9166666666667,"Litter","Abiotic_Cover"
"776","B","2","C","2",240,"MAAF",0,0,"Annual_Forb","Plant"
"777","B","2","C","2",240,"Moss",8,3.33333333333333,"Moss","Biocrust"
"778","B","2","C","2",240,"OECA",0,0,"Annual_Forb","Plant"
"779","B","2","C","2",240,"OPUNT",0,0,"Cactus","Plant"
"780","B","2","C","2",240,"PHCR",0,0,"Annual_Forb","Plant"
"781","B","2","C","2",240,"PLPA",0,0,"Annual_Forb","Plant"
"782","B","2","C","2",240,"SCWH",0,0,"Cactus","Plant"
"783","B","2","C","2",240,"SPORO",0,0,"Perennial_Grass","Plant"
"784","B","2","C","2",240,"TILA",0,0,"Annual_Forb","Plant"
"785","B","2","C","2",240,"UNK1",0,0,"Annual_Forb","Plant"
"786","B","2","C","2",240,"ATCO",12,5,"Shrub","Plant"
"787","B","2","C","2",240,"HIJA",0,0,"Perennial_Grass","Plant"
"788","B","2","C","2",240,"PlantBase",3,1.25,"Plant_Base","Plant"
"789","B","2","C","2",240,"ACHY",14,5.83333333333333,"Perennial_Grass","Plant"
"790","B","2","C","2",240,"Chamber",0,0,"Chamber","Abiotic_Cover"
"791","B","2","C","2",240,"Rock",0,0,"Rock","Abiotic_Cover"
"792","B","2","C","2",240,"Bare",0,0,"Bare_Ground","Abiotic_Cover"
"793","B","2","C","3",232,"ANBR",0,0,"Annual_Forb","Plant"
"794","B","2","C","3",232,"ASAM",0,0,"Annual_Forb","Plant"
"795","B","2","C","3",232,"Bromus",67,28.8793103448276,"Annual_Grass","Plant"
"796","B","2","C","3",232,"CHER",0,0,"Annual_Forb","Plant"
"797","B","2","C","3",232,"CRYPT",0,0,"Annual_Forb","Plant"
"798","B","2","C","3",232,"CYAC",0,0,"Annual_Forb","Plant"
"799","B","2","C","3",232,"DEAN",0,0,"Annual_Forb","Plant"
"800","B","2","C","3",232,"DEPI",0,0,"Annual_Forb","Plant"
"801","B","2","C","3",232,"Dark",5,2.1551724137931,"DkCy","Biocrust"
"802","B","2","C","3",232,"ENFR",0,0,"Annual_Forb","Plant"
"803","B","2","C","3",232,"EPHED",0,0,"Shrub","Plant"
"804","B","2","C","3",232,"EPTO",0,0,"Shrub","Plant"
"805","B","2","C","3",232,"EPVI",0,0,"Shrub","Plant"
"806","B","2","C","3",232,"ERIN",0,0,"Annual_Forb","Plant"
"807","B","2","C","3",232,"FEOC",0,0,"Annual_Grass","Plant"
"808","B","2","C","3",232,"GAPI",1,0.431034482758621,"Annual_Forb","Plant"
"809","B","2","C","3",232,"GIIN",2,0.862068965517241,"Annual_Forb","Plant"
"810","B","2","C","3",232,"GUSA",1,0.431034482758621,"Shrub","Plant"
"811","B","2","C","3",232,"HECO",0,0,"Perennial_Grass","Plant"
"812","B","2","C","3",232,"IPPO",0,0,"Annual_Forb","Plant"
"813","B","2","C","3",232,"KRLA",0,0,"Shrub","Plant"
"814","B","2","C","3",232,"LEMO",0,0,"Annual_Forb","Plant"
"815","B","2","C","3",232,"LEOC",0,0,"Annual_Forb","Plant"
"816","B","2","C","3",232,"LYGR",0,0,"Annual_Forb","Plant"
"817","B","2","C","3",232,"Lichen",5,2.1551724137931,"Lichen","Biocrust"
"818","B","2","C","3",232,"Light",8,3.44827586206897,"LtCy","Biocrust"
"819","B","2","C","3",232,"Litter",61,26.2931034482759,"Litter","Abiotic_Cover"
"820","B","2","C","3",232,"MAAF",1,0.431034482758621,"Annual_Forb","Plant"
"821","B","2","C","3",232,"Moss",51,21.9827586206897,"Moss","Biocrust"
"822","B","2","C","3",232,"OECA",0,0,"Annual_Forb","Plant"
"823","B","2","C","3",232,"OPUNT",0,0,"Cactus","Plant"
"824","B","2","C","3",232,"PHCR",0,0,"Annual_Forb","Plant"
"825","B","2","C","3",232,"PLPA",0,0,"Annual_Forb","Plant"
"826","B","2","C","3",232,"SCWH",0,0,"Cactus","Plant"
"827","B","2","C","3",232,"SPORO",0,0,"Perennial_Grass","Plant"
"828","B","2","C","3",232,"TILA",0,0,"Annual_Forb","Plant"
"829","B","2","C","3",232,"UNK1",0,0,"Annual_Forb","Plant"
"830","B","2","C","3",232,"ATCO",0,0,"Shrub","Plant"
"831","B","2","C","3",232,"HIJA",1,0.431034482758621,"Perennial_Grass","Plant"
"832","B","2","C","3",232,"PlantBase",4,1.72413793103448,"Plant_Base","Plant"
"833","B","2","C","3",232,"ACHY",15,6.46551724137931,"Perennial_Grass","Plant"
"834","B","2","C","3",232,"Chamber",10,4.31034482758621,"Chamber","Abiotic_Cover"
"835","B","2","C","3",232,"Rock",0,0,"Rock","Abiotic_Cover"
"836","B","2","C","3",232,"Bare",0,0,"Bare_Ground","Abiotic_Cover"
"837","B","2","C","4",240,"ANBR",0,0,"Annual_Forb","Plant"
"838","B","2","C","4",240,"ASAM",0,0,"Annual_Forb","Plant"
"839","B","2","C","4",240,"Bromus",66,27.5,"Annual_Grass","Plant"
"840","B","2","C","4",240,"CHER",0,0,"Annual_Forb","Plant"
"841","B","2","C","4",240,"CRYPT",0,0,"Annual_Forb","Plant"
"842","B","2","C","4",240,"CYAC",0,0,"Annual_Forb","Plant"
"843","B","2","C","4",240,"DEAN",0,0,"Annual_Forb","Plant"
"844","B","2","C","4",240,"DEPI",0,0,"Annual_Forb","Plant"
"845","B","2","C","4",240,"Dark",9,3.75,"DkCy","Biocrust"
"846","B","2","C","4",240,"ENFR",0,0,"Annual_Forb","Plant"
"847","B","2","C","4",240,"EPHED",0,0,"Shrub","Plant"
"848","B","2","C","4",240,"EPTO",0,0,"Shrub","Plant"
"849","B","2","C","4",240,"EPVI",0,0,"Shrub","Plant"
"850","B","2","C","4",240,"ERIN",0,0,"Annual_Forb","Plant"
"851","B","2","C","4",240,"FEOC",0,0,"Annual_Grass","Plant"
"852","B","2","C","4",240,"GAPI",0,0,"Annual_Forb","Plant"
"853","B","2","C","4",240,"GIIN",0,0,"Annual_Forb","Plant"
"854","B","2","C","4",240,"GUSA",13,5.41666666666667,"Shrub","Plant"
"855","B","2","C","4",240,"HECO",0,0,"Perennial_Grass","Plant"
"856","B","2","C","4",240,"IPPO",0,0,"Annual_Forb","Plant"
"857","B","2","C","4",240,"KRLA",0,0,"Shrub","Plant"
"858","B","2","C","4",240,"LEMO",0,0,"Annual_Forb","Plant"
"859","B","2","C","4",240,"LEOC",0,0,"Annual_Forb","Plant"
"860","B","2","C","4",240,"LYGR",0,0,"Annual_Forb","Plant"
"861","B","2","C","4",240,"Lichen",3,1.25,"Lichen","Biocrust"
"862","B","2","C","4",240,"Light",24,10,"LtCy","Biocrust"
"863","B","2","C","4",240,"Litter",85,35.4166666666667,"Litter","Abiotic_Cover"
"864","B","2","C","4",240,"MAAF",0,0,"Annual_Forb","Plant"
"865","B","2","C","4",240,"Moss",7,2.91666666666667,"Moss","Biocrust"
"866","B","2","C","4",240,"OECA",0,0,"Annual_Forb","Plant"
"867","B","2","C","4",240,"OPUNT",0,0,"Cactus","Plant"
"868","B","2","C","4",240,"PHCR",0,0,"Annual_Forb","Plant"
"869","B","2","C","4",240,"PLPA",0,0,"Annual_Forb","Plant"
"870","B","2","C","4",240,"SCWH",0,0,"Cactus","Plant"
"871","B","2","C","4",240,"SPORO",0,0,"Perennial_Grass","Plant"
"872","B","2","C","4",240,"TILA",0,0,"Annual_Forb","Plant"
"873","B","2","C","4",240,"UNK1",0,0,"Annual_Forb","Plant"
"874","B","2","C","4",240,"ATCO",17,7.08333333333333,"Shrub","Plant"
"875","B","2","C","4",240,"HIJA",0,0,"Perennial_Grass","Plant"
"876","B","2","C","4",240,"PlantBase",4,1.66666666666667,"Plant_Base","Plant"
"877","B","2","C","4",240,"ACHY",12,5,"Perennial_Grass","Plant"
"878","B","2","C","4",240,"Chamber",0,0,"Chamber","Abiotic_Cover"
"879","B","2","C","4",240,"Rock",0,0,"Rock","Abiotic_Cover"
"880","B","2","C","4",240,"Bare",0,0,"Bare_Ground","Abiotic_Cover"
"881","B","2","L","1",175,"ANBR",0,0,"Annual_Forb","Plant"
"882","B","2","L","1",175,"ASAM",0,0,"Annual_Forb","Plant"
"883","B","2","L","1",175,"Bromus",38,21.7142857142857,"Annual_Grass","Plant"
"884","B","2","L","1",175,"CHER",0,0,"Annual_Forb","Plant"
"885","B","2","L","1",175,"CRYPT",0,0,"Annual_Forb","Plant"
"886","B","2","L","1",175,"CYAC",0,0,"Annual_Forb","Plant"
"887","B","2","L","1",175,"DEAN",0,0,"Annual_Forb","Plant"
"888","B","2","L","1",175,"DEPI",0,0,"Annual_Forb","Plant"
"889","B","2","L","1",175,"Dark",3,1.71428571428571,"DkCy","Biocrust"
"890","B","2","L","1",175,"ENFR",0,0,"Annual_Forb","Plant"
"891","B","2","L","1",175,"EPHED",0,0,"Shrub","Plant"
"892","B","2","L","1",175,"EPTO",0,0,"Shrub","Plant"
"893","B","2","L","1",175,"EPVI",0,0,"Shrub","Plant"
"894","B","2","L","1",175,"ERIN",0,0,"Annual_Forb","Plant"
"895","B","2","L","1",175,"FEOC",0,0,"Annual_Grass","Plant"
"896","B","2","L","1",175,"GAPI",1,0.571428571428571,"Annual_Forb","Plant"
"897","B","2","L","1",175,"GIIN",1,0.571428571428571,"Annual_Forb","Plant"
"898","B","2","L","1",175,"GUSA",10,5.71428571428571,"Shrub","Plant"
"899","B","2","L","1",175,"HECO",0,0,"Perennial_Grass","Plant"
"900","B","2","L","1",175,"IPPO",1,0.571428571428571,"Annual_Forb","Plant"
"901","B","2","L","1",175,"KRLA",0,0,"Shrub","Plant"
"902","B","2","L","1",175,"LEMO",1,0.571428571428571,"Annual_Forb","Plant"
"903","B","2","L","1",175,"LEOC",0,0,"Annual_Forb","Plant"
"904","B","2","L","1",175,"LYGR",0,0,"Annual_Forb","Plant"
"905","B","2","L","1",175,"Lichen",1,0.571428571428571,"Lichen","Biocrust"
"906","B","2","L","1",175,"Light",25,14.2857142857143,"LtCy","Biocrust"
"907","B","2","L","1",175,"Litter",61,34.8571428571429,"Litter","Abiotic_Cover"
"908","B","2","L","1",175,"MAAF",0,0,"Annual_Forb","Plant"
"909","B","2","L","1",175,"Moss",9,5.14285714285714,"Moss","Biocrust"
"910","B","2","L","1",175,"OECA",0,0,"Annual_Forb","Plant"
"911","B","2","L","1",175,"OPUNT",0,0,"Cactus","Plant"
"912","B","2","L","1",175,"PHCR",0,0,"Annual_Forb","Plant"
"913","B","2","L","1",175,"PLPA",0,0,"Annual_Forb","Plant"
"914","B","2","L","1",175,"SCWH",0,0,"Cactus","Plant"
"915","B","2","L","1",175,"SPORO",0,0,"Perennial_Grass","Plant"
"916","B","2","L","1",175,"TILA",8,4.57142857142857,"Annual_Forb","Plant"
"917","B","2","L","1",175,"UNK1",0,0,"Annual_Forb","Plant"
"918","B","2","L","1",175,"ATCO",0,0,"Shrub","Plant"
"919","B","2","L","1",175,"HIJA",0,0,"Perennial_Grass","Plant"
"920","B","2","L","1",175,"PlantBase",1,0.571428571428571,"Plant_Base","Plant"
"921","B","2","L","1",175,"ACHY",5,2.85714285714286,"Perennial_Grass","Plant"
"922","B","2","L","1",175,"Chamber",0,0,"Chamber","Abiotic_Cover"
"923","B","2","L","1",175,"Rock",10,5.71428571428571,"Rock","Abiotic_Cover"
"924","B","2","L","1",175,"Bare",0,0,"Bare_Ground","Abiotic_Cover"
"925","B","2","L","2",191,"ANBR",0,0,"Annual_Forb","Plant"
"926","B","2","L","2",191,"ASAM",0,0,"Annual_Forb","Plant"
"927","B","2","L","2",191,"Bromus",60,31.413612565445,"Annual_Grass","Plant"
"928","B","2","L","2",191,"CHER",0,0,"Annual_Forb","Plant"
"929","B","2","L","2",191,"CRYPT",0,0,"Annual_Forb","Plant"
"930","B","2","L","2",191,"CYAC",0,0,"Annual_Forb","Plant"
"931","B","2","L","2",191,"DEAN",0,0,"Annual_Forb","Plant"
"932","B","2","L","2",191,"DEPI",1,0.523560209424084,"Annual_Forb","Plant"
"933","B","2","L","2",191,"Dark",2,1.04712041884817,"DkCy","Biocrust"
"934","B","2","L","2",191,"ENFR",0,0,"Annual_Forb","Plant"
"935","B","2","L","2",191,"EPHED",0,0,"Shrub","Plant"
"936","B","2","L","2",191,"EPTO",0,0,"Shrub","Plant"
"937","B","2","L","2",191,"EPVI",0,0,"Shrub","Plant"
"938","B","2","L","2",191,"ERIN",0,0,"Annual_Forb","Plant"
"939","B","2","L","2",191,"FEOC",0,0,"Annual_Grass","Plant"
"940","B","2","L","2",191,"GAPI",2,1.04712041884817,"Annual_Forb","Plant"
"941","B","2","L","2",191,"GIIN",0,0,"Annual_Forb","Plant"
"942","B","2","L","2",191,"GUSA",18,9.42408376963351,"Shrub","Plant"
"943","B","2","L","2",191,"HECO",0,0,"Perennial_Grass","Plant"
"944","B","2","L","2",191,"IPPO",0,0,"Annual_Forb","Plant"
"945","B","2","L","2",191,"KRLA",0,0,"Shrub","Plant"
"946","B","2","L","2",191,"LEMO",0,0,"Annual_Forb","Plant"
"947","B","2","L","2",191,"LEOC",0,0,"Annual_Forb","Plant"
"948","B","2","L","2",191,"LYGR",0,0,"Annual_Forb","Plant"
"949","B","2","L","2",191,"Lichen",0,0,"Lichen","Biocrust"
"950","B","2","L","2",191,"Light",28,14.6596858638743,"LtCy","Biocrust"
"951","B","2","L","2",191,"Litter",73,38.2198952879581,"Litter","Abiotic_Cover"
"952","B","2","L","2",191,"MAAF",0,0,"Annual_Forb","Plant"
"953","B","2","L","2",191,"Moss",2,1.04712041884817,"Moss","Biocrust"
"954","B","2","L","2",191,"OECA",0,0,"Annual_Forb","Plant"
"955","B","2","L","2",191,"OPUNT",0,0,"Cactus","Plant"
"956","B","2","L","2",191,"PHCR",0,0,"Annual_Forb","Plant"
"957","B","2","L","2",191,"PLPA",0,0,"Annual_Forb","Plant"
"958","B","2","L","2",191,"SCWH",0,0,"Cactus","Plant"
"959","B","2","L","2",191,"SPORO",0,0,"Perennial_Grass","Plant"
"960","B","2","L","2",191,"TILA",0,0,"Annual_Forb","Plant"
"961","B","2","L","2",191,"UNK1",0,0,"Annual_Forb","Plant"
"962","B","2","L","2",191,"ATCO",0,0,"Shrub","Plant"
"963","B","2","L","2",191,"HIJA",0,0,"Perennial_Grass","Plant"
"964","B","2","L","2",191,"PlantBase",2,1.04712041884817,"Plant_Base","Plant"
"965","B","2","L","2",191,"ACHY",0,0,"Perennial_Grass","Plant"
"966","B","2","L","2",191,"Chamber",0,0,"Chamber","Abiotic_Cover"
"967","B","2","L","2",191,"Rock",3,1.57068062827225,"Rock","Abiotic_Cover"
"968","B","2","L","2",191,"Bare",0,0,"Bare_Ground","Abiotic_Cover"
"969","B","2","L","3",188,"ANBR",0,0,"Annual_Forb","Plant"
"970","B","2","L","3",188,"ASAM",0,0,"Annual_Forb","Plant"
"971","B","2","L","3",188,"Bromus",46,24.468085106383,"Annual_Grass","Plant"
"972","B","2","L","3",188,"CHER",0,0,"Annual_Forb","Plant"
"973","B","2","L","3",188,"CRYPT",0,0,"Annual_Forb","Plant"
"974","B","2","L","3",188,"CYAC",0,0,"Annual_Forb","Plant"
"975","B","2","L","3",188,"DEAN",0,0,"Annual_Forb","Plant"
"976","B","2","L","3",188,"DEPI",0,0,"Annual_Forb","Plant"
"977","B","2","L","3",188,"Dark",3,1.59574468085106,"DkCy","Biocrust"
"978","B","2","L","3",188,"ENFR",0,0,"Annual_Forb","Plant"
"979","B","2","L","3",188,"EPHED",0,0,"Shrub","Plant"
"980","B","2","L","3",188,"EPTO",0,0,"Shrub","Plant"
"981","B","2","L","3",188,"EPVI",0,0,"Shrub","Plant"
"982","B","2","L","3",188,"ERIN",0,0,"Annual_Forb","Plant"
"983","B","2","L","3",188,"FEOC",0,0,"Annual_Grass","Plant"
"984","B","2","L","3",188,"GAPI",6,3.19148936170213,"Annual_Forb","Plant"
"985","B","2","L","3",188,"GIIN",0,0,"Annual_Forb","Plant"
"986","B","2","L","3",188,"GUSA",7,3.72340425531915,"Shrub","Plant"
"987","B","2","L","3",188,"HECO",0,0,"Perennial_Grass","Plant"
"988","B","2","L","3",188,"IPPO",0,0,"Annual_Forb","Plant"
"989","B","2","L","3",188,"KRLA",0,0,"Shrub","Plant"
"990","B","2","L","3",188,"LEMO",0,0,"Annual_Forb","Plant"
"991","B","2","L","3",188,"LEOC",0,0,"Annual_Forb","Plant"
"992","B","2","L","3",188,"LYGR",0,0,"Annual_Forb","Plant"
"993","B","2","L","3",188,"Lichen",2,1.06382978723404,"Lichen","Biocrust"
"994","B","2","L","3",188,"Light",35,18.6170212765957,"LtCy","Biocrust"
"995","B","2","L","3",188,"Litter",47,25,"Litter","Abiotic_Cover"
"996","B","2","L","3",188,"MAAF",0,0,"Annual_Forb","Plant"
"997","B","2","L","3",188,"Moss",11,5.85106382978723,"Moss","Biocrust"
"998","B","2","L","3",188,"OECA",0,0,"Annual_Forb","Plant"
"999","B","2","L","3",188,"OPUNT",0,0,"Cactus","Plant"
"1000","B","2","L","3",188,"PHCR",0,0,"Annual_Forb","Plant"
"1001","B","2","L","3",188,"PLPA",0,0,"Annual_Forb","Plant"
"1002","B","2","L","3",188,"SCWH",0,0,"Cactus","Plant"
"1003","B","2","L","3",188,"SPORO",0,0,"Perennial_Grass","Plant"
"1004","B","2","L","3",188,"TILA",0,0,"Annual_Forb","Plant"
"1005","B","2","L","3",188,"UNK1",0,0,"Annual_Forb","Plant"
"1006","B","2","L","3",188,"ATCO",0,0,"Shrub","Plant"
"1007","B","2","L","3",188,"HIJA",7,3.72340425531915,"Perennial_Grass","Plant"
"1008","B","2","L","3",188,"PlantBase",8,4.25531914893617,"Plant_Base","Plant"
"1009","B","2","L","3",188,"ACHY",0,0,"Perennial_Grass","Plant"
"1010","B","2","L","3",188,"Chamber",10,5.31914893617021,"Chamber","Abiotic_Cover"
"1011","B","2","L","3",188,"Rock",6,3.19148936170213,"Rock","Abiotic_Cover"
"1012","B","2","L","3",188,"Bare",0,0,"Bare_Ground","Abiotic_Cover"
"1013","B","2","L","4",195,"ANBR",0,0,"Annual_Forb","Plant"
"1014","B","2","L","4",195,"ASAM",0,0,"Annual_Forb","Plant"
"1015","B","2","L","4",195,"Bromus",51,26.1538461538462,"Annual_Grass","Plant"
"1016","B","2","L","4",195,"CHER",0,0,"Annual_Forb","Plant"
"1017","B","2","L","4",195,"CRYPT",0,0,"Annual_Forb","Plant"
"1018","B","2","L","4",195,"CYAC",0,0,"Annual_Forb","Plant"
"1019","B","2","L","4",195,"DEAN",1,0.512820512820513,"Annual_Forb","Plant"
"1020","B","2","L","4",195,"DEPI",1,0.512820512820513,"Annual_Forb","Plant"
"1021","B","2","L","4",195,"Dark",5,2.56410256410256,"DkCy","Biocrust"
"1022","B","2","L","4",195,"ENFR",0,0,"Annual_Forb","Plant"
"1023","B","2","L","4",195,"EPHED",0,0,"Shrub","Plant"
"1024","B","2","L","4",195,"EPTO",0,0,"Shrub","Plant"
"1025","B","2","L","4",195,"EPVI",0,0,"Shrub","Plant"
"1026","B","2","L","4",195,"ERIN",0,0,"Annual_Forb","Plant"
"1027","B","2","L","4",195,"FEOC",0,0,"Annual_Grass","Plant"
"1028","B","2","L","4",195,"GAPI",4,2.05128205128205,"Annual_Forb","Plant"
"1029","B","2","L","4",195,"GIIN",0,0,"Annual_Forb","Plant"
"1030","B","2","L","4",195,"GUSA",2,1.02564102564103,"Shrub","Plant"
"1031","B","2","L","4",195,"HECO",0,0,"Perennial_Grass","Plant"
"1032","B","2","L","4",195,"IPPO",0,0,"Annual_Forb","Plant"
"1033","B","2","L","4",195,"KRLA",0,0,"Shrub","Plant"
"1034","B","2","L","4",195,"LEMO",0,0,"Annual_Forb","Plant"
"1035","B","2","L","4",195,"LEOC",1,0.512820512820513,"Annual_Forb","Plant"
"1036","B","2","L","4",195,"LYGR",0,0,"Annual_Forb","Plant"
"1037","B","2","L","4",195,"Lichen",1,0.512820512820513,"Lichen","Biocrust"
"1038","B","2","L","4",195,"Light",45,23.0769230769231,"LtCy","Biocrust"
"1039","B","2","L","4",195,"Litter",42,21.5384615384615,"Litter","Abiotic_Cover"
"1040","B","2","L","4",195,"MAAF",0,0,"Annual_Forb","Plant"
"1041","B","2","L","4",195,"Moss",3,1.53846153846154,"Moss","Biocrust"
"1042","B","2","L","4",195,"OECA",0,0,"Annual_Forb","Plant"
"1043","B","2","L","4",195,"OPUNT",0,0,"Cactus","Plant"
"1044","B","2","L","4",195,"PHCR",0,0,"Annual_Forb","Plant"
"1045","B","2","L","4",195,"PLPA",0,0,"Annual_Forb","Plant"
"1046","B","2","L","4",195,"SCWH",0,0,"Cactus","Plant"
"1047","B","2","L","4",195,"SPORO",0,0,"Perennial_Grass","Plant"
"1048","B","2","L","4",195,"TILA",0,0,"Annual_Forb","Plant"
"1049","B","2","L","4",195,"UNK1",0,0,"Annual_Forb","Plant"
"1050","B","2","L","4",195,"ATCO",0,0,"Shrub","Plant"
"1051","B","2","L","4",195,"HIJA",0,0,"Perennial_Grass","Plant"
"1052","B","2","L","4",195,"PlantBase",7,3.58974358974359,"Plant_Base","Plant"
"1053","B","2","L","4",195,"ACHY",11,5.64102564102564,"Perennial_Grass","Plant"
"1054","B","2","L","4",195,"Chamber",3,1.53846153846154,"Chamber","Abiotic_Cover"
"1055","B","2","L","4",195,"Rock",14,7.17948717948718,"Rock","Abiotic_Cover"
"1056","B","2","L","4",195,"Bare",4,2.05128205128205,"Bare_Ground","Abiotic_Cover"
"1057","B","2","LW","1",176,"ANBR",0,0,"Annual_Forb","Plant"
"1058","B","2","LW","1",176,"ASAM",1,0.568181818181818,"Annual_Forb","Plant"
"1059","B","2","LW","1",176,"Bromus",35,19.8863636363636,"Annual_Grass","Plant"
"1060","B","2","LW","1",176,"CHER",0,0,"Annual_Forb","Plant"
"1061","B","2","LW","1",176,"CRYPT",0,0,"Annual_Forb","Plant"
"1062","B","2","LW","1",176,"CYAC",0,0,"Annual_Forb","Plant"
"1063","B","2","LW","1",176,"DEAN",0,0,"Annual_Forb","Plant"
"1064","B","2","LW","1",176,"DEPI",3,1.70454545454545,"Annual_Forb","Plant"
"1065","B","2","LW","1",176,"Dark",13,7.38636363636364,"DkCy","Biocrust"
"1066","B","2","LW","1",176,"ENFR",0,0,"Annual_Forb","Plant"
"1067","B","2","LW","1",176,"EPHED",0,0,"Shrub","Plant"
"1068","B","2","LW","1",176,"EPTO",0,0,"Shrub","Plant"
"1069","B","2","LW","1",176,"EPVI",0,0,"Shrub","Plant"
"1070","B","2","LW","1",176,"ERIN",0,0,"Annual_Forb","Plant"
"1071","B","2","LW","1",176,"FEOC",0,0,"Annual_Grass","Plant"
"1072","B","2","LW","1",176,"GAPI",6,3.40909090909091,"Annual_Forb","Plant"
"1073","B","2","LW","1",176,"GIIN",0,0,"Annual_Forb","Plant"
"1074","B","2","LW","1",176,"GUSA",6,3.40909090909091,"Shrub","Plant"
"1075","B","2","LW","1",176,"HECO",0,0,"Perennial_Grass","Plant"
"1076","B","2","LW","1",176,"IPPO",4,2.27272727272727,"Annual_Forb","Plant"
"1077","B","2","LW","1",176,"KRLA",0,0,"Shrub","Plant"
"1078","B","2","LW","1",176,"LEMO",7,3.97727272727273,"Annual_Forb","Plant"
"1079","B","2","LW","1",176,"LEOC",0,0,"Annual_Forb","Plant"
"1080","B","2","LW","1",176,"LYGR",0,0,"Annual_Forb","Plant"
"1081","B","2","LW","1",176,"Lichen",1,0.568181818181818,"Lichen","Biocrust"
"1082","B","2","LW","1",176,"Light",43,24.4318181818182,"LtCy","Biocrust"
"1083","B","2","LW","1",176,"Litter",45,25.5681818181818,"Litter","Abiotic_Cover"
"1084","B","2","LW","1",176,"MAAF",0,0,"Annual_Forb","Plant"
"1085","B","2","LW","1",176,"Moss",2,1.13636363636364,"Moss","Biocrust"
"1086","B","2","LW","1",176,"OECA",0,0,"Annual_Forb","Plant"
"1087","B","2","LW","1",176,"OPUNT",0,0,"Cactus","Plant"
"1088","B","2","LW","1",176,"PHCR",0,0,"Annual_Forb","Plant"
"1089","B","2","LW","1",176,"PLPA",0,0,"Annual_Forb","Plant"
"1090","B","2","LW","1",176,"SCWH",0,0,"Cactus","Plant"
"1091","B","2","LW","1",176,"SPORO",0,0,"Perennial_Grass","Plant"
"1092","B","2","LW","1",176,"TILA",0,0,"Annual_Forb","Plant"
"1093","B","2","LW","1",176,"UNK1",0,0,"Annual_Forb","Plant"
"1094","B","2","LW","1",176,"ATCO",1,0.568181818181818,"Shrub","Plant"
"1095","B","2","LW","1",176,"HIJA",1,0.568181818181818,"Perennial_Grass","Plant"
"1096","B","2","LW","1",176,"PlantBase",2,1.13636363636364,"Plant_Base","Plant"
"1097","B","2","LW","1",176,"ACHY",0,0,"Perennial_Grass","Plant"
"1098","B","2","LW","1",176,"Chamber",0,0,"Chamber","Abiotic_Cover"
"1099","B","2","LW","1",176,"Rock",6,3.40909090909091,"Rock","Abiotic_Cover"
"1100","B","2","LW","1",176,"Bare",0,0,"Bare_Ground","Abiotic_Cover"
"1101","B","2","LW","2",195,"ANBR",0,0,"Annual_Forb","Plant"
"1102","B","2","LW","2",195,"ASAM",0,0,"Annual_Forb","Plant"
"1103","B","2","LW","2",195,"Bromus",58,29.7435897435897,"Annual_Grass","Plant"
"1104","B","2","LW","2",195,"CHER",0,0,"Annual_Forb","Plant"
"1105","B","2","LW","2",195,"CRYPT",0,0,"Annual_Forb","Plant"
"1106","B","2","LW","2",195,"CYAC",0,0,"Annual_Forb","Plant"
"1107","B","2","LW","2",195,"DEAN",0,0,"Annual_Forb","Plant"
"1108","B","2","LW","2",195,"DEPI",1,0.512820512820513,"Annual_Forb","Plant"
"1109","B","2","LW","2",195,"Dark",0,0,"DkCy","Biocrust"
"1110","B","2","LW","2",195,"ENFR",0,0,"Annual_Forb","Plant"
"1111","B","2","LW","2",195,"EPHED",0,0,"Shrub","Plant"
"1112","B","2","LW","2",195,"EPTO",0,0,"Shrub","Plant"
"1113","B","2","LW","2",195,"EPVI",0,0,"Shrub","Plant"
"1114","B","2","LW","2",195,"ERIN",0,0,"Annual_Forb","Plant"
"1115","B","2","LW","2",195,"FEOC",0,0,"Annual_Grass","Plant"
"1116","B","2","LW","2",195,"GAPI",6,3.07692307692308,"Annual_Forb","Plant"
"1117","B","2","LW","2",195,"GIIN",0,0,"Annual_Forb","Plant"
"1118","B","2","LW","2",195,"GUSA",0,0,"Shrub","Plant"
"1119","B","2","LW","2",195,"HECO",0,0,"Perennial_Grass","Plant"
"1120","B","2","LW","2",195,"IPPO",0,0,"Annual_Forb","Plant"
"1121","B","2","LW","2",195,"KRLA",0,0,"Shrub","Plant"
"1122","B","2","LW","2",195,"LEMO",0,0,"Annual_Forb","Plant"
"1123","B","2","LW","2",195,"LEOC",0,0,"Annual_Forb","Plant"
"1124","B","2","LW","2",195,"LYGR",0,0,"Annual_Forb","Plant"
"1125","B","2","LW","2",195,"Lichen",0,0,"Lichen","Biocrust"
"1126","B","2","LW","2",195,"Light",36,18.4615384615385,"LtCy","Biocrust"
"1127","B","2","LW","2",195,"Litter",56,28.7179487179487,"Litter","Abiotic_Cover"
"1128","B","2","LW","2",195,"MAAF",0,0,"Annual_Forb","Plant"
"1129","B","2","LW","2",195,"Moss",0,0,"Moss","Biocrust"
"1130","B","2","LW","2",195,"OECA",0,0,"Annual_Forb","Plant"
"1131","B","2","LW","2",195,"OPUNT",0,0,"Cactus","Plant"
"1132","B","2","LW","2",195,"PHCR",0,0,"Annual_Forb","Plant"
"1133","B","2","LW","2",195,"PLPA",0,0,"Annual_Forb","Plant"
"1134","B","2","LW","2",195,"SCWH",7,3.58974358974359,"Cactus","Plant"
"1135","B","2","LW","2",195,"SPORO",0,0,"Perennial_Grass","Plant"
"1136","B","2","LW","2",195,"TILA",0,0,"Annual_Forb","Plant"
"1137","B","2","LW","2",195,"UNK1",0,0,"Annual_Forb","Plant"
"1138","B","2","LW","2",195,"ATCO",10,5.12820512820513,"Shrub","Plant"
"1139","B","2","LW","2",195,"HIJA",3,1.53846153846154,"Perennial_Grass","Plant"
"1140","B","2","LW","2",195,"PlantBase",9,4.61538461538462,"Plant_Base","Plant"
"1141","B","2","LW","2",195,"ACHY",0,0,"Perennial_Grass","Plant"
"1142","B","2","LW","2",195,"Chamber",0,0,"Chamber","Abiotic_Cover"
"1143","B","2","LW","2",195,"Rock",8,4.1025641025641,"Rock","Abiotic_Cover"
"1144","B","2","LW","2",195,"Bare",1,0.512820512820513,"Bare_Ground","Abiotic_Cover"
"1145","B","2","LW","3",193,"ANBR",0,0,"Annual_Forb","Plant"
"1146","B","2","LW","3",193,"ASAM",1,0.518134715025907,"Annual_Forb","Plant"
"1147","B","2","LW","3",193,"Bromus",43,22.279792746114,"Annual_Grass","Plant"
"1148","B","2","LW","3",193,"CHER",0,0,"Annual_Forb","Plant"
"1149","B","2","LW","3",193,"CRYPT",0,0,"Annual_Forb","Plant"
"1150","B","2","LW","3",193,"CYAC",0,0,"Annual_Forb","Plant"
"1151","B","2","LW","3",193,"DEAN",0,0,"Annual_Forb","Plant"
"1152","B","2","LW","3",193,"DEPI",3,1.55440414507772,"Annual_Forb","Plant"
"1153","B","2","LW","3",193,"Dark",2,1.03626943005181,"DkCy","Biocrust"
"1154","B","2","LW","3",193,"ENFR",0,0,"Annual_Forb","Plant"
"1155","B","2","LW","3",193,"EPHED",0,0,"Shrub","Plant"
"1156","B","2","LW","3",193,"EPTO",0,0,"Shrub","Plant"
"1157","B","2","LW","3",193,"EPVI",0,0,"Shrub","Plant"
"1158","B","2","LW","3",193,"ERIN",0,0,"Annual_Forb","Plant"
"1159","B","2","LW","3",193,"FEOC",0,0,"Annual_Grass","Plant"
"1160","B","2","LW","3",193,"GAPI",8,4.14507772020725,"Annual_Forb","Plant"
"1161","B","2","LW","3",193,"GIIN",1,0.518134715025907,"Annual_Forb","Plant"
"1162","B","2","LW","3",193,"GUSA",0,0,"Shrub","Plant"
"1163","B","2","LW","3",193,"HECO",0,0,"Perennial_Grass","Plant"
"1164","B","2","LW","3",193,"IPPO",0,0,"Annual_Forb","Plant"
"1165","B","2","LW","3",193,"KRLA",0,0,"Shrub","Plant"
"1166","B","2","LW","3",193,"LEMO",2,1.03626943005181,"Annual_Forb","Plant"
"1167","B","2","LW","3",193,"LEOC",0,0,"Annual_Forb","Plant"
"1168","B","2","LW","3",193,"LYGR",0,0,"Annual_Forb","Plant"
"1169","B","2","LW","3",193,"Lichen",0,0,"Lichen","Biocrust"
"1170","B","2","LW","3",193,"Light",69,35.7512953367876,"LtCy","Biocrust"
"1171","B","2","LW","3",193,"Litter",37,19.1709844559585,"Litter","Abiotic_Cover"
"1172","B","2","LW","3",193,"MAAF",0,0,"Annual_Forb","Plant"
"1173","B","2","LW","3",193,"Moss",0,0,"Moss","Biocrust"
"1174","B","2","LW","3",193,"OECA",0,0,"Annual_Forb","Plant"
"1175","B","2","LW","3",193,"OPUNT",0,0,"Cactus","Plant"
"1176","B","2","LW","3",193,"PHCR",0,0,"Annual_Forb","Plant"
"1177","B","2","LW","3",193,"PLPA",0,0,"Annual_Forb","Plant"
"1178","B","2","LW","3",193,"SCWH",0,0,"Cactus","Plant"
"1179","B","2","LW","3",193,"SPORO",0,0,"Perennial_Grass","Plant"
"1180","B","2","LW","3",193,"TILA",0,0,"Annual_Forb","Plant"
"1181","B","2","LW","3",193,"UNK1",0,0,"Annual_Forb","Plant"
"1182","B","2","LW","3",193,"ATCO",4,2.07253886010363,"Shrub","Plant"
"1183","B","2","LW","3",193,"HIJA",1,0.518134715025907,"Perennial_Grass","Plant"
"1184","B","2","LW","3",193,"PlantBase",2,1.03626943005181,"Plant_Base","Plant"
"1185","B","2","LW","3",193,"ACHY",0,0,"Perennial_Grass","Plant"
"1186","B","2","LW","3",193,"Chamber",8,4.14507772020725,"Chamber","Abiotic_Cover"
"1187","B","2","LW","3",193,"Rock",11,5.69948186528497,"Rock","Abiotic_Cover"
"1188","B","2","LW","3",193,"Bare",1,0.518134715025907,"Bare_Ground","Abiotic_Cover"
"1189","B","2","LW","4",219,"ANBR",0,0,"Annual_Forb","Plant"
"1190","B","2","LW","4",219,"ASAM",1,0.45662100456621,"Annual_Forb","Plant"
"1191","B","2","LW","4",219,"Bromus",53,24.2009132420091,"Annual_Grass","Plant"
"1192","B","2","LW","4",219,"CHER",0,0,"Annual_Forb","Plant"
"1193","B","2","LW","4",219,"CRYPT",0,0,"Annual_Forb","Plant"
"1194","B","2","LW","4",219,"CYAC",1,0.45662100456621,"Annual_Forb","Plant"
"1195","B","2","LW","4",219,"DEAN",0,0,"Annual_Forb","Plant"
"1196","B","2","LW","4",219,"DEPI",1,0.45662100456621,"Annual_Forb","Plant"
"1197","B","2","LW","4",219,"Dark",1,0.45662100456621,"DkCy","Biocrust"
"1198","B","2","LW","4",219,"ENFR",0,0,"Annual_Forb","Plant"
"1199","B","2","LW","4",219,"EPHED",0,0,"Shrub","Plant"
"1200","B","2","LW","4",219,"EPTO",0,0,"Shrub","Plant"
"1201","B","2","LW","4",219,"EPVI",0,0,"Shrub","Plant"
"1202","B","2","LW","4",219,"ERIN",0,0,"Annual_Forb","Plant"
"1203","B","2","LW","4",219,"FEOC",2,0.91324200913242,"Annual_Grass","Plant"
"1204","B","2","LW","4",219,"GAPI",6,2.73972602739726,"Annual_Forb","Plant"
"1205","B","2","LW","4",219,"GIIN",0,0,"Annual_Forb","Plant"
"1206","B","2","LW","4",219,"GUSA",0,0,"Shrub","Plant"
"1207","B","2","LW","4",219,"HECO",0,0,"Perennial_Grass","Plant"
"1208","B","2","LW","4",219,"IPPO",0,0,"Annual_Forb","Plant"
"1209","B","2","LW","4",219,"KRLA",0,0,"Shrub","Plant"
"1210","B","2","LW","4",219,"LEMO",2,0.91324200913242,"Annual_Forb","Plant"
"1211","B","2","LW","4",219,"LEOC",0,0,"Annual_Forb","Plant"
"1212","B","2","LW","4",219,"LYGR",0,0,"Annual_Forb","Plant"
"1213","B","2","LW","4",219,"Lichen",1,0.45662100456621,"Lichen","Biocrust"
"1214","B","2","LW","4",219,"Light",62,28.310502283105,"LtCy","Biocrust"
"1215","B","2","LW","4",219,"Litter",50,22.8310502283105,"Litter","Abiotic_Cover"
"1216","B","2","LW","4",219,"MAAF",0,0,"Annual_Forb","Plant"
"1217","B","2","LW","4",219,"Moss",0,0,"Moss","Biocrust"
"1218","B","2","LW","4",219,"OECA",6,2.73972602739726,"Annual_Forb","Plant"
"1219","B","2","LW","4",219,"OPUNT",0,0,"Cactus","Plant"
"1220","B","2","LW","4",219,"PHCR",0,0,"Annual_Forb","Plant"
"1221","B","2","LW","4",219,"PLPA",0,0,"Annual_Forb","Plant"
"1222","B","2","LW","4",219,"SCWH",0,0,"Cactus","Plant"
"1223","B","2","LW","4",219,"SPORO",0,0,"Perennial_Grass","Plant"
"1224","B","2","LW","4",219,"TILA",0,0,"Annual_Forb","Plant"
"1225","B","2","LW","4",219,"UNK1",0,0,"Annual_Forb","Plant"
"1226","B","2","LW","4",219,"ATCO",0,0,"Shrub","Plant"
"1227","B","2","LW","4",219,"HIJA",13,5.93607305936073,"Perennial_Grass","Plant"
"1228","B","2","LW","4",219,"PlantBase",8,3.65296803652968,"Plant_Base","Plant"
"1229","B","2","LW","4",219,"ACHY",0,0,"Perennial_Grass","Plant"
"1230","B","2","LW","4",219,"Chamber",4,1.82648401826484,"Chamber","Abiotic_Cover"
"1231","B","2","LW","4",219,"Rock",4,1.82648401826484,"Rock","Abiotic_Cover"
"1232","B","2","LW","4",219,"Bare",4,1.82648401826484,"Bare_Ground","Abiotic_Cover"
"1233","B","2","W","1",182,"ANBR",0,0,"Annual_Forb","Plant"
"1234","B","2","W","1",182,"ASAM",0,0,"Annual_Forb","Plant"
"1235","B","2","W","1",182,"Bromus",52,28.5714285714286,"Annual_Grass","Plant"
"1236","B","2","W","1",182,"CHER",0,0,"Annual_Forb","Plant"
"1237","B","2","W","1",182,"CRYPT",0,0,"Annual_Forb","Plant"
"1238","B","2","W","1",182,"CYAC",0,0,"Annual_Forb","Plant"
"1239","B","2","W","1",182,"DEAN",0,0,"Annual_Forb","Plant"
"1240","B","2","W","1",182,"DEPI",0,0,"Annual_Forb","Plant"
"1241","B","2","W","1",182,"Dark",6,3.2967032967033,"DkCy","Biocrust"
"1242","B","2","W","1",182,"ENFR",0,0,"Annual_Forb","Plant"
"1243","B","2","W","1",182,"EPHED",0,0,"Shrub","Plant"
"1244","B","2","W","1",182,"EPTO",0,0,"Shrub","Plant"
"1245","B","2","W","1",182,"EPVI",0,0,"Shrub","Plant"
"1246","B","2","W","1",182,"ERIN",0,0,"Annual_Forb","Plant"
"1247","B","2","W","1",182,"FEOC",0,0,"Annual_Grass","Plant"
"1248","B","2","W","1",182,"GAPI",0,0,"Annual_Forb","Plant"
"1249","B","2","W","1",182,"GIIN",0,0,"Annual_Forb","Plant"
"1250","B","2","W","1",182,"GUSA",8,4.3956043956044,"Shrub","Plant"
"1251","B","2","W","1",182,"HECO",0,0,"Perennial_Grass","Plant"
"1252","B","2","W","1",182,"IPPO",0,0,"Annual_Forb","Plant"
"1253","B","2","W","1",182,"KRLA",0,0,"Shrub","Plant"
"1254","B","2","W","1",182,"LEMO",0,0,"Annual_Forb","Plant"
"1255","B","2","W","1",182,"LEOC",0,0,"Annual_Forb","Plant"
"1256","B","2","W","1",182,"LYGR",0,0,"Annual_Forb","Plant"
"1257","B","2","W","1",182,"Lichen",5,2.74725274725275,"Lichen","Biocrust"
"1258","B","2","W","1",182,"Light",29,15.9340659340659,"LtCy","Biocrust"
"1259","B","2","W","1",182,"Litter",46,25.2747252747253,"Litter","Abiotic_Cover"
"1260","B","2","W","1",182,"MAAF",0,0,"Annual_Forb","Plant"
"1261","B","2","W","1",182,"Moss",18,9.89010989010989,"Moss","Biocrust"
"1262","B","2","W","1",182,"OECA",0,0,"Annual_Forb","Plant"
"1263","B","2","W","1",182,"OPUNT",0,0,"Cactus","Plant"
"1264","B","2","W","1",182,"PHCR",0,0,"Annual_Forb","Plant"
"1265","B","2","W","1",182,"PLPA",0,0,"Annual_Forb","Plant"
"1266","B","2","W","1",182,"SCWH",0,0,"Cactus","Plant"
"1267","B","2","W","1",182,"SPORO",0,0,"Perennial_Grass","Plant"
"1268","B","2","W","1",182,"TILA",0,0,"Annual_Forb","Plant"
"1269","B","2","W","1",182,"UNK1",0,0,"Annual_Forb","Plant"
"1270","B","2","W","1",182,"ATCO",0,0,"Shrub","Plant"
"1271","B","2","W","1",182,"HIJA",4,2.1978021978022,"Perennial_Grass","Plant"
"1272","B","2","W","1",182,"PlantBase",4,2.1978021978022,"Plant_Base","Plant"
"1273","B","2","W","1",182,"ACHY",10,5.49450549450549,"Perennial_Grass","Plant"
"1274","B","2","W","1",182,"Chamber",0,0,"Chamber","Abiotic_Cover"
"1275","B","2","W","1",182,"Rock",0,0,"Rock","Abiotic_Cover"
"1276","B","2","W","1",182,"Bare",0,0,"Bare_Ground","Abiotic_Cover"
"1277","B","2","W","2",196,"ANBR",0,0,"Annual_Forb","Plant"
"1278","B","2","W","2",196,"ASAM",0,0,"Annual_Forb","Plant"
"1279","B","2","W","2",196,"Bromus",71,36.2244897959184,"Annual_Grass","Plant"
"1280","B","2","W","2",196,"CHER",0,0,"Annual_Forb","Plant"
"1281","B","2","W","2",196,"CRYPT",0,0,"Annual_Forb","Plant"
"1282","B","2","W","2",196,"CYAC",0,0,"Annual_Forb","Plant"
"1283","B","2","W","2",196,"DEAN",0,0,"Annual_Forb","Plant"
"1284","B","2","W","2",196,"DEPI",4,2.04081632653061,"Annual_Forb","Plant"
"1285","B","2","W","2",196,"Dark",15,7.6530612244898,"DkCy","Biocrust"
"1286","B","2","W","2",196,"ENFR",0,0,"Annual_Forb","Plant"
"1287","B","2","W","2",196,"EPHED",0,0,"Shrub","Plant"
"1288","B","2","W","2",196,"EPTO",0,0,"Shrub","Plant"
"1289","B","2","W","2",196,"EPVI",0,0,"Shrub","Plant"
"1290","B","2","W","2",196,"ERIN",0,0,"Annual_Forb","Plant"
"1291","B","2","W","2",196,"FEOC",2,1.02040816326531,"Annual_Grass","Plant"
"1292","B","2","W","2",196,"GAPI",2,1.02040816326531,"Annual_Forb","Plant"
"1293","B","2","W","2",196,"GIIN",2,1.02040816326531,"Annual_Forb","Plant"
"1294","B","2","W","2",196,"GUSA",5,2.55102040816327,"Shrub","Plant"
"1295","B","2","W","2",196,"HECO",0,0,"Perennial_Grass","Plant"
"1296","B","2","W","2",196,"IPPO",0,0,"Annual_Forb","Plant"
"1297","B","2","W","2",196,"KRLA",0,0,"Shrub","Plant"
"1298","B","2","W","2",196,"LEMO",0,0,"Annual_Forb","Plant"
"1299","B","2","W","2",196,"LEOC",0,0,"Annual_Forb","Plant"
"1300","B","2","W","2",196,"LYGR",0,0,"Annual_Forb","Plant"
"1301","B","2","W","2",196,"Lichen",3,1.53061224489796,"Lichen","Biocrust"
"1302","B","2","W","2",196,"Light",31,15.8163265306122,"LtCy","Biocrust"
"1303","B","2","W","2",196,"Litter",42,21.4285714285714,"Litter","Abiotic_Cover"
"1304","B","2","W","2",196,"MAAF",0,0,"Annual_Forb","Plant"
"1305","B","2","W","2",196,"Moss",10,5.10204081632653,"Moss","Biocrust"
"1306","B","2","W","2",196,"OECA",0,0,"Annual_Forb","Plant"
"1307","B","2","W","2",196,"OPUNT",0,0,"Cactus","Plant"
"1308","B","2","W","2",196,"PHCR",0,0,"Annual_Forb","Plant"
"1309","B","2","W","2",196,"PLPA",0,0,"Annual_Forb","Plant"
"1310","B","2","W","2",196,"SCWH",0,0,"Cactus","Plant"
"1311","B","2","W","2",196,"SPORO",0,0,"Perennial_Grass","Plant"
"1312","B","2","W","2",196,"TILA",0,0,"Annual_Forb","Plant"
"1313","B","2","W","2",196,"UNK1",0,0,"Annual_Forb","Plant"
"1314","B","2","W","2",196,"ATCO",0,0,"Shrub","Plant"
"1315","B","2","W","2",196,"HIJA",0,0,"Perennial_Grass","Plant"
"1316","B","2","W","2",196,"PlantBase",7,3.57142857142857,"Plant_Base","Plant"
"1317","B","2","W","2",196,"ACHY",2,1.02040816326531,"Perennial_Grass","Plant"
"1318","B","2","W","2",196,"Chamber",0,0,"Chamber","Abiotic_Cover"
"1319","B","2","W","2",196,"Rock",0,0,"Rock","Abiotic_Cover"
"1320","B","2","W","2",196,"Bare",0,0,"Bare_Ground","Abiotic_Cover"
"1321","B","2","W","3",200,"ANBR",0,0,"Annual_Forb","Plant"
"1322","B","2","W","3",200,"ASAM",0,0,"Annual_Forb","Plant"
"1323","B","2","W","3",200,"Bromus",29,14.5,"Annual_Grass","Plant"
"1324","B","2","W","3",200,"CHER",0,0,"Annual_Forb","Plant"
"1325","B","2","W","3",200,"CRYPT",0,0,"Annual_Forb","Plant"
"1326","B","2","W","3",200,"CYAC",0,0,"Annual_Forb","Plant"
"1327","B","2","W","3",200,"DEAN",0,0,"Annual_Forb","Plant"
"1328","B","2","W","3",200,"DEPI",2,1,"Annual_Forb","Plant"
"1329","B","2","W","3",200,"Dark",23,11.5,"DkCy","Biocrust"
"1330","B","2","W","3",200,"ENFR",0,0,"Annual_Forb","Plant"
"1331","B","2","W","3",200,"EPHED",0,0,"Shrub","Plant"
"1332","B","2","W","3",200,"EPTO",0,0,"Shrub","Plant"
"1333","B","2","W","3",200,"EPVI",0,0,"Shrub","Plant"
"1334","B","2","W","3",200,"ERIN",0,0,"Annual_Forb","Plant"
"1335","B","2","W","3",200,"FEOC",2,1,"Annual_Grass","Plant"
"1336","B","2","W","3",200,"GAPI",0,0,"Annual_Forb","Plant"
"1337","B","2","W","3",200,"GIIN",2,1,"Annual_Forb","Plant"
"1338","B","2","W","3",200,"GUSA",19,9.5,"Shrub","Plant"
"1339","B","2","W","3",200,"HECO",0,0,"Perennial_Grass","Plant"
"1340","B","2","W","3",200,"IPPO",0,0,"Annual_Forb","Plant"
"1341","B","2","W","3",200,"KRLA",0,0,"Shrub","Plant"
"1342","B","2","W","3",200,"LEMO",0,0,"Annual_Forb","Plant"
"1343","B","2","W","3",200,"LEOC",0,0,"Annual_Forb","Plant"
"1344","B","2","W","3",200,"LYGR",0,0,"Annual_Forb","Plant"
"1345","B","2","W","3",200,"Lichen",4,2,"Lichen","Biocrust"
"1346","B","2","W","3",200,"Light",32,16,"LtCy","Biocrust"
"1347","B","2","W","3",200,"Litter",36,18,"Litter","Abiotic_Cover"
"1348","B","2","W","3",200,"MAAF",0,0,"Annual_Forb","Plant"
"1349","B","2","W","3",200,"Moss",4,2,"Moss","Biocrust"
"1350","B","2","W","3",200,"OECA",0,0,"Annual_Forb","Plant"
"1351","B","2","W","3",200,"OPUNT",0,0,"Cactus","Plant"
"1352","B","2","W","3",200,"PHCR",0,0,"Annual_Forb","Plant"
"1353","B","2","W","3",200,"PLPA",0,0,"Annual_Forb","Plant"
"1354","B","2","W","3",200,"SCWH",0,0,"Cactus","Plant"
"1355","B","2","W","3",200,"SPORO",0,0,"Perennial_Grass","Plant"
"1356","B","2","W","3",200,"TILA",0,0,"Annual_Forb","Plant"
"1357","B","2","W","3",200,"UNK1",0,0,"Annual_Forb","Plant"
"1358","B","2","W","3",200,"ATCO",4,2,"Shrub","Plant"
"1359","B","2","W","3",200,"HIJA",3,1.5,"Perennial_Grass","Plant"
"1360","B","2","W","3",200,"PlantBase",12,6,"Plant_Base","Plant"
"1361","B","2","W","3",200,"ACHY",18,9,"Perennial_Grass","Plant"
"1362","B","2","W","3",200,"Chamber",8,4,"Chamber","Abiotic_Cover"
"1363","B","2","W","3",200,"Rock",2,1,"Rock","Abiotic_Cover"
"1364","B","2","W","3",200,"Bare",0,0,"Bare_Ground","Abiotic_Cover"
"1365","B","2","W","4",183,"ANBR",0,0,"Annual_Forb","Plant"
"1366","B","2","W","4",183,"ASAM",1,0.546448087431694,"Annual_Forb","Plant"
"1367","B","2","W","4",183,"Bromus",24,13.1147540983607,"Annual_Grass","Plant"
"1368","B","2","W","4",183,"CHER",0,0,"Annual_Forb","Plant"
"1369","B","2","W","4",183,"CRYPT",0,0,"Annual_Forb","Plant"
"1370","B","2","W","4",183,"CYAC",0,0,"Annual_Forb","Plant"
"1371","B","2","W","4",183,"DEAN",0,0,"Annual_Forb","Plant"
"1372","B","2","W","4",183,"DEPI",0,0,"Annual_Forb","Plant"
"1373","B","2","W","4",183,"Dark",17,9.2896174863388,"DkCy","Biocrust"
"1374","B","2","W","4",183,"ENFR",0,0,"Annual_Forb","Plant"
"1375","B","2","W","4",183,"EPHED",0,0,"Shrub","Plant"
"1376","B","2","W","4",183,"EPTO",0,0,"Shrub","Plant"
"1377","B","2","W","4",183,"EPVI",0,0,"Shrub","Plant"
"1378","B","2","W","4",183,"ERIN",0,0,"Annual_Forb","Plant"
"1379","B","2","W","4",183,"FEOC",0,0,"Annual_Grass","Plant"
"1380","B","2","W","4",183,"GAPI",1,0.546448087431694,"Annual_Forb","Plant"
"1381","B","2","W","4",183,"GIIN",2,1.09289617486339,"Annual_Forb","Plant"
"1382","B","2","W","4",183,"GUSA",6,3.27868852459016,"Shrub","Plant"
"1383","B","2","W","4",183,"HECO",0,0,"Perennial_Grass","Plant"
"1384","B","2","W","4",183,"IPPO",0,0,"Annual_Forb","Plant"
"1385","B","2","W","4",183,"KRLA",0,0,"Shrub","Plant"
"1386","B","2","W","4",183,"LEMO",0,0,"Annual_Forb","Plant"
"1387","B","2","W","4",183,"LEOC",0,0,"Annual_Forb","Plant"
"1388","B","2","W","4",183,"LYGR",0,0,"Annual_Forb","Plant"
"1389","B","2","W","4",183,"Lichen",3,1.63934426229508,"Lichen","Biocrust"
"1390","B","2","W","4",183,"Light",47,25.6830601092896,"LtCy","Biocrust"
"1391","B","2","W","4",183,"Litter",40,21.8579234972678,"Litter","Abiotic_Cover"
"1392","B","2","W","4",183,"MAAF",0,0,"Annual_Forb","Plant"
"1393","B","2","W","4",183,"Moss",1,0.546448087431694,"Moss","Biocrust"
"1394","B","2","W","4",183,"OECA",0,0,"Annual_Forb","Plant"
"1395","B","2","W","4",183,"OPUNT",0,0,"Cactus","Plant"
"1396","B","2","W","4",183,"PHCR",0,0,"Annual_Forb","Plant"
"1397","B","2","W","4",183,"PLPA",0,0,"Annual_Forb","Plant"
"1398","B","2","W","4",183,"SCWH",0,0,"Cactus","Plant"
"1399","B","2","W","4",183,"SPORO",0,0,"Perennial_Grass","Plant"
"1400","B","2","W","4",183,"TILA",0,0,"Annual_Forb","Plant"
"1401","B","2","W","4",183,"UNK1",0,0,"Annual_Forb","Plant"
"1402","B","2","W","4",183,"ATCO",0,0,"Shrub","Plant"
"1403","B","2","W","4",183,"HIJA",2,1.09289617486339,"Perennial_Grass","Plant"
"1404","B","2","W","4",183,"PlantBase",6,3.27868852459016,"Plant_Base","Plant"
"1405","B","2","W","4",183,"ACHY",27,14.7540983606557,"Perennial_Grass","Plant"
"1406","B","2","W","4",183,"Chamber",0,0,"Chamber","Abiotic_Cover"
"1407","B","2","W","4",183,"Rock",6,3.27868852459016,"Rock","Abiotic_Cover"
"1408","B","2","W","4",183,"Bare",0,0,"Bare_Ground","Abiotic_Cover"
"1409","B","3","C","1",251,"ANBR",0,0,"Annual_Forb","Plant"
"1410","B","3","C","1",251,"ASAM",0,0,"Annual_Forb","Plant"
"1411","B","3","C","1",251,"Bromus",87,34.6613545816733,"Annual_Grass","Plant"
"1412","B","3","C","1",251,"CHER",1,0.398406374501992,"Annual_Forb","Plant"
"1413","B","3","C","1",251,"CRYPT",0,0,"Annual_Forb","Plant"
"1414","B","3","C","1",251,"CYAC",1,0.398406374501992,"Annual_Forb","Plant"
"1415","B","3","C","1",251,"DEAN",0,0,"Annual_Forb","Plant"
"1416","B","3","C","1",251,"DEPI",0,0,"Annual_Forb","Plant"
"1417","B","3","C","1",251,"Dark",12,4.7808764940239,"DkCy","Biocrust"
"1418","B","3","C","1",251,"ENFR",0,0,"Annual_Forb","Plant"
"1419","B","3","C","1",251,"EPHED",0,0,"Shrub","Plant"
"1420","B","3","C","1",251,"EPTO",0,0,"Shrub","Plant"
"1421","B","3","C","1",251,"EPVI",0,0,"Shrub","Plant"
"1422","B","3","C","1",251,"ERIN",0,0,"Annual_Forb","Plant"
"1423","B","3","C","1",251,"FEOC",1,0.398406374501992,"Annual_Grass","Plant"
"1424","B","3","C","1",251,"GAPI",4,1.59362549800797,"Annual_Forb","Plant"
"1425","B","3","C","1",251,"GIIN",0,0,"Annual_Forb","Plant"
"1426","B","3","C","1",251,"GUSA",1,0.398406374501992,"Shrub","Plant"
"1427","B","3","C","1",251,"HECO",0,0,"Perennial_Grass","Plant"
"1428","B","3","C","1",251,"IPPO",0,0,"Annual_Forb","Plant"
"1429","B","3","C","1",251,"KRLA",0,0,"Shrub","Plant"
"1430","B","3","C","1",251,"LEMO",1,0.398406374501992,"Annual_Forb","Plant"
"1431","B","3","C","1",251,"LEOC",0,0,"Annual_Forb","Plant"
"1432","B","3","C","1",251,"LYGR",0,0,"Annual_Forb","Plant"
"1433","B","3","C","1",251,"Lichen",1,0.398406374501992,"Lichen","Biocrust"
"1434","B","3","C","1",251,"Light",0,0,"LtCy","Biocrust"
"1435","B","3","C","1",251,"Litter",69,27.4900398406374,"Litter","Abiotic_Cover"
"1436","B","3","C","1",251,"MAAF",0,0,"Annual_Forb","Plant"
"1437","B","3","C","1",251,"Moss",15,5.97609561752988,"Moss","Biocrust"
"1438","B","3","C","1",251,"OECA",0,0,"Annual_Forb","Plant"
"1439","B","3","C","1",251,"OPUNT",0,0,"Cactus","Plant"
"1440","B","3","C","1",251,"PHCR",0,0,"Annual_Forb","Plant"
"1441","B","3","C","1",251,"PLPA",0,0,"Annual_Forb","Plant"
"1442","B","3","C","1",251,"SCWH",0,0,"Cactus","Plant"
"1443","B","3","C","1",251,"SPORO",0,0,"Perennial_Grass","Plant"
"1444","B","3","C","1",251,"TILA",0,0,"Annual_Forb","Plant"
"1445","B","3","C","1",251,"UNK1",0,0,"Annual_Forb","Plant"
"1446","B","3","C","1",251,"ATCO",0,0,"Shrub","Plant"
"1447","B","3","C","1",251,"HIJA",16,6.37450199203187,"Perennial_Grass","Plant"
"1448","B","3","C","1",251,"PlantBase",24,9.56175298804781,"Plant_Base","Plant"
"1449","B","3","C","1",251,"ACHY",18,7.17131474103586,"Perennial_Grass","Plant"
"1450","B","3","C","1",251,"Chamber",0,0,"Chamber","Abiotic_Cover"
"1451","B","3","C","1",251,"Rock",0,0,"Rock","Abiotic_Cover"
"1452","B","3","C","1",251,"Bare",0,0,"Bare_Ground","Abiotic_Cover"
"1453","B","3","C","2",267,"ANBR",0,0,"Annual_Forb","Plant"
"1454","B","3","C","2",267,"ASAM",0,0,"Annual_Forb","Plant"
"1455","B","3","C","2",267,"Bromus",100,37.4531835205993,"Annual_Grass","Plant"
"1456","B","3","C","2",267,"CHER",9,3.37078651685393,"Annual_Forb","Plant"
"1457","B","3","C","2",267,"CRYPT",0,0,"Annual_Forb","Plant"
"1458","B","3","C","2",267,"CYAC",2,0.749063670411985,"Annual_Forb","Plant"
"1459","B","3","C","2",267,"DEAN",0,0,"Annual_Forb","Plant"
"1460","B","3","C","2",267,"DEPI",0,0,"Annual_Forb","Plant"
"1461","B","3","C","2",267,"Dark",7,2.62172284644195,"DkCy","Biocrust"
"1462","B","3","C","2",267,"ENFR",0,0,"Annual_Forb","Plant"
"1463","B","3","C","2",267,"EPHED",0,0,"Shrub","Plant"
"1464","B","3","C","2",267,"EPTO",0,0,"Shrub","Plant"
"1465","B","3","C","2",267,"EPVI",0,0,"Shrub","Plant"
"1466","B","3","C","2",267,"ERIN",0,0,"Annual_Forb","Plant"
"1467","B","3","C","2",267,"FEOC",0,0,"Annual_Grass","Plant"
"1468","B","3","C","2",267,"GAPI",5,1.87265917602996,"Annual_Forb","Plant"
"1469","B","3","C","2",267,"GIIN",0,0,"Annual_Forb","Plant"
"1470","B","3","C","2",267,"GUSA",0,0,"Shrub","Plant"
"1471","B","3","C","2",267,"HECO",0,0,"Perennial_Grass","Plant"
"1472","B","3","C","2",267,"IPPO",0,0,"Annual_Forb","Plant"
"1473","B","3","C","2",267,"KRLA",0,0,"Shrub","Plant"
"1474","B","3","C","2",267,"LEMO",3,1.12359550561798,"Annual_Forb","Plant"
"1475","B","3","C","2",267,"LEOC",0,0,"Annual_Forb","Plant"
"1476","B","3","C","2",267,"LYGR",0,0,"Annual_Forb","Plant"
"1477","B","3","C","2",267,"Lichen",1,0.374531835205993,"Lichen","Biocrust"
"1478","B","3","C","2",267,"Light",2,0.749063670411985,"LtCy","Biocrust"
"1479","B","3","C","2",267,"Litter",75,28.0898876404494,"Litter","Abiotic_Cover"
"1480","B","3","C","2",267,"MAAF",0,0,"Annual_Forb","Plant"
"1481","B","3","C","2",267,"Moss",17,6.36704119850187,"Moss","Biocrust"
"1482","B","3","C","2",267,"OECA",0,0,"Annual_Forb","Plant"
"1483","B","3","C","2",267,"OPUNT",0,0,"Cactus","Plant"
"1484","B","3","C","2",267,"PHCR",0,0,"Annual_Forb","Plant"
"1485","B","3","C","2",267,"PLPA",0,0,"Annual_Forb","Plant"
"1486","B","3","C","2",267,"SCWH",0,0,"Cactus","Plant"
"1487","B","3","C","2",267,"SPORO",0,0,"Perennial_Grass","Plant"
"1488","B","3","C","2",267,"TILA",0,0,"Annual_Forb","Plant"
"1489","B","3","C","2",267,"UNK1",0,0,"Annual_Forb","Plant"
"1490","B","3","C","2",267,"ATCO",0,0,"Shrub","Plant"
"1491","B","3","C","2",267,"HIJA",10,3.74531835205993,"Perennial_Grass","Plant"
"1492","B","3","C","2",267,"PlantBase",21,7.86516853932584,"Plant_Base","Plant"
"1493","B","3","C","2",267,"ACHY",7,2.62172284644195,"Perennial_Grass","Plant"
"1494","B","3","C","2",267,"Chamber",0,0,"Chamber","Abiotic_Cover"
"1495","B","3","C","2",267,"Rock",8,2.99625468164794,"Rock","Abiotic_Cover"
"1496","B","3","C","2",267,"Bare",0,0,"Bare_Ground","Abiotic_Cover"
"1497","B","3","C","3",228,"ANBR",0,0,"Annual_Forb","Plant"
"1498","B","3","C","3",228,"ASAM",0,0,"Annual_Forb","Plant"
"1499","B","3","C","3",228,"Bromus",77,33.7719298245614,"Annual_Grass","Plant"
"1500","B","3","C","3",228,"CHER",0,0,"Annual_Forb","Plant"
"1501","B","3","C","3",228,"CRYPT",0,0,"Annual_Forb","Plant"
"1502","B","3","C","3",228,"CYAC",0,0,"Annual_Forb","Plant"
"1503","B","3","C","3",228,"DEAN",0,0,"Annual_Forb","Plant"
"1504","B","3","C","3",228,"DEPI",0,0,"Annual_Forb","Plant"
"1505","B","3","C","3",228,"Dark",10,4.3859649122807,"DkCy","Biocrust"
"1506","B","3","C","3",228,"ENFR",0,0,"Annual_Forb","Plant"
"1507","B","3","C","3",228,"EPHED",0,0,"Shrub","Plant"
"1508","B","3","C","3",228,"EPTO",0,0,"Shrub","Plant"
"1509","B","3","C","3",228,"EPVI",0,0,"Shrub","Plant"
"1510","B","3","C","3",228,"ERIN",0,0,"Annual_Forb","Plant"
"1511","B","3","C","3",228,"FEOC",0,0,"Annual_Grass","Plant"
"1512","B","3","C","3",228,"GAPI",13,5.70175438596491,"Annual_Forb","Plant"
"1513","B","3","C","3",228,"GIIN",0,0,"Annual_Forb","Plant"
"1514","B","3","C","3",228,"GUSA",0,0,"Shrub","Plant"
"1515","B","3","C","3",228,"HECO",0,0,"Perennial_Grass","Plant"
"1516","B","3","C","3",228,"IPPO",0,0,"Annual_Forb","Plant"
"1517","B","3","C","3",228,"KRLA",0,0,"Shrub","Plant"
"1518","B","3","C","3",228,"LEMO",0,0,"Annual_Forb","Plant"
"1519","B","3","C","3",228,"LEOC",0,0,"Annual_Forb","Plant"
"1520","B","3","C","3",228,"LYGR",0,0,"Annual_Forb","Plant"
"1521","B","3","C","3",228,"Lichen",6,2.63157894736842,"Lichen","Biocrust"
"1522","B","3","C","3",228,"Light",14,6.14035087719298,"LtCy","Biocrust"
"1523","B","3","C","3",228,"Litter",36,15.7894736842105,"Litter","Abiotic_Cover"
"1524","B","3","C","3",228,"MAAF",0,0,"Annual_Forb","Plant"
"1525","B","3","C","3",228,"Moss",42,18.4210526315789,"Moss","Biocrust"
"1526","B","3","C","3",228,"OECA",0,0,"Annual_Forb","Plant"
"1527","B","3","C","3",228,"OPUNT",0,0,"Cactus","Plant"
"1528","B","3","C","3",228,"PHCR",0,0,"Annual_Forb","Plant"
"1529","B","3","C","3",228,"PLPA",2,0.87719298245614,"Annual_Forb","Plant"
"1530","B","3","C","3",228,"SCWH",0,0,"Cactus","Plant"
"1531","B","3","C","3",228,"SPORO",0,0,"Perennial_Grass","Plant"
"1532","B","3","C","3",228,"TILA",0,0,"Annual_Forb","Plant"
"1533","B","3","C","3",228,"UNK1",0,0,"Annual_Forb","Plant"
"1534","B","3","C","3",228,"ATCO",0,0,"Shrub","Plant"
"1535","B","3","C","3",228,"HIJA",0,0,"Perennial_Grass","Plant"
"1536","B","3","C","3",228,"PlantBase",14,6.14035087719298,"Plant_Base","Plant"
"1537","B","3","C","3",228,"ACHY",6,2.63157894736842,"Perennial_Grass","Plant"
"1538","B","3","C","3",228,"Chamber",6,2.63157894736842,"Chamber","Abiotic_Cover"
"1539","B","3","C","3",228,"Rock",2,0.87719298245614,"Rock","Abiotic_Cover"
"1540","B","3","C","3",228,"Bare",0,0,"Bare_Ground","Abiotic_Cover"
"1541","B","3","C","4",236,"ANBR",0,0,"Annual_Forb","Plant"
"1542","B","3","C","4",236,"ASAM",0,0,"Annual_Forb","Plant"
"1543","B","3","C","4",236,"Bromus",69,29.2372881355932,"Annual_Grass","Plant"
"1544","B","3","C","4",236,"CHER",0,0,"Annual_Forb","Plant"
"1545","B","3","C","4",236,"CRYPT",0,0,"Annual_Forb","Plant"
"1546","B","3","C","4",236,"CYAC",0,0,"Annual_Forb","Plant"
"1547","B","3","C","4",236,"DEAN",0,0,"Annual_Forb","Plant"
"1548","B","3","C","4",236,"DEPI",0,0,"Annual_Forb","Plant"
"1549","B","3","C","4",236,"Dark",9,3.8135593220339,"DkCy","Biocrust"
"1550","B","3","C","4",236,"ENFR",0,0,"Annual_Forb","Plant"
"1551","B","3","C","4",236,"EPHED",0,0,"Shrub","Plant"
"1552","B","3","C","4",236,"EPTO",0,0,"Shrub","Plant"
"1553","B","3","C","4",236,"EPVI",0,0,"Shrub","Plant"
"1554","B","3","C","4",236,"ERIN",0,0,"Annual_Forb","Plant"
"1555","B","3","C","4",236,"FEOC",0,0,"Annual_Grass","Plant"
"1556","B","3","C","4",236,"GAPI",6,2.54237288135593,"Annual_Forb","Plant"
"1557","B","3","C","4",236,"GIIN",0,0,"Annual_Forb","Plant"
"1558","B","3","C","4",236,"GUSA",0,0,"Shrub","Plant"
"1559","B","3","C","4",236,"HECO",0,0,"Perennial_Grass","Plant"
"1560","B","3","C","4",236,"IPPO",0,0,"Annual_Forb","Plant"
"1561","B","3","C","4",236,"KRLA",0,0,"Shrub","Plant"
"1562","B","3","C","4",236,"LEMO",0,0,"Annual_Forb","Plant"
"1563","B","3","C","4",236,"LEOC",0,0,"Annual_Forb","Plant"
"1564","B","3","C","4",236,"LYGR",0,0,"Annual_Forb","Plant"
"1565","B","3","C","4",236,"Lichen",3,1.27118644067797,"Lichen","Biocrust"
"1566","B","3","C","4",236,"Light",18,7.6271186440678,"LtCy","Biocrust"
"1567","B","3","C","4",236,"Litter",40,16.9491525423729,"Litter","Abiotic_Cover"
"1568","B","3","C","4",236,"MAAF",0,0,"Annual_Forb","Plant"
"1569","B","3","C","4",236,"Moss",36,15.2542372881356,"Moss","Biocrust"
"1570","B","3","C","4",236,"OECA",0,0,"Annual_Forb","Plant"
"1571","B","3","C","4",236,"OPUNT",0,0,"Cactus","Plant"
"1572","B","3","C","4",236,"PHCR",0,0,"Annual_Forb","Plant"
"1573","B","3","C","4",236,"PLPA",0,0,"Annual_Forb","Plant"
"1574","B","3","C","4",236,"SCWH",0,0,"Cactus","Plant"
"1575","B","3","C","4",236,"SPORO",0,0,"Perennial_Grass","Plant"
"1576","B","3","C","4",236,"TILA",0,0,"Annual_Forb","Plant"
"1577","B","3","C","4",236,"UNK1",0,0,"Annual_Forb","Plant"
"1578","B","3","C","4",236,"ATCO",0,0,"Shrub","Plant"
"1579","B","3","C","4",236,"HIJA",0,0,"Perennial_Grass","Plant"
"1580","B","3","C","4",236,"PlantBase",15,6.35593220338983,"Plant_Base","Plant"
"1581","B","3","C","4",236,"ACHY",33,13.9830508474576,"Perennial_Grass","Plant"
"1582","B","3","C","4",236,"Chamber",4,1.69491525423729,"Chamber","Abiotic_Cover"
"1583","B","3","C","4",236,"Rock",3,1.27118644067797,"Rock","Abiotic_Cover"
"1584","B","3","C","4",236,"Bare",0,0,"Bare_Ground","Abiotic_Cover"
"1585","B","3","L","1",165,"ANBR",0,0,"Annual_Forb","Plant"
"1586","B","3","L","1",165,"ASAM",1,0.606060606060606,"Annual_Forb","Plant"
"1587","B","3","L","1",165,"Bromus",44,26.6666666666667,"Annual_Grass","Plant"
"1588","B","3","L","1",165,"CHER",0,0,"Annual_Forb","Plant"
"1589","B","3","L","1",165,"CRYPT",0,0,"Annual_Forb","Plant"
"1590","B","3","L","1",165,"CYAC",0,0,"Annual_Forb","Plant"
"1591","B","3","L","1",165,"DEAN",0,0,"Annual_Forb","Plant"
"1592","B","3","L","1",165,"DEPI",0,0,"Annual_Forb","Plant"
"1593","B","3","L","1",165,"Dark",0,0,"DkCy","Biocrust"
"1594","B","3","L","1",165,"ENFR",0,0,"Annual_Forb","Plant"
"1595","B","3","L","1",165,"EPHED",0,0,"Shrub","Plant"
"1596","B","3","L","1",165,"EPTO",2,1.21212121212121,"Shrub","Plant"
"1597","B","3","L","1",165,"EPVI",0,0,"Shrub","Plant"
"1598","B","3","L","1",165,"ERIN",0,0,"Annual_Forb","Plant"
"1599","B","3","L","1",165,"FEOC",0,0,"Annual_Grass","Plant"
"1600","B","3","L","1",165,"GAPI",0,0,"Annual_Forb","Plant"
"1601","B","3","L","1",165,"GIIN",0,0,"Annual_Forb","Plant"
"1602","B","3","L","1",165,"GUSA",0,0,"Shrub","Plant"
"1603","B","3","L","1",165,"HECO",0,0,"Perennial_Grass","Plant"
"1604","B","3","L","1",165,"IPPO",0,0,"Annual_Forb","Plant"
"1605","B","3","L","1",165,"KRLA",0,0,"Shrub","Plant"
"1606","B","3","L","1",165,"LEMO",0,0,"Annual_Forb","Plant"
"1607","B","3","L","1",165,"LEOC",0,0,"Annual_Forb","Plant"
"1608","B","3","L","1",165,"LYGR",0,0,"Annual_Forb","Plant"
"1609","B","3","L","1",165,"Lichen",1,0.606060606060606,"Lichen","Biocrust"
"1610","B","3","L","1",165,"Light",58,35.1515151515151,"LtCy","Biocrust"
"1611","B","3","L","1",165,"Litter",29,17.5757575757576,"Litter","Abiotic_Cover"
"1612","B","3","L","1",165,"MAAF",0,0,"Annual_Forb","Plant"
"1613","B","3","L","1",165,"Moss",0,0,"Moss","Biocrust"
"1614","B","3","L","1",165,"OECA",0,0,"Annual_Forb","Plant"
"1615","B","3","L","1",165,"OPUNT",0,0,"Cactus","Plant"
"1616","B","3","L","1",165,"PHCR",0,0,"Annual_Forb","Plant"
"1617","B","3","L","1",165,"PLPA",0,0,"Annual_Forb","Plant"
"1618","B","3","L","1",165,"SCWH",0,0,"Cactus","Plant"
"1619","B","3","L","1",165,"SPORO",0,0,"Perennial_Grass","Plant"
"1620","B","3","L","1",165,"TILA",0,0,"Annual_Forb","Plant"
"1621","B","3","L","1",165,"UNK1",0,0,"Annual_Forb","Plant"
"1622","B","3","L","1",165,"ATCO",0,0,"Shrub","Plant"
"1623","B","3","L","1",165,"HIJA",1,0.606060606060606,"Perennial_Grass","Plant"
"1624","B","3","L","1",165,"PlantBase",2,1.21212121212121,"Plant_Base","Plant"
"1625","B","3","L","1",165,"ACHY",16,9.6969696969697,"Perennial_Grass","Plant"
"1626","B","3","L","1",165,"Chamber",0,0,"Chamber","Abiotic_Cover"
"1627","B","3","L","1",165,"Rock",11,6.66666666666667,"Rock","Abiotic_Cover"
"1628","B","3","L","1",165,"Bare",0,0,"Bare_Ground","Abiotic_Cover"
"1629","B","3","L","2",200,"ANBR",0,0,"Annual_Forb","Plant"
"1630","B","3","L","2",200,"ASAM",0,0,"Annual_Forb","Plant"
"1631","B","3","L","2",200,"Bromus",73,36.5,"Annual_Grass","Plant"
"1632","B","3","L","2",200,"CHER",0,0,"Annual_Forb","Plant"
"1633","B","3","L","2",200,"CRYPT",0,0,"Annual_Forb","Plant"
"1634","B","3","L","2",200,"CYAC",0,0,"Annual_Forb","Plant"
"1635","B","3","L","2",200,"DEAN",0,0,"Annual_Forb","Plant"
"1636","B","3","L","2",200,"DEPI",0,0,"Annual_Forb","Plant"
"1637","B","3","L","2",200,"Dark",1,0.5,"DkCy","Biocrust"
"1638","B","3","L","2",200,"ENFR",4,2,"Annual_Forb","Plant"
"1639","B","3","L","2",200,"EPHED",0,0,"Shrub","Plant"
"1640","B","3","L","2",200,"EPTO",0,0,"Shrub","Plant"
"1641","B","3","L","2",200,"EPVI",0,0,"Shrub","Plant"
"1642","B","3","L","2",200,"ERIN",0,0,"Annual_Forb","Plant"
"1643","B","3","L","2",200,"FEOC",0,0,"Annual_Grass","Plant"
"1644","B","3","L","2",200,"GAPI",1,0.5,"Annual_Forb","Plant"
"1645","B","3","L","2",200,"GIIN",0,0,"Annual_Forb","Plant"
"1646","B","3","L","2",200,"GUSA",5,2.5,"Shrub","Plant"
"1647","B","3","L","2",200,"HECO",0,0,"Perennial_Grass","Plant"
"1648","B","3","L","2",200,"IPPO",0,0,"Annual_Forb","Plant"
"1649","B","3","L","2",200,"KRLA",0,0,"Shrub","Plant"
"1650","B","3","L","2",200,"LEMO",0,0,"Annual_Forb","Plant"
"1651","B","3","L","2",200,"LEOC",0,0,"Annual_Forb","Plant"
"1652","B","3","L","2",200,"LYGR",0,0,"Annual_Forb","Plant"
"1653","B","3","L","2",200,"Lichen",1,0.5,"Lichen","Biocrust"
"1654","B","3","L","2",200,"Light",15,7.5,"LtCy","Biocrust"
"1655","B","3","L","2",200,"Litter",67,33.5,"Litter","Abiotic_Cover"
"1656","B","3","L","2",200,"MAAF",0,0,"Annual_Forb","Plant"
"1657","B","3","L","2",200,"Moss",12,6,"Moss","Biocrust"
"1658","B","3","L","2",200,"OECA",0,0,"Annual_Forb","Plant"
"1659","B","3","L","2",200,"OPUNT",0,0,"Cactus","Plant"
"1660","B","3","L","2",200,"PHCR",0,0,"Annual_Forb","Plant"
"1661","B","3","L","2",200,"PLPA",0,0,"Annual_Forb","Plant"
"1662","B","3","L","2",200,"SCWH",0,0,"Cactus","Plant"
"1663","B","3","L","2",200,"SPORO",0,0,"Perennial_Grass","Plant"
"1664","B","3","L","2",200,"TILA",0,0,"Annual_Forb","Plant"
"1665","B","3","L","2",200,"UNK1",0,0,"Annual_Forb","Plant"
"1666","B","3","L","2",200,"ATCO",0,0,"Shrub","Plant"
"1667","B","3","L","2",200,"HIJA",10,5,"Perennial_Grass","Plant"
"1668","B","3","L","2",200,"PlantBase",6,3,"Plant_Base","Plant"
"1669","B","3","L","2",200,"ACHY",4,2,"Perennial_Grass","Plant"
"1670","B","3","L","2",200,"Chamber",0,0,"Chamber","Abiotic_Cover"
"1671","B","3","L","2",200,"Rock",1,0.5,"Rock","Abiotic_Cover"
"1672","B","3","L","2",200,"Bare",0,0,"Bare_Ground","Abiotic_Cover"
"1673","B","3","L","3",229,"ANBR",0,0,"Annual_Forb","Plant"
"1674","B","3","L","3",229,"ASAM",0,0,"Annual_Forb","Plant"
"1675","B","3","L","3",229,"Bromus",70,30.5676855895196,"Annual_Grass","Plant"
"1676","B","3","L","3",229,"CHER",0,0,"Annual_Forb","Plant"
"1677","B","3","L","3",229,"CRYPT",0,0,"Annual_Forb","Plant"
"1678","B","3","L","3",229,"CYAC",0,0,"Annual_Forb","Plant"
"1679","B","3","L","3",229,"DEAN",0,0,"Annual_Forb","Plant"
"1680","B","3","L","3",229,"DEPI",0,0,"Annual_Forb","Plant"
"1681","B","3","L","3",229,"Dark",6,2.62008733624454,"DkCy","Biocrust"
"1682","B","3","L","3",229,"ENFR",0,0,"Annual_Forb","Plant"
"1683","B","3","L","3",229,"EPHED",0,0,"Shrub","Plant"
"1684","B","3","L","3",229,"EPTO",7,3.05676855895197,"Shrub","Plant"
"1685","B","3","L","3",229,"EPVI",0,0,"Shrub","Plant"
"1686","B","3","L","3",229,"ERIN",0,0,"Annual_Forb","Plant"
"1687","B","3","L","3",229,"FEOC",0,0,"Annual_Grass","Plant"
"1688","B","3","L","3",229,"GAPI",0,0,"Annual_Forb","Plant"
"1689","B","3","L","3",229,"GIIN",0,0,"Annual_Forb","Plant"
"1690","B","3","L","3",229,"GUSA",0,0,"Shrub","Plant"
"1691","B","3","L","3",229,"HECO",0,0,"Perennial_Grass","Plant"
"1692","B","3","L","3",229,"IPPO",0,0,"Annual_Forb","Plant"
"1693","B","3","L","3",229,"KRLA",0,0,"Shrub","Plant"
"1694","B","3","L","3",229,"LEMO",0,0,"Annual_Forb","Plant"
"1695","B","3","L","3",229,"LEOC",0,0,"Annual_Forb","Plant"
"1696","B","3","L","3",229,"LYGR",0,0,"Annual_Forb","Plant"
"1697","B","3","L","3",229,"Lichen",4,1.74672489082969,"Lichen","Biocrust"
"1698","B","3","L","3",229,"Light",50,21.8340611353712,"LtCy","Biocrust"
"1699","B","3","L","3",229,"Litter",29,12.6637554585153,"Litter","Abiotic_Cover"
"1700","B","3","L","3",229,"MAAF",0,0,"Annual_Forb","Plant"
"1701","B","3","L","3",229,"Moss",34,14.8471615720524,"Moss","Biocrust"
"1702","B","3","L","3",229,"OECA",0,0,"Annual_Forb","Plant"
"1703","B","3","L","3",229,"OPUNT",0,0,"Cactus","Plant"
"1704","B","3","L","3",229,"PHCR",0,0,"Annual_Forb","Plant"
"1705","B","3","L","3",229,"PLPA",0,0,"Annual_Forb","Plant"
"1706","B","3","L","3",229,"SCWH",0,0,"Cactus","Plant"
"1707","B","3","L","3",229,"SPORO",0,0,"Perennial_Grass","Plant"
"1708","B","3","L","3",229,"TILA",0,0,"Annual_Forb","Plant"
"1709","B","3","L","3",229,"UNK1",0,0,"Annual_Forb","Plant"
"1710","B","3","L","3",229,"ATCO",0,0,"Shrub","Plant"
"1711","B","3","L","3",229,"HIJA",0,0,"Perennial_Grass","Plant"
"1712","B","3","L","3",229,"PlantBase",0,0,"Plant_Base","Plant"
"1713","B","3","L","3",229,"ACHY",1,0.436681222707424,"Perennial_Grass","Plant"
"1714","B","3","L","3",229,"Chamber",18,7.86026200873363,"Chamber","Abiotic_Cover"
"1715","B","3","L","3",229,"Rock",8,3.49344978165939,"Rock","Abiotic_Cover"
"1716","B","3","L","3",229,"Bare",2,0.873362445414847,"Bare_Ground","Abiotic_Cover"
"1717","B","3","L","4",260,"ANBR",0,0,"Annual_Forb","Plant"
"1718","B","3","L","4",260,"ASAM",0,0,"Annual_Forb","Plant"
"1719","B","3","L","4",260,"Bromus",67,25.7692307692308,"Annual_Grass","Plant"
"1720","B","3","L","4",260,"CHER",0,0,"Annual_Forb","Plant"
"1721","B","3","L","4",260,"CRYPT",0,0,"Annual_Forb","Plant"
"1722","B","3","L","4",260,"CYAC",0,0,"Annual_Forb","Plant"
"1723","B","3","L","4",260,"DEAN",0,0,"Annual_Forb","Plant"
"1724","B","3","L","4",260,"DEPI",1,0.384615384615385,"Annual_Forb","Plant"
"1725","B","3","L","4",260,"Dark",4,1.53846153846154,"DkCy","Biocrust"
"1726","B","3","L","4",260,"ENFR",0,0,"Annual_Forb","Plant"
"1727","B","3","L","4",260,"EPHED",0,0,"Shrub","Plant"
"1728","B","3","L","4",260,"EPTO",0,0,"Shrub","Plant"
"1729","B","3","L","4",260,"EPVI",0,0,"Shrub","Plant"
"1730","B","3","L","4",260,"ERIN",0,0,"Annual_Forb","Plant"
"1731","B","3","L","4",260,"FEOC",0,0,"Annual_Grass","Plant"
"1732","B","3","L","4",260,"GAPI",0,0,"Annual_Forb","Plant"
"1733","B","3","L","4",260,"GIIN",1,0.384615384615385,"Annual_Forb","Plant"
"1734","B","3","L","4",260,"GUSA",6,2.30769230769231,"Shrub","Plant"
"1735","B","3","L","4",260,"HECO",0,0,"Perennial_Grass","Plant"
"1736","B","3","L","4",260,"IPPO",0,0,"Annual_Forb","Plant"
"1737","B","3","L","4",260,"KRLA",0,0,"Shrub","Plant"
"1738","B","3","L","4",260,"LEMO",0,0,"Annual_Forb","Plant"
"1739","B","3","L","4",260,"LEOC",0,0,"Annual_Forb","Plant"
"1740","B","3","L","4",260,"LYGR",0,0,"Annual_Forb","Plant"
"1741","B","3","L","4",260,"Lichen",3,1.15384615384615,"Lichen","Biocrust"
"1742","B","3","L","4",260,"Light",36,13.8461538461538,"LtCy","Biocrust"
"1743","B","3","L","4",260,"Litter",65,25,"Litter","Abiotic_Cover"
"1744","B","3","L","4",260,"MAAF",0,0,"Annual_Forb","Plant"
"1745","B","3","L","4",260,"Moss",29,11.1538461538462,"Moss","Biocrust"
"1746","B","3","L","4",260,"OECA",0,0,"Annual_Forb","Plant"
"1747","B","3","L","4",260,"OPUNT",0,0,"Cactus","Plant"
"1748","B","3","L","4",260,"PHCR",0,0,"Annual_Forb","Plant"
"1749","B","3","L","4",260,"PLPA",0,0,"Annual_Forb","Plant"
"1750","B","3","L","4",260,"SCWH",0,0,"Cactus","Plant"
"1751","B","3","L","4",260,"SPORO",0,0,"Perennial_Grass","Plant"
"1752","B","3","L","4",260,"TILA",0,0,"Annual_Forb","Plant"
"1753","B","3","L","4",260,"UNK1",0,0,"Annual_Forb","Plant"
"1754","B","3","L","4",260,"ATCO",16,6.15384615384615,"Shrub","Plant"
"1755","B","3","L","4",260,"HIJA",0,0,"Perennial_Grass","Plant"
"1756","B","3","L","4",260,"PlantBase",6,2.30769230769231,"Plant_Base","Plant"
"1757","B","3","L","4",260,"ACHY",12,4.61538461538462,"Perennial_Grass","Plant"
"1758","B","3","L","4",260,"Chamber",9,3.46153846153846,"Chamber","Abiotic_Cover"
"1759","B","3","L","4",260,"Rock",3,1.15384615384615,"Rock","Abiotic_Cover"
"1760","B","3","L","4",260,"Bare",2,0.769230769230769,"Bare_Ground","Abiotic_Cover"
"1761","B","3","LW","1",167,"ANBR",0,0,"Annual_Forb","Plant"
"1762","B","3","LW","1",167,"ASAM",0,0,"Annual_Forb","Plant"
"1763","B","3","LW","1",167,"Bromus",38,22.7544910179641,"Annual_Grass","Plant"
"1764","B","3","LW","1",167,"CHER",0,0,"Annual_Forb","Plant"
"1765","B","3","LW","1",167,"CRYPT",0,0,"Annual_Forb","Plant"
"1766","B","3","LW","1",167,"CYAC",0,0,"Annual_Forb","Plant"
"1767","B","3","LW","1",167,"DEAN",0,0,"Annual_Forb","Plant"
"1768","B","3","LW","1",167,"DEPI",1,0.598802395209581,"Annual_Forb","Plant"
"1769","B","3","LW","1",167,"Dark",2,1.19760479041916,"DkCy","Biocrust"
"1770","B","3","LW","1",167,"ENFR",0,0,"Annual_Forb","Plant"
"1771","B","3","LW","1",167,"EPHED",0,0,"Shrub","Plant"
"1772","B","3","LW","1",167,"EPTO",0,0,"Shrub","Plant"
"1773","B","3","LW","1",167,"EPVI",0,0,"Shrub","Plant"
"1774","B","3","LW","1",167,"ERIN",0,0,"Annual_Forb","Plant"
"1775","B","3","LW","1",167,"FEOC",0,0,"Annual_Grass","Plant"
"1776","B","3","LW","1",167,"GAPI",17,10.1796407185629,"Annual_Forb","Plant"
"1777","B","3","LW","1",167,"GIIN",0,0,"Annual_Forb","Plant"
"1778","B","3","LW","1",167,"GUSA",0,0,"Shrub","Plant"
"1779","B","3","LW","1",167,"HECO",0,0,"Perennial_Grass","Plant"
"1780","B","3","LW","1",167,"IPPO",1,0.598802395209581,"Annual_Forb","Plant"
"1781","B","3","LW","1",167,"KRLA",0,0,"Shrub","Plant"
"1782","B","3","LW","1",167,"LEMO",4,2.39520958083832,"Annual_Forb","Plant"
"1783","B","3","LW","1",167,"LEOC",0,0,"Annual_Forb","Plant"
"1784","B","3","LW","1",167,"LYGR",0,0,"Annual_Forb","Plant"
"1785","B","3","LW","1",167,"Lichen",1,0.598802395209581,"Lichen","Biocrust"
"1786","B","3","LW","1",167,"Light",46,27.5449101796407,"LtCy","Biocrust"
"1787","B","3","LW","1",167,"Litter",46,27.5449101796407,"Litter","Abiotic_Cover"
"1788","B","3","LW","1",167,"MAAF",0,0,"Annual_Forb","Plant"
"1789","B","3","LW","1",167,"Moss",0,0,"Moss","Biocrust"
"1790","B","3","LW","1",167,"OECA",0,0,"Annual_Forb","Plant"
"1791","B","3","LW","1",167,"OPUNT",0,0,"Cactus","Plant"
"1792","B","3","LW","1",167,"PHCR",0,0,"Annual_Forb","Plant"
"1793","B","3","LW","1",167,"PLPA",0,0,"Annual_Forb","Plant"
"1794","B","3","LW","1",167,"SCWH",0,0,"Cactus","Plant"
"1795","B","3","LW","1",167,"SPORO",0,0,"Perennial_Grass","Plant"
"1796","B","3","LW","1",167,"TILA",0,0,"Annual_Forb","Plant"
"1797","B","3","LW","1",167,"UNK1",0,0,"Annual_Forb","Plant"
"1798","B","3","LW","1",167,"ATCO",0,0,"Shrub","Plant"
"1799","B","3","LW","1",167,"HIJA",0,0,"Perennial_Grass","Plant"
"1800","B","3","LW","1",167,"PlantBase",0,0,"Plant_Base","Plant"
"1801","B","3","LW","1",167,"ACHY",2,1.19760479041916,"Perennial_Grass","Plant"
"1802","B","3","LW","1",167,"Chamber",0,0,"Chamber","Abiotic_Cover"
"1803","B","3","LW","1",167,"Rock",9,5.38922155688623,"Rock","Abiotic_Cover"
"1804","B","3","LW","1",167,"Bare",0,0,"Bare_Ground","Abiotic_Cover"
"1805","B","3","LW","2",170,"ANBR",0,0,"Annual_Forb","Plant"
"1806","B","3","LW","2",170,"ASAM",0,0,"Annual_Forb","Plant"
"1807","B","3","LW","2",170,"Bromus",43,25.2941176470588,"Annual_Grass","Plant"
"1808","B","3","LW","2",170,"CHER",0,0,"Annual_Forb","Plant"
"1809","B","3","LW","2",170,"CRYPT",0,0,"Annual_Forb","Plant"
"1810","B","3","LW","2",170,"CYAC",0,0,"Annual_Forb","Plant"
"1811","B","3","LW","2",170,"DEAN",0,0,"Annual_Forb","Plant"
"1812","B","3","LW","2",170,"DEPI",0,0,"Annual_Forb","Plant"
"1813","B","3","LW","2",170,"Dark",0,0,"DkCy","Biocrust"
"1814","B","3","LW","2",170,"ENFR",0,0,"Annual_Forb","Plant"
"1815","B","3","LW","2",170,"EPHED",0,0,"Shrub","Plant"
"1816","B","3","LW","2",170,"EPTO",0,0,"Shrub","Plant"
"1817","B","3","LW","2",170,"EPVI",0,0,"Shrub","Plant"
"1818","B","3","LW","2",170,"ERIN",0,0,"Annual_Forb","Plant"
"1819","B","3","LW","2",170,"FEOC",7,4.11764705882353,"Annual_Grass","Plant"
"1820","B","3","LW","2",170,"GAPI",10,5.88235294117647,"Annual_Forb","Plant"
"1821","B","3","LW","2",170,"GIIN",0,0,"Annual_Forb","Plant"
"1822","B","3","LW","2",170,"GUSA",0,0,"Shrub","Plant"
"1823","B","3","LW","2",170,"HECO",0,0,"Perennial_Grass","Plant"
"1824","B","3","LW","2",170,"IPPO",0,0,"Annual_Forb","Plant"
"1825","B","3","LW","2",170,"KRLA",0,0,"Shrub","Plant"
"1826","B","3","LW","2",170,"LEMO",2,1.17647058823529,"Annual_Forb","Plant"
"1827","B","3","LW","2",170,"LEOC",0,0,"Annual_Forb","Plant"
"1828","B","3","LW","2",170,"LYGR",0,0,"Annual_Forb","Plant"
"1829","B","3","LW","2",170,"Lichen",0,0,"Lichen","Biocrust"
"1830","B","3","LW","2",170,"Light",45,26.4705882352941,"LtCy","Biocrust"
"1831","B","3","LW","2",170,"Litter",48,28.2352941176471,"Litter","Abiotic_Cover"
"1832","B","3","LW","2",170,"MAAF",0,0,"Annual_Forb","Plant"
"1833","B","3","LW","2",170,"Moss",1,0.588235294117647,"Moss","Biocrust"
"1834","B","3","LW","2",170,"OECA",0,0,"Annual_Forb","Plant"
"1835","B","3","LW","2",170,"OPUNT",0,0,"Cactus","Plant"
"1836","B","3","LW","2",170,"PHCR",2,1.17647058823529,"Annual_Forb","Plant"
"1837","B","3","LW","2",170,"PLPA",0,0,"Annual_Forb","Plant"
"1838","B","3","LW","2",170,"SCWH",0,0,"Cactus","Plant"
"1839","B","3","LW","2",170,"SPORO",0,0,"Perennial_Grass","Plant"
"1840","B","3","LW","2",170,"TILA",0,0,"Annual_Forb","Plant"
"1841","B","3","LW","2",170,"UNK1",0,0,"Annual_Forb","Plant"
"1842","B","3","LW","2",170,"ATCO",0,0,"Shrub","Plant"
"1843","B","3","LW","2",170,"HIJA",1,0.588235294117647,"Perennial_Grass","Plant"
"1844","B","3","LW","2",170,"PlantBase",4,2.35294117647059,"Plant_Base","Plant"
"1845","B","3","LW","2",170,"ACHY",5,2.94117647058824,"Perennial_Grass","Plant"
"1846","B","3","LW","2",170,"Chamber",0,0,"Chamber","Abiotic_Cover"
"1847","B","3","LW","2",170,"Rock",2,1.17647058823529,"Rock","Abiotic_Cover"
"1848","B","3","LW","2",170,"Bare",0,0,"Bare_Ground","Abiotic_Cover"
"1849","B","3","LW","3",222,"ANBR",0,0,"Annual_Forb","Plant"
"1850","B","3","LW","3",222,"ASAM",0,0,"Annual_Forb","Plant"
"1851","B","3","LW","3",222,"Bromus",55,24.7747747747748,"Annual_Grass","Plant"
"1852","B","3","LW","3",222,"CHER",0,0,"Annual_Forb","Plant"
"1853","B","3","LW","3",222,"CRYPT",0,0,"Annual_Forb","Plant"
"1854","B","3","LW","3",222,"CYAC",0,0,"Annual_Forb","Plant"
"1855","B","3","LW","3",222,"DEAN",0,0,"Annual_Forb","Plant"
"1856","B","3","LW","3",222,"DEPI",1,0.45045045045045,"Annual_Forb","Plant"
"1857","B","3","LW","3",222,"Dark",0,0,"DkCy","Biocrust"
"1858","B","3","LW","3",222,"ENFR",0,0,"Annual_Forb","Plant"
"1859","B","3","LW","3",222,"EPHED",0,0,"Shrub","Plant"
"1860","B","3","LW","3",222,"EPTO",0,0,"Shrub","Plant"
"1861","B","3","LW","3",222,"EPVI",0,0,"Shrub","Plant"
"1862","B","3","LW","3",222,"ERIN",0,0,"Annual_Forb","Plant"
"1863","B","3","LW","3",222,"FEOC",1,0.45045045045045,"Annual_Grass","Plant"
"1864","B","3","LW","3",222,"GAPI",3,1.35135135135135,"Annual_Forb","Plant"
"1865","B","3","LW","3",222,"GIIN",0,0,"Annual_Forb","Plant"
"1866","B","3","LW","3",222,"GUSA",11,4.95495495495495,"Shrub","Plant"
"1867","B","3","LW","3",222,"HECO",0,0,"Perennial_Grass","Plant"
"1868","B","3","LW","3",222,"IPPO",0,0,"Annual_Forb","Plant"
"1869","B","3","LW","3",222,"KRLA",0,0,"Shrub","Plant"
"1870","B","3","LW","3",222,"LEMO",0,0,"Annual_Forb","Plant"
"1871","B","3","LW","3",222,"LEOC",0,0,"Annual_Forb","Plant"
"1872","B","3","LW","3",222,"LYGR",0,0,"Annual_Forb","Plant"
"1873","B","3","LW","3",222,"Lichen",1,0.45045045045045,"Lichen","Biocrust"
"1874","B","3","LW","3",222,"Light",49,22.0720720720721,"LtCy","Biocrust"
"1875","B","3","LW","3",222,"Litter",67,30.1801801801802,"Litter","Abiotic_Cover"
"1876","B","3","LW","3",222,"MAAF",0,0,"Annual_Forb","Plant"
"1877","B","3","LW","3",222,"Moss",5,2.25225225225225,"Moss","Biocrust"
"1878","B","3","LW","3",222,"OECA",0,0,"Annual_Forb","Plant"
"1879","B","3","LW","3",222,"OPUNT",0,0,"Cactus","Plant"
"1880","B","3","LW","3",222,"PHCR",2,0.900900900900901,"Annual_Forb","Plant"
"1881","B","3","LW","3",222,"PLPA",0,0,"Annual_Forb","Plant"
"1882","B","3","LW","3",222,"SCWH",0,0,"Cactus","Plant"
"1883","B","3","LW","3",222,"SPORO",0,0,"Perennial_Grass","Plant"
"1884","B","3","LW","3",222,"TILA",0,0,"Annual_Forb","Plant"
"1885","B","3","LW","3",222,"UNK1",0,0,"Annual_Forb","Plant"
"1886","B","3","LW","3",222,"ATCO",0,0,"Shrub","Plant"
"1887","B","3","LW","3",222,"HIJA",0,0,"Perennial_Grass","Plant"
"1888","B","3","LW","3",222,"PlantBase",8,3.6036036036036,"Plant_Base","Plant"
"1889","B","3","LW","3",222,"ACHY",11,4.95495495495495,"Perennial_Grass","Plant"
"1890","B","3","LW","3",222,"Chamber",8,3.6036036036036,"Chamber","Abiotic_Cover"
"1891","B","3","LW","3",222,"Rock",0,0,"Rock","Abiotic_Cover"
"1892","B","3","LW","3",222,"Bare",0,0,"Bare_Ground","Abiotic_Cover"
"1893","B","3","LW","4",211,"ANBR",0,0,"Annual_Forb","Plant"
"1894","B","3","LW","4",211,"ASAM",0,0,"Annual_Forb","Plant"
"1895","B","3","LW","4",211,"Bromus",47,22.2748815165877,"Annual_Grass","Plant"
"1896","B","3","LW","4",211,"CHER",0,0,"Annual_Forb","Plant"
"1897","B","3","LW","4",211,"CRYPT",0,0,"Annual_Forb","Plant"
"1898","B","3","LW","4",211,"CYAC",0,0,"Annual_Forb","Plant"
"1899","B","3","LW","4",211,"DEAN",0,0,"Annual_Forb","Plant"
"1900","B","3","LW","4",211,"DEPI",1,0.4739336492891,"Annual_Forb","Plant"
"1901","B","3","LW","4",211,"Dark",0,0,"DkCy","Biocrust"
"1902","B","3","LW","4",211,"ENFR",0,0,"Annual_Forb","Plant"
"1903","B","3","LW","4",211,"EPHED",0,0,"Shrub","Plant"
"1904","B","3","LW","4",211,"EPTO",0,0,"Shrub","Plant"
"1905","B","3","LW","4",211,"EPVI",0,0,"Shrub","Plant"
"1906","B","3","LW","4",211,"ERIN",0,0,"Annual_Forb","Plant"
"1907","B","3","LW","4",211,"FEOC",3,1.4218009478673,"Annual_Grass","Plant"
"1908","B","3","LW","4",211,"GAPI",1,0.4739336492891,"Annual_Forb","Plant"
"1909","B","3","LW","4",211,"GIIN",1,0.4739336492891,"Annual_Forb","Plant"
"1910","B","3","LW","4",211,"GUSA",0,0,"Shrub","Plant"
"1911","B","3","LW","4",211,"HECO",0,0,"Perennial_Grass","Plant"
"1912","B","3","LW","4",211,"IPPO",0,0,"Annual_Forb","Plant"
"1913","B","3","LW","4",211,"KRLA",0,0,"Shrub","Plant"
"1914","B","3","LW","4",211,"LEMO",1,0.4739336492891,"Annual_Forb","Plant"
"1915","B","3","LW","4",211,"LEOC",0,0,"Annual_Forb","Plant"
"1916","B","3","LW","4",211,"LYGR",0,0,"Annual_Forb","Plant"
"1917","B","3","LW","4",211,"Lichen",0,0,"Lichen","Biocrust"
"1918","B","3","LW","4",211,"Light",52,24.6445497630332,"LtCy","Biocrust"
"1919","B","3","LW","4",211,"Litter",63,29.8578199052133,"Litter","Abiotic_Cover"
"1920","B","3","LW","4",211,"MAAF",0,0,"Annual_Forb","Plant"
"1921","B","3","LW","4",211,"Moss",1,0.4739336492891,"Moss","Biocrust"
"1922","B","3","LW","4",211,"OECA",0,0,"Annual_Forb","Plant"
"1923","B","3","LW","4",211,"OPUNT",0,0,"Cactus","Plant"
"1924","B","3","LW","4",211,"PHCR",1,0.4739336492891,"Annual_Forb","Plant"
"1925","B","3","LW","4",211,"PLPA",0,0,"Annual_Forb","Plant"
"1926","B","3","LW","4",211,"SCWH",0,0,"Cactus","Plant"
"1927","B","3","LW","4",211,"SPORO",0,0,"Perennial_Grass","Plant"
"1928","B","3","LW","4",211,"TILA",0,0,"Annual_Forb","Plant"
"1929","B","3","LW","4",211,"UNK1",0,0,"Annual_Forb","Plant"
"1930","B","3","LW","4",211,"ATCO",27,12.7962085308057,"Shrub","Plant"
"1931","B","3","LW","4",211,"HIJA",2,0.947867298578199,"Perennial_Grass","Plant"
"1932","B","3","LW","4",211,"PlantBase",4,1.8957345971564,"Plant_Base","Plant"
"1933","B","3","LW","4",211,"ACHY",4,1.8957345971564,"Perennial_Grass","Plant"
"1934","B","3","LW","4",211,"Chamber",2,0.947867298578199,"Chamber","Abiotic_Cover"
"1935","B","3","LW","4",211,"Rock",1,0.4739336492891,"Rock","Abiotic_Cover"
"1936","B","3","LW","4",211,"Bare",0,0,"Bare_Ground","Abiotic_Cover"
"1937","B","3","W","1",170,"ANBR",0,0,"Annual_Forb","Plant"
"1938","B","3","W","1",170,"ASAM",0,0,"Annual_Forb","Plant"
"1939","B","3","W","1",170,"Bromus",36,21.1764705882353,"Annual_Grass","Plant"
"1940","B","3","W","1",170,"CHER",0,0,"Annual_Forb","Plant"
"1941","B","3","W","1",170,"CRYPT",0,0,"Annual_Forb","Plant"
"1942","B","3","W","1",170,"CYAC",0,0,"Annual_Forb","Plant"
"1943","B","3","W","1",170,"DEAN",0,0,"Annual_Forb","Plant"
"1944","B","3","W","1",170,"DEPI",0,0,"Annual_Forb","Plant"
"1945","B","3","W","1",170,"Dark",16,9.41176470588235,"DkCy","Biocrust"
"1946","B","3","W","1",170,"ENFR",0,0,"Annual_Forb","Plant"
"1947","B","3","W","1",170,"EPHED",0,0,"Shrub","Plant"
"1948","B","3","W","1",170,"EPTO",0,0,"Shrub","Plant"
"1949","B","3","W","1",170,"EPVI",0,0,"Shrub","Plant"
"1950","B","3","W","1",170,"ERIN",0,0,"Annual_Forb","Plant"
"1951","B","3","W","1",170,"FEOC",0,0,"Annual_Grass","Plant"
"1952","B","3","W","1",170,"GAPI",0,0,"Annual_Forb","Plant"
"1953","B","3","W","1",170,"GIIN",5,2.94117647058824,"Annual_Forb","Plant"
"1954","B","3","W","1",170,"GUSA",14,8.23529411764706,"Shrub","Plant"
"1955","B","3","W","1",170,"HECO",0,0,"Perennial_Grass","Plant"
"1956","B","3","W","1",170,"IPPO",0,0,"Annual_Forb","Plant"
"1957","B","3","W","1",170,"KRLA",0,0,"Shrub","Plant"
"1958","B","3","W","1",170,"LEMO",0,0,"Annual_Forb","Plant"
"1959","B","3","W","1",170,"LEOC",0,0,"Annual_Forb","Plant"
"1960","B","3","W","1",170,"LYGR",0,0,"Annual_Forb","Plant"
"1961","B","3","W","1",170,"Lichen",8,4.70588235294118,"Lichen","Biocrust"
"1962","B","3","W","1",170,"Light",27,15.8823529411765,"LtCy","Biocrust"
"1963","B","3","W","1",170,"Litter",27,15.8823529411765,"Litter","Abiotic_Cover"
"1964","B","3","W","1",170,"MAAF",0,0,"Annual_Forb","Plant"
"1965","B","3","W","1",170,"Moss",8,4.70588235294118,"Moss","Biocrust"
"1966","B","3","W","1",170,"OECA",0,0,"Annual_Forb","Plant"
"1967","B","3","W","1",170,"OPUNT",0,0,"Cactus","Plant"
"1968","B","3","W","1",170,"PHCR",0,0,"Annual_Forb","Plant"
"1969","B","3","W","1",170,"PLPA",0,0,"Annual_Forb","Plant"
"1970","B","3","W","1",170,"SCWH",0,0,"Cactus","Plant"
"1971","B","3","W","1",170,"SPORO",0,0,"Perennial_Grass","Plant"
"1972","B","3","W","1",170,"TILA",0,0,"Annual_Forb","Plant"
"1973","B","3","W","1",170,"UNK1",0,0,"Annual_Forb","Plant"
"1974","B","3","W","1",170,"ATCO",0,0,"Shrub","Plant"
"1975","B","3","W","1",170,"HIJA",7,4.11764705882353,"Perennial_Grass","Plant"
"1976","B","3","W","1",170,"PlantBase",11,6.47058823529412,"Plant_Base","Plant"
"1977","B","3","W","1",170,"ACHY",7,4.11764705882353,"Perennial_Grass","Plant"
"1978","B","3","W","1",170,"Chamber",0,0,"Chamber","Abiotic_Cover"
"1979","B","3","W","1",170,"Rock",4,2.35294117647059,"Rock","Abiotic_Cover"
"1980","B","3","W","1",170,"Bare",0,0,"Bare_Ground","Abiotic_Cover"
"1981","B","3","W","2",148,"ANBR",0,0,"Annual_Forb","Plant"
"1982","B","3","W","2",148,"ASAM",0,0,"Annual_Forb","Plant"
"1983","B","3","W","2",148,"Bromus",23,15.5405405405405,"Annual_Grass","Plant"
"1984","B","3","W","2",148,"CHER",1,0.675675675675676,"Annual_Forb","Plant"
"1985","B","3","W","2",148,"CRYPT",0,0,"Annual_Forb","Plant"
"1986","B","3","W","2",148,"CYAC",0,0,"Annual_Forb","Plant"
"1987","B","3","W","2",148,"DEAN",0,0,"Annual_Forb","Plant"
"1988","B","3","W","2",148,"DEPI",0,0,"Annual_Forb","Plant"
"1989","B","3","W","2",148,"Dark",5,3.37837837837838,"DkCy","Biocrust"
"1990","B","3","W","2",148,"ENFR",0,0,"Annual_Forb","Plant"
"1991","B","3","W","2",148,"EPHED",0,0,"Shrub","Plant"
"1992","B","3","W","2",148,"EPTO",0,0,"Shrub","Plant"
"1993","B","3","W","2",148,"EPVI",0,0,"Shrub","Plant"
"1994","B","3","W","2",148,"ERIN",1,0.675675675675676,"Annual_Forb","Plant"
"1995","B","3","W","2",148,"FEOC",0,0,"Annual_Grass","Plant"
"1996","B","3","W","2",148,"GAPI",0,0,"Annual_Forb","Plant"
"1997","B","3","W","2",148,"GIIN",1,0.675675675675676,"Annual_Forb","Plant"
"1998","B","3","W","2",148,"GUSA",9,6.08108108108108,"Shrub","Plant"
"1999","B","3","W","2",148,"HECO",0,0,"Perennial_Grass","Plant"
"2000","B","3","W","2",148,"IPPO",0,0,"Annual_Forb","Plant"
"2001","B","3","W","2",148,"KRLA",0,0,"Shrub","Plant"
"2002","B","3","W","2",148,"LEMO",0,0,"Annual_Forb","Plant"
"2003","B","3","W","2",148,"LEOC",0,0,"Annual_Forb","Plant"
"2004","B","3","W","2",148,"LYGR",0,0,"Annual_Forb","Plant"
"2005","B","3","W","2",148,"Lichen",7,4.72972972972973,"Lichen","Biocrust"
"2006","B","3","W","2",148,"Light",39,26.3513513513513,"LtCy","Biocrust"
"2007","B","3","W","2",148,"Litter",30,20.2702702702703,"Litter","Abiotic_Cover"
"2008","B","3","W","2",148,"MAAF",0,0,"Annual_Forb","Plant"
"2009","B","3","W","2",148,"Moss",5,3.37837837837838,"Moss","Biocrust"
"2010","B","3","W","2",148,"OECA",0,0,"Annual_Forb","Plant"
"2011","B","3","W","2",148,"OPUNT",0,0,"Cactus","Plant"
"2012","B","3","W","2",148,"PHCR",0,0,"Annual_Forb","Plant"
"2013","B","3","W","2",148,"PLPA",0,0,"Annual_Forb","Plant"
"2014","B","3","W","2",148,"SCWH",0,0,"Cactus","Plant"
"2015","B","3","W","2",148,"SPORO",0,0,"Perennial_Grass","Plant"
"2016","B","3","W","2",148,"TILA",0,0,"Annual_Forb","Plant"
"2017","B","3","W","2",148,"UNK1",0,0,"Annual_Forb","Plant"
"2018","B","3","W","2",148,"ATCO",0,0,"Shrub","Plant"
"2019","B","3","W","2",148,"HIJA",2,1.35135135135135,"Perennial_Grass","Plant"
"2020","B","3","W","2",148,"PlantBase",9,6.08108108108108,"Plant_Base","Plant"
"2021","B","3","W","2",148,"ACHY",7,4.72972972972973,"Perennial_Grass","Plant"
"2022","B","3","W","2",148,"Chamber",0,0,"Chamber","Abiotic_Cover"
"2023","B","3","W","2",148,"Rock",6,4.05405405405405,"Rock","Abiotic_Cover"
"2024","B","3","W","2",148,"Bare",3,2.02702702702703,"Bare_Ground","Abiotic_Cover"
"2025","B","3","W","3",245,"ANBR",1,0.408163265306122,"Annual_Forb","Plant"
"2026","B","3","W","3",245,"ASAM",1,0.408163265306122,"Annual_Forb","Plant"
"2027","B","3","W","3",245,"Bromus",72,29.3877551020408,"Annual_Grass","Plant"
"2028","B","3","W","3",245,"CHER",0,0,"Annual_Forb","Plant"
"2029","B","3","W","3",245,"CRYPT",1,0.408163265306122,"Annual_Forb","Plant"
"2030","B","3","W","3",245,"CYAC",0,0,"Annual_Forb","Plant"
"2031","B","3","W","3",245,"DEAN",0,0,"Annual_Forb","Plant"
"2032","B","3","W","3",245,"DEPI",1,0.408163265306122,"Annual_Forb","Plant"
"2033","B","3","W","3",245,"Dark",8,3.26530612244898,"DkCy","Biocrust"
"2034","B","3","W","3",245,"ENFR",0,0,"Annual_Forb","Plant"
"2035","B","3","W","3",245,"EPHED",0,0,"Shrub","Plant"
"2036","B","3","W","3",245,"EPTO",0,0,"Shrub","Plant"
"2037","B","3","W","3",245,"EPVI",0,0,"Shrub","Plant"
"2038","B","3","W","3",245,"ERIN",0,0,"Annual_Forb","Plant"
"2039","B","3","W","3",245,"FEOC",0,0,"Annual_Grass","Plant"
"2040","B","3","W","3",245,"GAPI",2,0.816326530612245,"Annual_Forb","Plant"
"2041","B","3","W","3",245,"GIIN",3,1.22448979591837,"Annual_Forb","Plant"
"2042","B","3","W","3",245,"GUSA",5,2.04081632653061,"Shrub","Plant"
"2043","B","3","W","3",245,"HECO",0,0,"Perennial_Grass","Plant"
"2044","B","3","W","3",245,"IPPO",0,0,"Annual_Forb","Plant"
"2045","B","3","W","3",245,"KRLA",0,0,"Shrub","Plant"
"2046","B","3","W","3",245,"LEMO",0,0,"Annual_Forb","Plant"
"2047","B","3","W","3",245,"LEOC",0,0,"Annual_Forb","Plant"
"2048","B","3","W","3",245,"LYGR",0,0,"Annual_Forb","Plant"
"2049","B","3","W","3",245,"Lichen",3,1.22448979591837,"Lichen","Biocrust"
"2050","B","3","W","3",245,"Light",13,5.30612244897959,"LtCy","Biocrust"
"2051","B","3","W","3",245,"Litter",73,29.7959183673469,"Litter","Abiotic_Cover"
"2052","B","3","W","3",245,"MAAF",0,0,"Annual_Forb","Plant"
"2053","B","3","W","3",245,"Moss",1,0.408163265306122,"Moss","Biocrust"
"2054","B","3","W","3",245,"OECA",0,0,"Annual_Forb","Plant"
"2055","B","3","W","3",245,"OPUNT",0,0,"Cactus","Plant"
"2056","B","3","W","3",245,"PHCR",0,0,"Annual_Forb","Plant"
"2057","B","3","W","3",245,"PLPA",0,0,"Annual_Forb","Plant"
"2058","B","3","W","3",245,"SCWH",0,0,"Cactus","Plant"
"2059","B","3","W","3",245,"SPORO",0,0,"Perennial_Grass","Plant"
"2060","B","3","W","3",245,"TILA",0,0,"Annual_Forb","Plant"
"2061","B","3","W","3",245,"UNK1",0,0,"Annual_Forb","Plant"
"2062","B","3","W","3",245,"ATCO",21,8.57142857142857,"Shrub","Plant"
"2063","B","3","W","3",245,"HIJA",5,2.04081632653061,"Perennial_Grass","Plant"
"2064","B","3","W","3",245,"PlantBase",11,4.48979591836735,"Plant_Base","Plant"
"2065","B","3","W","3",245,"ACHY",13,5.30612244897959,"Perennial_Grass","Plant"
"2066","B","3","W","3",245,"Chamber",8,3.26530612244898,"Chamber","Abiotic_Cover"
"2067","B","3","W","3",245,"Rock",2,0.816326530612245,"Rock","Abiotic_Cover"
"2068","B","3","W","3",245,"Bare",1,0.408163265306122,"Bare_Ground","Abiotic_Cover"
"2069","B","3","W","4",211,"ANBR",0,0,"Annual_Forb","Plant"
"2070","B","3","W","4",211,"ASAM",1,0.4739336492891,"Annual_Forb","Plant"
"2071","B","3","W","4",211,"Bromus",39,18.4834123222749,"Annual_Grass","Plant"
"2072","B","3","W","4",211,"CHER",0,0,"Annual_Forb","Plant"
"2073","B","3","W","4",211,"CRYPT",0,0,"Annual_Forb","Plant"
"2074","B","3","W","4",211,"CYAC",1,0.4739336492891,"Annual_Forb","Plant"
"2075","B","3","W","4",211,"DEAN",0,0,"Annual_Forb","Plant"
"2076","B","3","W","4",211,"DEPI",1,0.4739336492891,"Annual_Forb","Plant"
"2077","B","3","W","4",211,"Dark",15,7.10900473933649,"DkCy","Biocrust"
"2078","B","3","W","4",211,"ENFR",0,0,"Annual_Forb","Plant"
"2079","B","3","W","4",211,"EPHED",0,0,"Shrub","Plant"
"2080","B","3","W","4",211,"EPTO",0,0,"Shrub","Plant"
"2081","B","3","W","4",211,"EPVI",0,0,"Shrub","Plant"
"2082","B","3","W","4",211,"ERIN",0,0,"Annual_Forb","Plant"
"2083","B","3","W","4",211,"FEOC",1,0.4739336492891,"Annual_Grass","Plant"
"2084","B","3","W","4",211,"GAPI",2,0.947867298578199,"Annual_Forb","Plant"
"2085","B","3","W","4",211,"GIIN",3,1.4218009478673,"Annual_Forb","Plant"
"2086","B","3","W","4",211,"GUSA",3,1.4218009478673,"Shrub","Plant"
"2087","B","3","W","4",211,"HECO",0,0,"Perennial_Grass","Plant"
"2088","B","3","W","4",211,"IPPO",0,0,"Annual_Forb","Plant"
"2089","B","3","W","4",211,"KRLA",0,0,"Shrub","Plant"
"2090","B","3","W","4",211,"LEMO",0,0,"Annual_Forb","Plant"
"2091","B","3","W","4",211,"LEOC",0,0,"Annual_Forb","Plant"
"2092","B","3","W","4",211,"LYGR",0,0,"Annual_Forb","Plant"
"2093","B","3","W","4",211,"Lichen",2,0.947867298578199,"Lichen","Biocrust"
"2094","B","3","W","4",211,"Light",36,17.0616113744076,"LtCy","Biocrust"
"2095","B","3","W","4",211,"Litter",43,20.3791469194313,"Litter","Abiotic_Cover"
"2096","B","3","W","4",211,"MAAF",0,0,"Annual_Forb","Plant"
"2097","B","3","W","4",211,"Moss",10,4.739336492891,"Moss","Biocrust"
"2098","B","3","W","4",211,"OECA",0,0,"Annual_Forb","Plant"
"2099","B","3","W","4",211,"OPUNT",0,0,"Cactus","Plant"
"2100","B","3","W","4",211,"PHCR",0,0,"Annual_Forb","Plant"
"2101","B","3","W","4",211,"PLPA",0,0,"Annual_Forb","Plant"
"2102","B","3","W","4",211,"SCWH",0,0,"Cactus","Plant"
"2103","B","3","W","4",211,"SPORO",0,0,"Perennial_Grass","Plant"
"2104","B","3","W","4",211,"TILA",0,0,"Annual_Forb","Plant"
"2105","B","3","W","4",211,"UNK1",0,0,"Annual_Forb","Plant"
"2106","B","3","W","4",211,"ATCO",2,0.947867298578199,"Shrub","Plant"
"2107","B","3","W","4",211,"HIJA",8,3.7914691943128,"Perennial_Grass","Plant"
"2108","B","3","W","4",211,"PlantBase",11,5.21327014218009,"Plant_Base","Plant"
"2109","B","3","W","4",211,"ACHY",25,11.8483412322275,"Perennial_Grass","Plant"
"2110","B","3","W","4",211,"Chamber",3,1.4218009478673,"Chamber","Abiotic_Cover"
"2111","B","3","W","4",211,"Rock",5,2.3696682464455,"Rock","Abiotic_Cover"
"2112","B","3","W","4",211,"Bare",0,0,"Bare_Ground","Abiotic_Cover"
"2113","B","4","C","1",185,"ANBR",0,0,"Annual_Forb","Plant"
"2114","B","4","C","1",185,"ASAM",0,0,"Annual_Forb","Plant"
"2115","B","4","C","1",185,"Bromus",19,10.2702702702703,"Annual_Grass","Plant"
"2116","B","4","C","1",185,"CHER",0,0,"Annual_Forb","Plant"
"2117","B","4","C","1",185,"CRYPT",0,0,"Annual_Forb","Plant"
"2118","B","4","C","1",185,"CYAC",0,0,"Annual_Forb","Plant"
"2119","B","4","C","1",185,"DEAN",0,0,"Annual_Forb","Plant"
"2120","B","4","C","1",185,"DEPI",0,0,"Annual_Forb","Plant"
"2121","B","4","C","1",185,"Dark",10,5.40540540540541,"DkCy","Biocrust"
"2122","B","4","C","1",185,"ENFR",0,0,"Annual_Forb","Plant"
"2123","B","4","C","1",185,"EPHED",0,0,"Shrub","Plant"
"2124","B","4","C","1",185,"EPTO",0,0,"Shrub","Plant"
"2125","B","4","C","1",185,"EPVI",0,0,"Shrub","Plant"
"2126","B","4","C","1",185,"ERIN",0,0,"Annual_Forb","Plant"
"2127","B","4","C","1",185,"FEOC",0,0,"Annual_Grass","Plant"
"2128","B","4","C","1",185,"GAPI",6,3.24324324324324,"Annual_Forb","Plant"
"2129","B","4","C","1",185,"GIIN",2,1.08108108108108,"Annual_Forb","Plant"
"2130","B","4","C","1",185,"GUSA",6,3.24324324324324,"Shrub","Plant"
"2131","B","4","C","1",185,"HECO",0,0,"Perennial_Grass","Plant"
"2132","B","4","C","1",185,"IPPO",0,0,"Annual_Forb","Plant"
"2133","B","4","C","1",185,"KRLA",0,0,"Shrub","Plant"
"2134","B","4","C","1",185,"LEMO",0,0,"Annual_Forb","Plant"
"2135","B","4","C","1",185,"LEOC",0,0,"Annual_Forb","Plant"
"2136","B","4","C","1",185,"LYGR",0,0,"Annual_Forb","Plant"
"2137","B","4","C","1",185,"Lichen",1,0.540540540540541,"Lichen","Biocrust"
"2138","B","4","C","1",185,"Light",10,5.40540540540541,"LtCy","Biocrust"
"2139","B","4","C","1",185,"Litter",42,22.7027027027027,"Litter","Abiotic_Cover"
"2140","B","4","C","1",185,"MAAF",0,0,"Annual_Forb","Plant"
"2141","B","4","C","1",185,"Moss",47,25.4054054054054,"Moss","Biocrust"
"2142","B","4","C","1",185,"OECA",0,0,"Annual_Forb","Plant"
"2143","B","4","C","1",185,"OPUNT",0,0,"Cactus","Plant"
"2144","B","4","C","1",185,"PHCR",0,0,"Annual_Forb","Plant"
"2145","B","4","C","1",185,"PLPA",0,0,"Annual_Forb","Plant"
"2146","B","4","C","1",185,"SCWH",0,0,"Cactus","Plant"
"2147","B","4","C","1",185,"SPORO",0,0,"Perennial_Grass","Plant"
"2148","B","4","C","1",185,"TILA",0,0,"Annual_Forb","Plant"
"2149","B","4","C","1",185,"UNK1",0,0,"Annual_Forb","Plant"
"2150","B","4","C","1",185,"ATCO",14,7.56756756756757,"Shrub","Plant"
"2151","B","4","C","1",185,"HIJA",5,2.7027027027027,"Perennial_Grass","Plant"
"2152","B","4","C","1",185,"PlantBase",11,5.94594594594595,"Plant_Base","Plant"
"2153","B","4","C","1",185,"ACHY",12,6.48648648648649,"Perennial_Grass","Plant"
"2154","B","4","C","1",185,"Chamber",0,0,"Chamber","Abiotic_Cover"
"2155","B","4","C","1",185,"Rock",0,0,"Rock","Abiotic_Cover"
"2156","B","4","C","1",185,"Bare",0,0,"Bare_Ground","Abiotic_Cover"
"2157","B","4","C","2",181,"ANBR",0,0,"Annual_Forb","Plant"
"2158","B","4","C","2",181,"ASAM",0,0,"Annual_Forb","Plant"
"2159","B","4","C","2",181,"Bromus",28,15.4696132596685,"Annual_Grass","Plant"
"2160","B","4","C","2",181,"CHER",0,0,"Annual_Forb","Plant"
"2161","B","4","C","2",181,"CRYPT",0,0,"Annual_Forb","Plant"
"2162","B","4","C","2",181,"CYAC",0,0,"Annual_Forb","Plant"
"2163","B","4","C","2",181,"DEAN",0,0,"Annual_Forb","Plant"
"2164","B","4","C","2",181,"DEPI",1,0.552486187845304,"Annual_Forb","Plant"
"2165","B","4","C","2",181,"Dark",11,6.07734806629834,"DkCy","Biocrust"
"2166","B","4","C","2",181,"ENFR",0,0,"Annual_Forb","Plant"
"2167","B","4","C","2",181,"EPHED",0,0,"Shrub","Plant"
"2168","B","4","C","2",181,"EPTO",0,0,"Shrub","Plant"
"2169","B","4","C","2",181,"EPVI",0,0,"Shrub","Plant"
"2170","B","4","C","2",181,"ERIN",0,0,"Annual_Forb","Plant"
"2171","B","4","C","2",181,"FEOC",2,1.10497237569061,"Annual_Grass","Plant"
"2172","B","4","C","2",181,"GAPI",1,0.552486187845304,"Annual_Forb","Plant"
"2173","B","4","C","2",181,"GIIN",2,1.10497237569061,"Annual_Forb","Plant"
"2174","B","4","C","2",181,"GUSA",7,3.86740331491713,"Shrub","Plant"
"2175","B","4","C","2",181,"HECO",0,0,"Perennial_Grass","Plant"
"2176","B","4","C","2",181,"IPPO",0,0,"Annual_Forb","Plant"
"2177","B","4","C","2",181,"KRLA",0,0,"Shrub","Plant"
"2178","B","4","C","2",181,"LEMO",0,0,"Annual_Forb","Plant"
"2179","B","4","C","2",181,"LEOC",0,0,"Annual_Forb","Plant"
"2180","B","4","C","2",181,"LYGR",0,0,"Annual_Forb","Plant"
"2181","B","4","C","2",181,"Lichen",2,1.10497237569061,"Lichen","Biocrust"
"2182","B","4","C","2",181,"Light",8,4.41988950276243,"LtCy","Biocrust"
"2183","B","4","C","2",181,"Litter",25,13.8121546961326,"Litter","Abiotic_Cover"
"2184","B","4","C","2",181,"MAAF",0,0,"Annual_Forb","Plant"
"2185","B","4","C","2",181,"Moss",45,24.8618784530387,"Moss","Biocrust"
"2186","B","4","C","2",181,"OECA",0,0,"Annual_Forb","Plant"
"2187","B","4","C","2",181,"OPUNT",0,0,"Cactus","Plant"
"2188","B","4","C","2",181,"PHCR",0,0,"Annual_Forb","Plant"
"2189","B","4","C","2",181,"PLPA",0,0,"Annual_Forb","Plant"
"2190","B","4","C","2",181,"SCWH",0,0,"Cactus","Plant"
"2191","B","4","C","2",181,"SPORO",0,0,"Perennial_Grass","Plant"
"2192","B","4","C","2",181,"TILA",0,0,"Annual_Forb","Plant"
"2193","B","4","C","2",181,"UNK1",0,0,"Annual_Forb","Plant"
"2194","B","4","C","2",181,"ATCO",3,1.65745856353591,"Shrub","Plant"
"2195","B","4","C","2",181,"HIJA",9,4.97237569060773,"Perennial_Grass","Plant"
"2196","B","4","C","2",181,"PlantBase",11,6.07734806629834,"Plant_Base","Plant"
"2197","B","4","C","2",181,"ACHY",20,11.0497237569061,"Perennial_Grass","Plant"
"2198","B","4","C","2",181,"Chamber",0,0,"Chamber","Abiotic_Cover"
"2199","B","4","C","2",181,"Rock",4,2.20994475138122,"Rock","Abiotic_Cover"
"2200","B","4","C","2",181,"Bare",2,1.10497237569061,"Bare_Ground","Abiotic_Cover"
"2201","B","4","C","3",206,"ANBR",0,0,"Annual_Forb","Plant"
"2202","B","4","C","3",206,"ASAM",0,0,"Annual_Forb","Plant"
"2203","B","4","C","3",206,"Bromus",29,14.0776699029126,"Annual_Grass","Plant"
"2204","B","4","C","3",206,"CHER",0,0,"Annual_Forb","Plant"
"2205","B","4","C","3",206,"CRYPT",0,0,"Annual_Forb","Plant"
"2206","B","4","C","3",206,"CYAC",0,0,"Annual_Forb","Plant"
"2207","B","4","C","3",206,"DEAN",0,0,"Annual_Forb","Plant"
"2208","B","4","C","3",206,"DEPI",0,0,"Annual_Forb","Plant"
"2209","B","4","C","3",206,"Dark",10,4.85436893203883,"DkCy","Biocrust"
"2210","B","4","C","3",206,"ENFR",0,0,"Annual_Forb","Plant"
"2211","B","4","C","3",206,"EPHED",0,0,"Shrub","Plant"
"2212","B","4","C","3",206,"EPTO",0,0,"Shrub","Plant"
"2213","B","4","C","3",206,"EPVI",0,0,"Shrub","Plant"
"2214","B","4","C","3",206,"ERIN",0,0,"Annual_Forb","Plant"
"2215","B","4","C","3",206,"FEOC",0,0,"Annual_Grass","Plant"
"2216","B","4","C","3",206,"GAPI",1,0.485436893203883,"Annual_Forb","Plant"
"2217","B","4","C","3",206,"GIIN",3,1.45631067961165,"Annual_Forb","Plant"
"2218","B","4","C","3",206,"GUSA",1,0.485436893203883,"Shrub","Plant"
"2219","B","4","C","3",206,"HECO",0,0,"Perennial_Grass","Plant"
"2220","B","4","C","3",206,"IPPO",0,0,"Annual_Forb","Plant"
"2221","B","4","C","3",206,"KRLA",0,0,"Shrub","Plant"
"2222","B","4","C","3",206,"LEMO",0,0,"Annual_Forb","Plant"
"2223","B","4","C","3",206,"LEOC",0,0,"Annual_Forb","Plant"
"2224","B","4","C","3",206,"LYGR",0,0,"Annual_Forb","Plant"
"2225","B","4","C","3",206,"Lichen",0,0,"Lichen","Biocrust"
"2226","B","4","C","3",206,"Light",9,4.36893203883495,"LtCy","Biocrust"
"2227","B","4","C","3",206,"Litter",38,18.4466019417476,"Litter","Abiotic_Cover"
"2228","B","4","C","3",206,"MAAF",0,0,"Annual_Forb","Plant"
"2229","B","4","C","3",206,"Moss",63,30.5825242718447,"Moss","Biocrust"
"2230","B","4","C","3",206,"OECA",0,0,"Annual_Forb","Plant"
"2231","B","4","C","3",206,"OPUNT",0,0,"Cactus","Plant"
"2232","B","4","C","3",206,"PHCR",0,0,"Annual_Forb","Plant"
"2233","B","4","C","3",206,"PLPA",1,0.485436893203883,"Annual_Forb","Plant"
"2234","B","4","C","3",206,"SCWH",0,0,"Cactus","Plant"
"2235","B","4","C","3",206,"SPORO",0,0,"Perennial_Grass","Plant"
"2236","B","4","C","3",206,"TILA",0,0,"Annual_Forb","Plant"
"2237","B","4","C","3",206,"UNK1",0,0,"Annual_Forb","Plant"
"2238","B","4","C","3",206,"ATCO",0,0,"Shrub","Plant"
"2239","B","4","C","3",206,"HIJA",19,9.22330097087379,"Perennial_Grass","Plant"
"2240","B","4","C","3",206,"PlantBase",16,7.76699029126214,"Plant_Base","Plant"
"2241","B","4","C","3",206,"ACHY",4,1.94174757281553,"Perennial_Grass","Plant"
"2242","B","4","C","3",206,"Chamber",6,2.9126213592233,"Chamber","Abiotic_Cover"
"2243","B","4","C","3",206,"Rock",6,2.9126213592233,"Rock","Abiotic_Cover"
"2244","B","4","C","3",206,"Bare",0,0,"Bare_Ground","Abiotic_Cover"
"2245","B","4","C","4",242,"ANBR",0,0,"Annual_Forb","Plant"
"2246","B","4","C","4",242,"ASAM",0,0,"Annual_Forb","Plant"
"2247","B","4","C","4",242,"Bromus",40,16.5289256198347,"Annual_Grass","Plant"
"2248","B","4","C","4",242,"CHER",0,0,"Annual_Forb","Plant"
"2249","B","4","C","4",242,"CRYPT",0,0,"Annual_Forb","Plant"
"2250","B","4","C","4",242,"CYAC",0,0,"Annual_Forb","Plant"
"2251","B","4","C","4",242,"DEAN",0,0,"Annual_Forb","Plant"
"2252","B","4","C","4",242,"DEPI",0,0,"Annual_Forb","Plant"
"2253","B","4","C","4",242,"Dark",18,7.43801652892562,"DkCy","Biocrust"
"2254","B","4","C","4",242,"ENFR",0,0,"Annual_Forb","Plant"
"2255","B","4","C","4",242,"EPHED",0,0,"Shrub","Plant"
"2256","B","4","C","4",242,"EPTO",0,0,"Shrub","Plant"
"2257","B","4","C","4",242,"EPVI",0,0,"Shrub","Plant"
"2258","B","4","C","4",242,"ERIN",0,0,"Annual_Forb","Plant"
"2259","B","4","C","4",242,"FEOC",1,0.413223140495868,"Annual_Grass","Plant"
"2260","B","4","C","4",242,"GAPI",0,0,"Annual_Forb","Plant"
"2261","B","4","C","4",242,"GIIN",2,0.826446280991736,"Annual_Forb","Plant"
"2262","B","4","C","4",242,"GUSA",9,3.71900826446281,"Shrub","Plant"
"2263","B","4","C","4",242,"HECO",0,0,"Perennial_Grass","Plant"
"2264","B","4","C","4",242,"IPPO",0,0,"Annual_Forb","Plant"
"2265","B","4","C","4",242,"KRLA",0,0,"Shrub","Plant"
"2266","B","4","C","4",242,"LEMO",0,0,"Annual_Forb","Plant"
"2267","B","4","C","4",242,"LEOC",0,0,"Annual_Forb","Plant"
"2268","B","4","C","4",242,"LYGR",0,0,"Annual_Forb","Plant"
"2269","B","4","C","4",242,"Lichen",2,0.826446280991736,"Lichen","Biocrust"
"2270","B","4","C","4",242,"Light",11,4.54545454545455,"LtCy","Biocrust"
"2271","B","4","C","4",242,"Litter",53,21.900826446281,"Litter","Abiotic_Cover"
"2272","B","4","C","4",242,"MAAF",0,0,"Annual_Forb","Plant"
"2273","B","4","C","4",242,"Moss",30,12.396694214876,"Moss","Biocrust"
"2274","B","4","C","4",242,"OECA",0,0,"Annual_Forb","Plant"
"2275","B","4","C","4",242,"OPUNT",0,0,"Cactus","Plant"
"2276","B","4","C","4",242,"PHCR",0,0,"Annual_Forb","Plant"
"2277","B","4","C","4",242,"PLPA",0,0,"Annual_Forb","Plant"
"2278","B","4","C","4",242,"SCWH",0,0,"Cactus","Plant"
"2279","B","4","C","4",242,"SPORO",0,0,"Perennial_Grass","Plant"
"2280","B","4","C","4",242,"TILA",0,0,"Annual_Forb","Plant"
"2281","B","4","C","4",242,"UNK1",0,0,"Annual_Forb","Plant"
"2282","B","4","C","4",242,"ATCO",0,0,"Shrub","Plant"
"2283","B","4","C","4",242,"HIJA",6,2.47933884297521,"Perennial_Grass","Plant"
"2284","B","4","C","4",242,"PlantBase",15,6.19834710743802,"Plant_Base","Plant"
"2285","B","4","C","4",242,"ACHY",41,16.9421487603306,"Perennial_Grass","Plant"
"2286","B","4","C","4",242,"Chamber",4,1.65289256198347,"Chamber","Abiotic_Cover"
"2287","B","4","C","4",242,"Rock",9,3.71900826446281,"Rock","Abiotic_Cover"
"2288","B","4","C","4",242,"Bare",1,0.413223140495868,"Bare_Ground","Abiotic_Cover"
"2289","B","4","L","1",212,"ANBR",0,0,"Annual_Forb","Plant"
"2290","B","4","L","1",212,"ASAM",0,0,"Annual_Forb","Plant"
"2291","B","4","L","1",212,"Bromus",80,37.7358490566038,"Annual_Grass","Plant"
"2292","B","4","L","1",212,"CHER",0,0,"Annual_Forb","Plant"
"2293","B","4","L","1",212,"CRYPT",0,0,"Annual_Forb","Plant"
"2294","B","4","L","1",212,"CYAC",0,0,"Annual_Forb","Plant"
"2295","B","4","L","1",212,"DEAN",0,0,"Annual_Forb","Plant"
"2296","B","4","L","1",212,"DEPI",0,0,"Annual_Forb","Plant"
"2297","B","4","L","1",212,"Dark",6,2.83018867924528,"DkCy","Biocrust"
"2298","B","4","L","1",212,"ENFR",0,0,"Annual_Forb","Plant"
"2299","B","4","L","1",212,"EPHED",0,0,"Shrub","Plant"
"2300","B","4","L","1",212,"EPTO",4,1.88679245283019,"Shrub","Plant"
"2301","B","4","L","1",212,"EPVI",0,0,"Shrub","Plant"
"2302","B","4","L","1",212,"ERIN",0,0,"Annual_Forb","Plant"
"2303","B","4","L","1",212,"FEOC",0,0,"Annual_Grass","Plant"
"2304","B","4","L","1",212,"GAPI",6,2.83018867924528,"Annual_Forb","Plant"
"2305","B","4","L","1",212,"GIIN",0,0,"Annual_Forb","Plant"
"2306","B","4","L","1",212,"GUSA",0,0,"Shrub","Plant"
"2307","B","4","L","1",212,"HECO",0,0,"Perennial_Grass","Plant"
"2308","B","4","L","1",212,"IPPO",1,0.471698113207547,"Annual_Forb","Plant"
"2309","B","4","L","1",212,"KRLA",0,0,"Shrub","Plant"
"2310","B","4","L","1",212,"LEMO",0,0,"Annual_Forb","Plant"
"2311","B","4","L","1",212,"LEOC",0,0,"Annual_Forb","Plant"
"2312","B","4","L","1",212,"LYGR",0,0,"Annual_Forb","Plant"
"2313","B","4","L","1",212,"Lichen",0,0,"Lichen","Biocrust"
"2314","B","4","L","1",212,"Light",37,17.4528301886792,"LtCy","Biocrust"
"2315","B","4","L","1",212,"Litter",53,25,"Litter","Abiotic_Cover"
"2316","B","4","L","1",212,"MAAF",0,0,"Annual_Forb","Plant"
"2317","B","4","L","1",212,"Moss",10,4.71698113207547,"Moss","Biocrust"
"2318","B","4","L","1",212,"OECA",0,0,"Annual_Forb","Plant"
"2319","B","4","L","1",212,"OPUNT",0,0,"Cactus","Plant"
"2320","B","4","L","1",212,"PHCR",0,0,"Annual_Forb","Plant"
"2321","B","4","L","1",212,"PLPA",0,0,"Annual_Forb","Plant"
"2322","B","4","L","1",212,"SCWH",0,0,"Cactus","Plant"
"2323","B","4","L","1",212,"SPORO",0,0,"Perennial_Grass","Plant"
"2324","B","4","L","1",212,"TILA",0,0,"Annual_Forb","Plant"
"2325","B","4","L","1",212,"UNK1",0,0,"Annual_Forb","Plant"
"2326","B","4","L","1",212,"ATCO",0,0,"Shrub","Plant"
"2327","B","4","L","1",212,"HIJA",5,2.35849056603774,"Perennial_Grass","Plant"
"2328","B","4","L","1",212,"PlantBase",6,2.83018867924528,"Plant_Base","Plant"
"2329","B","4","L","1",212,"ACHY",1,0.471698113207547,"Perennial_Grass","Plant"
"2330","B","4","L","1",212,"Chamber",0,0,"Chamber","Abiotic_Cover"
"2331","B","4","L","1",212,"Rock",3,1.41509433962264,"Rock","Abiotic_Cover"
"2332","B","4","L","1",212,"Bare",0,0,"Bare_Ground","Abiotic_Cover"
"2333","B","4","L","2",201,"ANBR",0,0,"Annual_Forb","Plant"
"2334","B","4","L","2",201,"ASAM",0,0,"Annual_Forb","Plant"
"2335","B","4","L","2",201,"Bromus",91,45.273631840796,"Annual_Grass","Plant"
"2336","B","4","L","2",201,"CHER",0,0,"Annual_Forb","Plant"
"2337","B","4","L","2",201,"CRYPT",0,0,"Annual_Forb","Plant"
"2338","B","4","L","2",201,"CYAC",0,0,"Annual_Forb","Plant"
"2339","B","4","L","2",201,"DEAN",0,0,"Annual_Forb","Plant"
"2340","B","4","L","2",201,"DEPI",0,0,"Annual_Forb","Plant"
"2341","B","4","L","2",201,"Dark",3,1.49253731343284,"DkCy","Biocrust"
"2342","B","4","L","2",201,"ENFR",0,0,"Annual_Forb","Plant"
"2343","B","4","L","2",201,"EPHED",0,0,"Shrub","Plant"
"2344","B","4","L","2",201,"EPTO",0,0,"Shrub","Plant"
"2345","B","4","L","2",201,"EPVI",0,0,"Shrub","Plant"
"2346","B","4","L","2",201,"ERIN",0,0,"Annual_Forb","Plant"
"2347","B","4","L","2",201,"FEOC",0,0,"Annual_Grass","Plant"
"2348","B","4","L","2",201,"GAPI",2,0.995024875621891,"Annual_Forb","Plant"
"2349","B","4","L","2",201,"GIIN",0,0,"Annual_Forb","Plant"
"2350","B","4","L","2",201,"GUSA",7,3.48258706467662,"Shrub","Plant"
"2351","B","4","L","2",201,"HECO",0,0,"Perennial_Grass","Plant"
"2352","B","4","L","2",201,"IPPO",0,0,"Annual_Forb","Plant"
"2353","B","4","L","2",201,"KRLA",0,0,"Shrub","Plant"
"2354","B","4","L","2",201,"LEMO",0,0,"Annual_Forb","Plant"
"2355","B","4","L","2",201,"LEOC",0,0,"Annual_Forb","Plant"
"2356","B","4","L","2",201,"LYGR",0,0,"Annual_Forb","Plant"
"2357","B","4","L","2",201,"Lichen",0,0,"Lichen","Biocrust"
"2358","B","4","L","2",201,"Light",28,13.9303482587065,"LtCy","Biocrust"
"2359","B","4","L","2",201,"Litter",66,32.8358208955224,"Litter","Abiotic_Cover"
"2360","B","4","L","2",201,"MAAF",0,0,"Annual_Forb","Plant"
"2361","B","4","L","2",201,"Moss",1,0.497512437810945,"Moss","Biocrust"
"2362","B","4","L","2",201,"OECA",0,0,"Annual_Forb","Plant"
"2363","B","4","L","2",201,"OPUNT",0,0,"Cactus","Plant"
"2364","B","4","L","2",201,"PHCR",0,0,"Annual_Forb","Plant"
"2365","B","4","L","2",201,"PLPA",0,0,"Annual_Forb","Plant"
"2366","B","4","L","2",201,"SCWH",0,0,"Cactus","Plant"
"2367","B","4","L","2",201,"SPORO",0,0,"Perennial_Grass","Plant"
"2368","B","4","L","2",201,"TILA",0,0,"Annual_Forb","Plant"
"2369","B","4","L","2",201,"UNK1",0,0,"Annual_Forb","Plant"
"2370","B","4","L","2",201,"ATCO",0,0,"Shrub","Plant"
"2371","B","4","L","2",201,"HIJA",0,0,"Perennial_Grass","Plant"
"2372","B","4","L","2",201,"PlantBase",3,1.49253731343284,"Plant_Base","Plant"
"2373","B","4","L","2",201,"ACHY",0,0,"Perennial_Grass","Plant"
"2374","B","4","L","2",201,"Chamber",0,0,"Chamber","Abiotic_Cover"
"2375","B","4","L","2",201,"Rock",0,0,"Rock","Abiotic_Cover"
"2376","B","4","L","2",201,"Bare",0,0,"Bare_Ground","Abiotic_Cover"
"2377","B","4","L","3",240,"ANBR",0,0,"Annual_Forb","Plant"
"2378","B","4","L","3",240,"ASAM",0,0,"Annual_Forb","Plant"
"2379","B","4","L","3",240,"Bromus",80,33.3333333333333,"Annual_Grass","Plant"
"2380","B","4","L","3",240,"CHER",0,0,"Annual_Forb","Plant"
"2381","B","4","L","3",240,"CRYPT",0,0,"Annual_Forb","Plant"
"2382","B","4","L","3",240,"CYAC",0,0,"Annual_Forb","Plant"
"2383","B","4","L","3",240,"DEAN",0,0,"Annual_Forb","Plant"
"2384","B","4","L","3",240,"DEPI",0,0,"Annual_Forb","Plant"
"2385","B","4","L","3",240,"Dark",2,0.833333333333333,"DkCy","Biocrust"
"2386","B","4","L","3",240,"ENFR",0,0,"Annual_Forb","Plant"
"2387","B","4","L","3",240,"EPHED",0,0,"Shrub","Plant"
"2388","B","4","L","3",240,"EPTO",0,0,"Shrub","Plant"
"2389","B","4","L","3",240,"EPVI",0,0,"Shrub","Plant"
"2390","B","4","L","3",240,"ERIN",0,0,"Annual_Forb","Plant"
"2391","B","4","L","3",240,"FEOC",0,0,"Annual_Grass","Plant"
"2392","B","4","L","3",240,"GAPI",17,7.08333333333333,"Annual_Forb","Plant"
"2393","B","4","L","3",240,"GIIN",0,0,"Annual_Forb","Plant"
"2394","B","4","L","3",240,"GUSA",0,0,"Shrub","Plant"
"2395","B","4","L","3",240,"HECO",0,0,"Perennial_Grass","Plant"
"2396","B","4","L","3",240,"IPPO",0,0,"Annual_Forb","Plant"
"2397","B","4","L","3",240,"KRLA",0,0,"Shrub","Plant"
"2398","B","4","L","3",240,"LEMO",0,0,"Annual_Forb","Plant"
"2399","B","4","L","3",240,"LEOC",0,0,"Annual_Forb","Plant"
"2400","B","4","L","3",240,"LYGR",0,0,"Annual_Forb","Plant"
"2401","B","4","L","3",240,"Lichen",2,0.833333333333333,"Lichen","Biocrust"
"2402","B","4","L","3",240,"Light",23,9.58333333333333,"LtCy","Biocrust"
"2403","B","4","L","3",240,"Litter",57,23.75,"Litter","Abiotic_Cover"
"2404","B","4","L","3",240,"MAAF",0,0,"Annual_Forb","Plant"
"2405","B","4","L","3",240,"Moss",5,2.08333333333333,"Moss","Biocrust"
"2406","B","4","L","3",240,"OECA",0,0,"Annual_Forb","Plant"
"2407","B","4","L","3",240,"OPUNT",0,0,"Cactus","Plant"
"2408","B","4","L","3",240,"PHCR",0,0,"Annual_Forb","Plant"
"2409","B","4","L","3",240,"PLPA",0,0,"Annual_Forb","Plant"
"2410","B","4","L","3",240,"SCWH",0,0,"Cactus","Plant"
"2411","B","4","L","3",240,"SPORO",0,0,"Perennial_Grass","Plant"
"2412","B","4","L","3",240,"TILA",0,0,"Annual_Forb","Plant"
"2413","B","4","L","3",240,"UNK1",0,0,"Annual_Forb","Plant"
"2414","B","4","L","3",240,"ATCO",0,0,"Shrub","Plant"
"2415","B","4","L","3",240,"HIJA",4,1.66666666666667,"Perennial_Grass","Plant"
"2416","B","4","L","3",240,"PlantBase",3,1.25,"Plant_Base","Plant"
"2417","B","4","L","3",240,"ACHY",19,7.91666666666667,"Perennial_Grass","Plant"
"2418","B","4","L","3",240,"Chamber",12,5,"Chamber","Abiotic_Cover"
"2419","B","4","L","3",240,"Rock",15,6.25,"Rock","Abiotic_Cover"
"2420","B","4","L","3",240,"Bare",1,0.416666666666667,"Bare_Ground","Abiotic_Cover"
"2421","B","4","L","4",232,"ANBR",0,0,"Annual_Forb","Plant"
"2422","B","4","L","4",232,"ASAM",0,0,"Annual_Forb","Plant"
"2423","B","4","L","4",232,"Bromus",81,34.9137931034483,"Annual_Grass","Plant"
"2424","B","4","L","4",232,"CHER",0,0,"Annual_Forb","Plant"
"2425","B","4","L","4",232,"CRYPT",0,0,"Annual_Forb","Plant"
"2426","B","4","L","4",232,"CYAC",0,0,"Annual_Forb","Plant"
"2427","B","4","L","4",232,"DEAN",0,0,"Annual_Forb","Plant"
"2428","B","4","L","4",232,"DEPI",0,0,"Annual_Forb","Plant"
"2429","B","4","L","4",232,"Dark",3,1.29310344827586,"DkCy","Biocrust"
"2430","B","4","L","4",232,"ENFR",0,0,"Annual_Forb","Plant"
"2431","B","4","L","4",232,"EPHED",0,0,"Shrub","Plant"
"2432","B","4","L","4",232,"EPTO",0,0,"Shrub","Plant"
"2433","B","4","L","4",232,"EPVI",0,0,"Shrub","Plant"
"2434","B","4","L","4",232,"ERIN",0,0,"Annual_Forb","Plant"
"2435","B","4","L","4",232,"FEOC",0,0,"Annual_Grass","Plant"
"2436","B","4","L","4",232,"GAPI",4,1.72413793103448,"Annual_Forb","Plant"
"2437","B","4","L","4",232,"GIIN",0,0,"Annual_Forb","Plant"
"2438","B","4","L","4",232,"GUSA",0,0,"Shrub","Plant"
"2439","B","4","L","4",232,"HECO",0,0,"Perennial_Grass","Plant"
"2440","B","4","L","4",232,"IPPO",0,0,"Annual_Forb","Plant"
"2441","B","4","L","4",232,"KRLA",0,0,"Shrub","Plant"
"2442","B","4","L","4",232,"LEMO",0,0,"Annual_Forb","Plant"
"2443","B","4","L","4",232,"LEOC",0,0,"Annual_Forb","Plant"
"2444","B","4","L","4",232,"LYGR",0,0,"Annual_Forb","Plant"
"2445","B","4","L","4",232,"Lichen",5,2.1551724137931,"Lichen","Biocrust"
"2446","B","4","L","4",232,"Light",21,9.05172413793103,"LtCy","Biocrust"
"2447","B","4","L","4",232,"Litter",59,25.4310344827586,"Litter","Abiotic_Cover"
"2448","B","4","L","4",232,"MAAF",0,0,"Annual_Forb","Plant"
"2449","B","4","L","4",232,"Moss",31,13.3620689655172,"Moss","Biocrust"
"2450","B","4","L","4",232,"OECA",0,0,"Annual_Forb","Plant"
"2451","B","4","L","4",232,"OPUNT",0,0,"Cactus","Plant"
"2452","B","4","L","4",232,"PHCR",0,0,"Annual_Forb","Plant"
"2453","B","4","L","4",232,"PLPA",0,0,"Annual_Forb","Plant"
"2454","B","4","L","4",232,"SCWH",0,0,"Cactus","Plant"
"2455","B","4","L","4",232,"SPORO",0,0,"Perennial_Grass","Plant"
"2456","B","4","L","4",232,"TILA",0,0,"Annual_Forb","Plant"
"2457","B","4","L","4",232,"UNK1",0,0,"Annual_Forb","Plant"
"2458","B","4","L","4",232,"ATCO",0,0,"Shrub","Plant"
"2459","B","4","L","4",232,"HIJA",0,0,"Perennial_Grass","Plant"
"2460","B","4","L","4",232,"PlantBase",2,0.862068965517241,"Plant_Base","Plant"
"2461","B","4","L","4",232,"ACHY",13,5.60344827586207,"Perennial_Grass","Plant"
"2462","B","4","L","4",232,"Chamber",2,0.862068965517241,"Chamber","Abiotic_Cover"
"2463","B","4","L","4",232,"Rock",10,4.31034482758621,"Rock","Abiotic_Cover"
"2464","B","4","L","4",232,"Bare",1,0.431034482758621,"Bare_Ground","Abiotic_Cover"
"2465","B","4","LW","1",186,"ANBR",0,0,"Annual_Forb","Plant"
"2466","B","4","LW","1",186,"ASAM",0,0,"Annual_Forb","Plant"
"2467","B","4","LW","1",186,"Bromus",53,28.494623655914,"Annual_Grass","Plant"
"2468","B","4","LW","1",186,"CHER",0,0,"Annual_Forb","Plant"
"2469","B","4","LW","1",186,"CRYPT",0,0,"Annual_Forb","Plant"
"2470","B","4","LW","1",186,"CYAC",0,0,"Annual_Forb","Plant"
"2471","B","4","LW","1",186,"DEAN",0,0,"Annual_Forb","Plant"
"2472","B","4","LW","1",186,"DEPI",1,0.537634408602151,"Annual_Forb","Plant"
"2473","B","4","LW","1",186,"Dark",3,1.61290322580645,"DkCy","Biocrust"
"2474","B","4","LW","1",186,"ENFR",0,0,"Annual_Forb","Plant"
"2475","B","4","LW","1",186,"EPHED",0,0,"Shrub","Plant"
"2476","B","4","LW","1",186,"EPTO",0,0,"Shrub","Plant"
"2477","B","4","LW","1",186,"EPVI",0,0,"Shrub","Plant"
"2478","B","4","LW","1",186,"ERIN",0,0,"Annual_Forb","Plant"
"2479","B","4","LW","1",186,"FEOC",0,0,"Annual_Grass","Plant"
"2480","B","4","LW","1",186,"GAPI",4,2.1505376344086,"Annual_Forb","Plant"
"2481","B","4","LW","1",186,"GIIN",0,0,"Annual_Forb","Plant"
"2482","B","4","LW","1",186,"GUSA",0,0,"Shrub","Plant"
"2483","B","4","LW","1",186,"HECO",0,0,"Perennial_Grass","Plant"
"2484","B","4","LW","1",186,"IPPO",0,0,"Annual_Forb","Plant"
"2485","B","4","LW","1",186,"KRLA",0,0,"Shrub","Plant"
"2486","B","4","LW","1",186,"LEMO",0,0,"Annual_Forb","Plant"
"2487","B","4","LW","1",186,"LEOC",0,0,"Annual_Forb","Plant"
"2488","B","4","LW","1",186,"LYGR",15,8.06451612903226,"Annual_Forb","Plant"
"2489","B","4","LW","1",186,"Lichen",1,0.537634408602151,"Lichen","Biocrust"
"2490","B","4","LW","1",186,"Light",49,26.3440860215054,"LtCy","Biocrust"
"2491","B","4","LW","1",186,"Litter",48,25.8064516129032,"Litter","Abiotic_Cover"
"2492","B","4","LW","1",186,"MAAF",0,0,"Annual_Forb","Plant"
"2493","B","4","LW","1",186,"Moss",0,0,"Moss","Biocrust"
"2494","B","4","LW","1",186,"OECA",0,0,"Annual_Forb","Plant"
"2495","B","4","LW","1",186,"OPUNT",0,0,"Cactus","Plant"
"2496","B","4","LW","1",186,"PHCR",0,0,"Annual_Forb","Plant"
"2497","B","4","LW","1",186,"PLPA",0,0,"Annual_Forb","Plant"
"2498","B","4","LW","1",186,"SCWH",0,0,"Cactus","Plant"
"2499","B","4","LW","1",186,"SPORO",0,0,"Perennial_Grass","Plant"
"2500","B","4","LW","1",186,"TILA",0,0,"Annual_Forb","Plant"
"2501","B","4","LW","1",186,"UNK1",0,0,"Annual_Forb","Plant"
"2502","B","4","LW","1",186,"ATCO",0,0,"Shrub","Plant"
"2503","B","4","LW","1",186,"HIJA",0,0,"Perennial_Grass","Plant"
"2504","B","4","LW","1",186,"PlantBase",1,0.537634408602151,"Plant_Base","Plant"
"2505","B","4","LW","1",186,"ACHY",0,0,"Perennial_Grass","Plant"
"2506","B","4","LW","1",186,"Chamber",0,0,"Chamber","Abiotic_Cover"
"2507","B","4","LW","1",186,"Rock",10,5.37634408602151,"Rock","Abiotic_Cover"
"2508","B","4","LW","1",186,"Bare",1,0.537634408602151,"Bare_Ground","Abiotic_Cover"
"2509","B","4","LW","2",207,"ANBR",0,0,"Annual_Forb","Plant"
"2510","B","4","LW","2",207,"ASAM",0,0,"Annual_Forb","Plant"
"2511","B","4","LW","2",207,"Bromus",94,45.4106280193237,"Annual_Grass","Plant"
"2512","B","4","LW","2",207,"CHER",0,0,"Annual_Forb","Plant"
"2513","B","4","LW","2",207,"CRYPT",0,0,"Annual_Forb","Plant"
"2514","B","4","LW","2",207,"CYAC",0,0,"Annual_Forb","Plant"
"2515","B","4","LW","2",207,"DEAN",0,0,"Annual_Forb","Plant"
"2516","B","4","LW","2",207,"DEPI",0,0,"Annual_Forb","Plant"
"2517","B","4","LW","2",207,"Dark",4,1.93236714975845,"DkCy","Biocrust"
"2518","B","4","LW","2",207,"ENFR",0,0,"Annual_Forb","Plant"
"2519","B","4","LW","2",207,"EPHED",0,0,"Shrub","Plant"
"2520","B","4","LW","2",207,"EPTO",0,0,"Shrub","Plant"
"2521","B","4","LW","2",207,"EPVI",0,0,"Shrub","Plant"
"2522","B","4","LW","2",207,"ERIN",0,0,"Annual_Forb","Plant"
"2523","B","4","LW","2",207,"FEOC",0,0,"Annual_Grass","Plant"
"2524","B","4","LW","2",207,"GAPI",3,1.44927536231884,"Annual_Forb","Plant"
"2525","B","4","LW","2",207,"GIIN",0,0,"Annual_Forb","Plant"
"2526","B","4","LW","2",207,"GUSA",0,0,"Shrub","Plant"
"2527","B","4","LW","2",207,"HECO",0,0,"Perennial_Grass","Plant"
"2528","B","4","LW","2",207,"IPPO",0,0,"Annual_Forb","Plant"
"2529","B","4","LW","2",207,"KRLA",0,0,"Shrub","Plant"
"2530","B","4","LW","2",207,"LEMO",0,0,"Annual_Forb","Plant"
"2531","B","4","LW","2",207,"LEOC",0,0,"Annual_Forb","Plant"
"2532","B","4","LW","2",207,"LYGR",1,0.483091787439614,"Annual_Forb","Plant"
"2533","B","4","LW","2",207,"Lichen",0,0,"Lichen","Biocrust"
"2534","B","4","LW","2",207,"Light",11,5.31400966183575,"LtCy","Biocrust"
"2535","B","4","LW","2",207,"Litter",85,41.0628019323672,"Litter","Abiotic_Cover"
"2536","B","4","LW","2",207,"MAAF",0,0,"Annual_Forb","Plant"
"2537","B","4","LW","2",207,"Moss",0,0,"Moss","Biocrust"
"2538","B","4","LW","2",207,"OECA",0,0,"Annual_Forb","Plant"
"2539","B","4","LW","2",207,"OPUNT",0,0,"Cactus","Plant"
"2540","B","4","LW","2",207,"PHCR",0,0,"Annual_Forb","Plant"
"2541","B","4","LW","2",207,"PLPA",0,0,"Annual_Forb","Plant"
"2542","B","4","LW","2",207,"SCWH",0,0,"Cactus","Plant"
"2543","B","4","LW","2",207,"SPORO",0,0,"Perennial_Grass","Plant"
"2544","B","4","LW","2",207,"TILA",0,0,"Annual_Forb","Plant"
"2545","B","4","LW","2",207,"UNK1",0,0,"Annual_Forb","Plant"
"2546","B","4","LW","2",207,"ATCO",1,0.483091787439614,"Shrub","Plant"
"2547","B","4","LW","2",207,"HIJA",0,0,"Perennial_Grass","Plant"
"2548","B","4","LW","2",207,"PlantBase",4,1.93236714975845,"Plant_Base","Plant"
"2549","B","4","LW","2",207,"ACHY",4,1.93236714975845,"Perennial_Grass","Plant"
"2550","B","4","LW","2",207,"Chamber",0,0,"Chamber","Abiotic_Cover"
"2551","B","4","LW","2",207,"Rock",0,0,"Rock","Abiotic_Cover"
"2552","B","4","LW","2",207,"Bare",0,0,"Bare_Ground","Abiotic_Cover"
"2553","B","4","LW","3",244,"ANBR",0,0,"Annual_Forb","Plant"
"2554","B","4","LW","3",244,"ASAM",0,0,"Annual_Forb","Plant"
"2555","B","4","LW","3",244,"Bromus",79,32.3770491803279,"Annual_Grass","Plant"
"2556","B","4","LW","3",244,"CHER",0,0,"Annual_Forb","Plant"
"2557","B","4","LW","3",244,"CRYPT",0,0,"Annual_Forb","Plant"
"2558","B","4","LW","3",244,"CYAC",0,0,"Annual_Forb","Plant"
"2559","B","4","LW","3",244,"DEAN",0,0,"Annual_Forb","Plant"
"2560","B","4","LW","3",244,"DEPI",0,0,"Annual_Forb","Plant"
"2561","B","4","LW","3",244,"Dark",9,3.68852459016393,"DkCy","Biocrust"
"2562","B","4","LW","3",244,"ENFR",0,0,"Annual_Forb","Plant"
"2563","B","4","LW","3",244,"EPHED",0,0,"Shrub","Plant"
"2564","B","4","LW","3",244,"EPTO",0,0,"Shrub","Plant"
"2565","B","4","LW","3",244,"EPVI",0,0,"Shrub","Plant"
"2566","B","4","LW","3",244,"ERIN",0,0,"Annual_Forb","Plant"
"2567","B","4","LW","3",244,"FEOC",0,0,"Annual_Grass","Plant"
"2568","B","4","LW","3",244,"GAPI",7,2.86885245901639,"Annual_Forb","Plant"
"2569","B","4","LW","3",244,"GIIN",2,0.819672131147541,"Annual_Forb","Plant"
"2570","B","4","LW","3",244,"GUSA",7,2.86885245901639,"Shrub","Plant"
"2571","B","4","LW","3",244,"HECO",0,0,"Perennial_Grass","Plant"
"2572","B","4","LW","3",244,"IPPO",0,0,"Annual_Forb","Plant"
"2573","B","4","LW","3",244,"KRLA",0,0,"Shrub","Plant"
"2574","B","4","LW","3",244,"LEMO",2,0.819672131147541,"Annual_Forb","Plant"
"2575","B","4","LW","3",244,"LEOC",0,0,"Annual_Forb","Plant"
"2576","B","4","LW","3",244,"LYGR",5,2.04918032786885,"Annual_Forb","Plant"
"2577","B","4","LW","3",244,"Lichen",1,0.409836065573771,"Lichen","Biocrust"
"2578","B","4","LW","3",244,"Light",48,19.672131147541,"LtCy","Biocrust"
"2579","B","4","LW","3",244,"Litter",54,22.1311475409836,"Litter","Abiotic_Cover"
"2580","B","4","LW","3",244,"MAAF",0,0,"Annual_Forb","Plant"
"2581","B","4","LW","3",244,"Moss",1,0.409836065573771,"Moss","Biocrust"
"2582","B","4","LW","3",244,"OECA",0,0,"Annual_Forb","Plant"
"2583","B","4","LW","3",244,"OPUNT",0,0,"Cactus","Plant"
"2584","B","4","LW","3",244,"PHCR",1,0.409836065573771,"Annual_Forb","Plant"
"2585","B","4","LW","3",244,"PLPA",0,0,"Annual_Forb","Plant"
"2586","B","4","LW","3",244,"SCWH",0,0,"Cactus","Plant"
"2587","B","4","LW","3",244,"SPORO",0,0,"Perennial_Grass","Plant"
"2588","B","4","LW","3",244,"TILA",0,0,"Annual_Forb","Plant"
"2589","B","4","LW","3",244,"UNK1",0,0,"Annual_Forb","Plant"
"2590","B","4","LW","3",244,"ATCO",0,0,"Shrub","Plant"
"2591","B","4","LW","3",244,"HIJA",0,0,"Perennial_Grass","Plant"
"2592","B","4","LW","3",244,"PlantBase",14,5.73770491803279,"Plant_Base","Plant"
"2593","B","4","LW","3",244,"ACHY",0,0,"Perennial_Grass","Plant"
"2594","B","4","LW","3",244,"Chamber",9,3.68852459016393,"Chamber","Abiotic_Cover"
"2595","B","4","LW","3",244,"Rock",1,0.409836065573771,"Rock","Abiotic_Cover"
"2596","B","4","LW","3",244,"Bare",4,1.63934426229508,"Bare_Ground","Abiotic_Cover"
"2597","B","4","LW","4",232,"ANBR",0,0,"Annual_Forb","Plant"
"2598","B","4","LW","4",232,"ASAM",0,0,"Annual_Forb","Plant"
"2599","B","4","LW","4",232,"Bromus",67,28.8793103448276,"Annual_Grass","Plant"
"2600","B","4","LW","4",232,"CHER",0,0,"Annual_Forb","Plant"
"2601","B","4","LW","4",232,"CRYPT",0,0,"Annual_Forb","Plant"
"2602","B","4","LW","4",232,"CYAC",0,0,"Annual_Forb","Plant"
"2603","B","4","LW","4",232,"DEAN",1,0.431034482758621,"Annual_Forb","Plant"
"2604","B","4","LW","4",232,"DEPI",0,0,"Annual_Forb","Plant"
"2605","B","4","LW","4",232,"Dark",4,1.72413793103448,"DkCy","Biocrust"
"2606","B","4","LW","4",232,"ENFR",0,0,"Annual_Forb","Plant"
"2607","B","4","LW","4",232,"EPHED",0,0,"Shrub","Plant"
"2608","B","4","LW","4",232,"EPTO",0,0,"Shrub","Plant"
"2609","B","4","LW","4",232,"EPVI",0,0,"Shrub","Plant"
"2610","B","4","LW","4",232,"ERIN",0,0,"Annual_Forb","Plant"
"2611","B","4","LW","4",232,"FEOC",0,0,"Annual_Grass","Plant"
"2612","B","4","LW","4",232,"GAPI",8,3.44827586206897,"Annual_Forb","Plant"
"2613","B","4","LW","4",232,"GIIN",1,0.431034482758621,"Annual_Forb","Plant"
"2614","B","4","LW","4",232,"GUSA",0,0,"Shrub","Plant"
"2615","B","4","LW","4",232,"HECO",0,0,"Perennial_Grass","Plant"
"2616","B","4","LW","4",232,"IPPO",0,0,"Annual_Forb","Plant"
"2617","B","4","LW","4",232,"KRLA",0,0,"Shrub","Plant"
"2618","B","4","LW","4",232,"LEMO",1,0.431034482758621,"Annual_Forb","Plant"
"2619","B","4","LW","4",232,"LEOC",0,0,"Annual_Forb","Plant"
"2620","B","4","LW","4",232,"LYGR",0,0,"Annual_Forb","Plant"
"2621","B","4","LW","4",232,"Lichen",0,0,"Lichen","Biocrust"
"2622","B","4","LW","4",232,"Light",59,25.4310344827586,"LtCy","Biocrust"
"2623","B","4","LW","4",232,"Litter",45,19.3965517241379,"Litter","Abiotic_Cover"
"2624","B","4","LW","4",232,"MAAF",0,0,"Annual_Forb","Plant"
"2625","B","4","LW","4",232,"Moss",0,0,"Moss","Biocrust"
"2626","B","4","LW","4",232,"OECA",0,0,"Annual_Forb","Plant"
"2627","B","4","LW","4",232,"OPUNT",3,1.29310344827586,"Cactus","Plant"
"2628","B","4","LW","4",232,"PHCR",0,0,"Annual_Forb","Plant"
"2629","B","4","LW","4",232,"PLPA",0,0,"Annual_Forb","Plant"
"2630","B","4","LW","4",232,"SCWH",0,0,"Cactus","Plant"
"2631","B","4","LW","4",232,"SPORO",0,0,"Perennial_Grass","Plant"
"2632","B","4","LW","4",232,"TILA",0,0,"Annual_Forb","Plant"
"2633","B","4","LW","4",232,"UNK1",0,0,"Annual_Forb","Plant"
"2634","B","4","LW","4",232,"ATCO",0,0,"Shrub","Plant"
"2635","B","4","LW","4",232,"HIJA",4,1.72413793103448,"Perennial_Grass","Plant"
"2636","B","4","LW","4",232,"PlantBase",10,4.31034482758621,"Plant_Base","Plant"
"2637","B","4","LW","4",232,"ACHY",13,5.60344827586207,"Perennial_Grass","Plant"
"2638","B","4","LW","4",232,"Chamber",3,1.29310344827586,"Chamber","Abiotic_Cover"
"2639","B","4","LW","4",232,"Rock",11,4.74137931034483,"Rock","Abiotic_Cover"
"2640","B","4","LW","4",232,"Bare",2,0.862068965517241,"Bare_Ground","Abiotic_Cover"
"2641","B","4","W","1",206,"ANBR",0,0,"Annual_Forb","Plant"
"2642","B","4","W","1",206,"ASAM",0,0,"Annual_Forb","Plant"
"2643","B","4","W","1",206,"Bromus",51,24.7572815533981,"Annual_Grass","Plant"
"2644","B","4","W","1",206,"CHER",0,0,"Annual_Forb","Plant"
"2645","B","4","W","1",206,"CRYPT",0,0,"Annual_Forb","Plant"
"2646","B","4","W","1",206,"CYAC",0,0,"Annual_Forb","Plant"
"2647","B","4","W","1",206,"DEAN",0,0,"Annual_Forb","Plant"
"2648","B","4","W","1",206,"DEPI",0,0,"Annual_Forb","Plant"
"2649","B","4","W","1",206,"Dark",20,9.70873786407767,"DkCy","Biocrust"
"2650","B","4","W","1",206,"ENFR",0,0,"Annual_Forb","Plant"
"2651","B","4","W","1",206,"EPHED",0,0,"Shrub","Plant"
"2652","B","4","W","1",206,"EPTO",0,0,"Shrub","Plant"
"2653","B","4","W","1",206,"EPVI",0,0,"Shrub","Plant"
"2654","B","4","W","1",206,"ERIN",0,0,"Annual_Forb","Plant"
"2655","B","4","W","1",206,"FEOC",1,0.485436893203883,"Annual_Grass","Plant"
"2656","B","4","W","1",206,"GAPI",0,0,"Annual_Forb","Plant"
"2657","B","4","W","1",206,"GIIN",0,0,"Annual_Forb","Plant"
"2658","B","4","W","1",206,"GUSA",21,10.1941747572816,"Shrub","Plant"
"2659","B","4","W","1",206,"HECO",0,0,"Perennial_Grass","Plant"
"2660","B","4","W","1",206,"IPPO",0,0,"Annual_Forb","Plant"
"2661","B","4","W","1",206,"KRLA",0,0,"Shrub","Plant"
"2662","B","4","W","1",206,"LEMO",0,0,"Annual_Forb","Plant"
"2663","B","4","W","1",206,"LEOC",0,0,"Annual_Forb","Plant"
"2664","B","4","W","1",206,"LYGR",0,0,"Annual_Forb","Plant"
"2665","B","4","W","1",206,"Lichen",5,2.42718446601942,"Lichen","Biocrust"
"2666","B","4","W","1",206,"Light",16,7.76699029126214,"LtCy","Biocrust"
"2667","B","4","W","1",206,"Litter",41,19.9029126213592,"Litter","Abiotic_Cover"
"2668","B","4","W","1",206,"MAAF",0,0,"Annual_Forb","Plant"
"2669","B","4","W","1",206,"Moss",24,11.6504854368932,"Moss","Biocrust"
"2670","B","4","W","1",206,"OECA",0,0,"Annual_Forb","Plant"
"2671","B","4","W","1",206,"OPUNT",0,0,"Cactus","Plant"
"2672","B","4","W","1",206,"PHCR",0,0,"Annual_Forb","Plant"
"2673","B","4","W","1",206,"PLPA",0,0,"Annual_Forb","Plant"
"2674","B","4","W","1",206,"SCWH",0,0,"Cactus","Plant"
"2675","B","4","W","1",206,"SPORO",0,0,"Perennial_Grass","Plant"
"2676","B","4","W","1",206,"TILA",0,0,"Annual_Forb","Plant"
"2677","B","4","W","1",206,"UNK1",0,0,"Annual_Forb","Plant"
"2678","B","4","W","1",206,"ATCO",0,0,"Shrub","Plant"
"2679","B","4","W","1",206,"HIJA",13,6.31067961165049,"Perennial_Grass","Plant"
"2680","B","4","W","1",206,"PlantBase",8,3.88349514563107,"Plant_Base","Plant"
"2681","B","4","W","1",206,"ACHY",0,0,"Perennial_Grass","Plant"
"2682","B","4","W","1",206,"Chamber",0,0,"Chamber","Abiotic_Cover"
"2683","B","4","W","1",206,"Rock",5,2.42718446601942,"Rock","Abiotic_Cover"
"2684","B","4","W","1",206,"Bare",1,0.485436893203883,"Bare_Ground","Abiotic_Cover"
"2685","B","4","W","2",228,"ANBR",0,0,"Annual_Forb","Plant"
"2686","B","4","W","2",228,"ASAM",0,0,"Annual_Forb","Plant"
"2687","B","4","W","2",228,"Bromus",76,33.3333333333333,"Annual_Grass","Plant"
"2688","B","4","W","2",228,"CHER",0,0,"Annual_Forb","Plant"
"2689","B","4","W","2",228,"CRYPT",0,0,"Annual_Forb","Plant"
"2690","B","4","W","2",228,"CYAC",0,0,"Annual_Forb","Plant"
"2691","B","4","W","2",228,"DEAN",0,0,"Annual_Forb","Plant"
"2692","B","4","W","2",228,"DEPI",0,0,"Annual_Forb","Plant"
"2693","B","4","W","2",228,"Dark",7,3.07017543859649,"DkCy","Biocrust"
"2694","B","4","W","2",228,"ENFR",0,0,"Annual_Forb","Plant"
"2695","B","4","W","2",228,"EPHED",0,0,"Shrub","Plant"
"2696","B","4","W","2",228,"EPTO",0,0,"Shrub","Plant"
"2697","B","4","W","2",228,"EPVI",0,0,"Shrub","Plant"
"2698","B","4","W","2",228,"ERIN",0,0,"Annual_Forb","Plant"
"2699","B","4","W","2",228,"FEOC",0,0,"Annual_Grass","Plant"
"2700","B","4","W","2",228,"GAPI",1,0.43859649122807,"Annual_Forb","Plant"
"2701","B","4","W","2",228,"GIIN",0,0,"Annual_Forb","Plant"
"2702","B","4","W","2",228,"GUSA",18,7.89473684210526,"Shrub","Plant"
"2703","B","4","W","2",228,"HECO",0,0,"Perennial_Grass","Plant"
"2704","B","4","W","2",228,"IPPO",0,0,"Annual_Forb","Plant"
"2705","B","4","W","2",228,"KRLA",0,0,"Shrub","Plant"
"2706","B","4","W","2",228,"LEMO",0,0,"Annual_Forb","Plant"
"2707","B","4","W","2",228,"LEOC",0,0,"Annual_Forb","Plant"
"2708","B","4","W","2",228,"LYGR",0,0,"Annual_Forb","Plant"
"2709","B","4","W","2",228,"Lichen",2,0.87719298245614,"Lichen","Biocrust"
"2710","B","4","W","2",228,"Light",1,0.43859649122807,"LtCy","Biocrust"
"2711","B","4","W","2",228,"Litter",83,36.4035087719298,"Litter","Abiotic_Cover"
"2712","B","4","W","2",228,"MAAF",0,0,"Annual_Forb","Plant"
"2713","B","4","W","2",228,"Moss",15,6.57894736842105,"Moss","Biocrust"
"2714","B","4","W","2",228,"OECA",0,0,"Annual_Forb","Plant"
"2715","B","4","W","2",228,"OPUNT",0,0,"Cactus","Plant"
"2716","B","4","W","2",228,"PHCR",0,0,"Annual_Forb","Plant"
"2717","B","4","W","2",228,"PLPA",0,0,"Annual_Forb","Plant"
"2718","B","4","W","2",228,"SCWH",0,0,"Cactus","Plant"
"2719","B","4","W","2",228,"SPORO",0,0,"Perennial_Grass","Plant"
"2720","B","4","W","2",228,"TILA",0,0,"Annual_Forb","Plant"
"2721","B","4","W","2",228,"UNK1",0,0,"Annual_Forb","Plant"
"2722","B","4","W","2",228,"ATCO",2,0.87719298245614,"Shrub","Plant"
"2723","B","4","W","2",228,"HIJA",10,4.3859649122807,"Perennial_Grass","Plant"
"2724","B","4","W","2",228,"PlantBase",7,3.07017543859649,"Plant_Base","Plant"
"2725","B","4","W","2",228,"ACHY",0,0,"Perennial_Grass","Plant"
"2726","B","4","W","2",228,"Chamber",0,0,"Chamber","Abiotic_Cover"
"2727","B","4","W","2",228,"Rock",5,2.19298245614035,"Rock","Abiotic_Cover"
"2728","B","4","W","2",228,"Bare",1,0.43859649122807,"Bare_Ground","Abiotic_Cover"
"2729","B","4","W","3",190,"ANBR",0,0,"Annual_Forb","Plant"
"2730","B","4","W","3",190,"ASAM",0,0,"Annual_Forb","Plant"
"2731","B","4","W","3",190,"Bromus",34,17.8947368421053,"Annual_Grass","Plant"
"2732","B","4","W","3",190,"CHER",0,0,"Annual_Forb","Plant"
"2733","B","4","W","3",190,"CRYPT",0,0,"Annual_Forb","Plant"
"2734","B","4","W","3",190,"CYAC",1,0.526315789473684,"Annual_Forb","Plant"
"2735","B","4","W","3",190,"DEAN",0,0,"Annual_Forb","Plant"
"2736","B","4","W","3",190,"DEPI",2,1.05263157894737,"Annual_Forb","Plant"
"2737","B","4","W","3",190,"Dark",27,14.2105263157895,"DkCy","Biocrust"
"2738","B","4","W","3",190,"ENFR",0,0,"Annual_Forb","Plant"
"2739","B","4","W","3",190,"EPHED",0,0,"Shrub","Plant"
"2740","B","4","W","3",190,"EPTO",0,0,"Shrub","Plant"
"2741","B","4","W","3",190,"EPVI",0,0,"Shrub","Plant"
"2742","B","4","W","3",190,"ERIN",2,1.05263157894737,"Annual_Forb","Plant"
"2743","B","4","W","3",190,"FEOC",0,0,"Annual_Grass","Plant"
"2744","B","4","W","3",190,"GAPI",3,1.57894736842105,"Annual_Forb","Plant"
"2745","B","4","W","3",190,"GIIN",1,0.526315789473684,"Annual_Forb","Plant"
"2746","B","4","W","3",190,"GUSA",2,1.05263157894737,"Shrub","Plant"
"2747","B","4","W","3",190,"HECO",0,0,"Perennial_Grass","Plant"
"2748","B","4","W","3",190,"IPPO",1,0.526315789473684,"Annual_Forb","Plant"
"2749","B","4","W","3",190,"KRLA",0,0,"Shrub","Plant"
"2750","B","4","W","3",190,"LEMO",0,0,"Annual_Forb","Plant"
"2751","B","4","W","3",190,"LEOC",0,0,"Annual_Forb","Plant"
"2752","B","4","W","3",190,"LYGR",0,0,"Annual_Forb","Plant"
"2753","B","4","W","3",190,"Lichen",6,3.15789473684211,"Lichen","Biocrust"
"2754","B","4","W","3",190,"Light",29,15.2631578947368,"LtCy","Biocrust"
"2755","B","4","W","3",190,"Litter",35,18.4210526315789,"Litter","Abiotic_Cover"
"2756","B","4","W","3",190,"MAAF",0,0,"Annual_Forb","Plant"
"2757","B","4","W","3",190,"Moss",10,5.26315789473684,"Moss","Biocrust"
"2758","B","4","W","3",190,"OECA",0,0,"Annual_Forb","Plant"
"2759","B","4","W","3",190,"OPUNT",0,0,"Cactus","Plant"
"2760","B","4","W","3",190,"PHCR",0,0,"Annual_Forb","Plant"
"2761","B","4","W","3",190,"PLPA",0,0,"Annual_Forb","Plant"
"2762","B","4","W","3",190,"SCWH",0,0,"Cactus","Plant"
"2763","B","4","W","3",190,"SPORO",0,0,"Perennial_Grass","Plant"
"2764","B","4","W","3",190,"TILA",0,0,"Annual_Forb","Plant"
"2765","B","4","W","3",190,"UNK1",0,0,"Annual_Forb","Plant"
"2766","B","4","W","3",190,"ATCO",0,0,"Shrub","Plant"
"2767","B","4","W","3",190,"HIJA",10,5.26315789473684,"Perennial_Grass","Plant"
"2768","B","4","W","3",190,"PlantBase",7,3.68421052631579,"Plant_Base","Plant"
"2769","B","4","W","3",190,"ACHY",0,0,"Perennial_Grass","Plant"
"2770","B","4","W","3",190,"Chamber",14,7.36842105263158,"Chamber","Abiotic_Cover"
"2771","B","4","W","3",190,"Rock",6,3.15789473684211,"Rock","Abiotic_Cover"
"2772","B","4","W","3",190,"Bare",0,0,"Bare_Ground","Abiotic_Cover"
"2773","B","4","W","4",248,"ANBR",0,0,"Annual_Forb","Plant"
"2774","B","4","W","4",248,"ASAM",0,0,"Annual_Forb","Plant"
"2775","B","4","W","4",248,"Bromus",67,27.0161290322581,"Annual_Grass","Plant"
"2776","B","4","W","4",248,"CHER",0,0,"Annual_Forb","Plant"
"2777","B","4","W","4",248,"CRYPT",0,0,"Annual_Forb","Plant"
"2778","B","4","W","4",248,"CYAC",1,0.403225806451613,"Annual_Forb","Plant"
"2779","B","4","W","4",248,"DEAN",0,0,"Annual_Forb","Plant"
"2780","B","4","W","4",248,"DEPI",0,0,"Annual_Forb","Plant"
"2781","B","4","W","4",248,"Dark",12,4.83870967741935,"DkCy","Biocrust"
"2782","B","4","W","4",248,"ENFR",0,0,"Annual_Forb","Plant"
"2783","B","4","W","4",248,"EPHED",0,0,"Shrub","Plant"
"2784","B","4","W","4",248,"EPTO",0,0,"Shrub","Plant"
"2785","B","4","W","4",248,"EPVI",0,0,"Shrub","Plant"
"2786","B","4","W","4",248,"ERIN",0,0,"Annual_Forb","Plant"
"2787","B","4","W","4",248,"FEOC",1,0.403225806451613,"Annual_Grass","Plant"
"2788","B","4","W","4",248,"GAPI",0,0,"Annual_Forb","Plant"
"2789","B","4","W","4",248,"GIIN",0,0,"Annual_Forb","Plant"
"2790","B","4","W","4",248,"GUSA",2,0.806451612903226,"Shrub","Plant"
"2791","B","4","W","4",248,"HECO",0,0,"Perennial_Grass","Plant"
"2792","B","4","W","4",248,"IPPO",0,0,"Annual_Forb","Plant"
"2793","B","4","W","4",248,"KRLA",0,0,"Shrub","Plant"
"2794","B","4","W","4",248,"LEMO",0,0,"Annual_Forb","Plant"
"2795","B","4","W","4",248,"LEOC",0,0,"Annual_Forb","Plant"
"2796","B","4","W","4",248,"LYGR",0,0,"Annual_Forb","Plant"
"2797","B","4","W","4",248,"Lichen",1,0.403225806451613,"Lichen","Biocrust"
"2798","B","4","W","4",248,"Light",15,6.04838709677419,"LtCy","Biocrust"
"2799","B","4","W","4",248,"Litter",63,25.4032258064516,"Litter","Abiotic_Cover"
"2800","B","4","W","4",248,"MAAF",0,0,"Annual_Forb","Plant"
"2801","B","4","W","4",248,"Moss",15,6.04838709677419,"Moss","Biocrust"
"2802","B","4","W","4",248,"OECA",0,0,"Annual_Forb","Plant"
"2803","B","4","W","4",248,"OPUNT",0,0,"Cactus","Plant"
"2804","B","4","W","4",248,"PHCR",0,0,"Annual_Forb","Plant"
"2805","B","4","W","4",248,"PLPA",0,0,"Annual_Forb","Plant"
"2806","B","4","W","4",248,"SCWH",0,0,"Cactus","Plant"
"2807","B","4","W","4",248,"SPORO",0,0,"Perennial_Grass","Plant"
"2808","B","4","W","4",248,"TILA",0,0,"Annual_Forb","Plant"
"2809","B","4","W","4",248,"UNK1",0,0,"Annual_Forb","Plant"
"2810","B","4","W","4",248,"ATCO",0,0,"Shrub","Plant"
"2811","B","4","W","4",248,"HIJA",11,4.43548387096774,"Perennial_Grass","Plant"
"2812","B","4","W","4",248,"PlantBase",8,3.2258064516129,"Plant_Base","Plant"
"2813","B","4","W","4",248,"ACHY",28,11.2903225806452,"Perennial_Grass","Plant"
"2814","B","4","W","4",248,"Chamber",3,1.20967741935484,"Chamber","Abiotic_Cover"
"2815","B","4","W","4",248,"Rock",12,4.83870967741935,"Rock","Abiotic_Cover"
"2816","B","4","W","4",248,"Bare",9,3.62903225806452,"Bare_Ground","Abiotic_Cover"
"2817","B","5","C","1",182,"ANBR",0,0,"Annual_Forb","Plant"
"2818","B","5","C","1",182,"ASAM",0,0,"Annual_Forb","Plant"
"2819","B","5","C","1",182,"Bromus",51,28.021978021978,"Annual_Grass","Plant"
"2820","B","5","C","1",182,"CHER",0,0,"Annual_Forb","Plant"
"2821","B","5","C","1",182,"CRYPT",0,0,"Annual_Forb","Plant"
"2822","B","5","C","1",182,"CYAC",1,0.549450549450549,"Annual_Forb","Plant"
"2823","B","5","C","1",182,"DEAN",1,0.549450549450549,"Annual_Forb","Plant"
"2824","B","5","C","1",182,"DEPI",2,1.0989010989011,"Annual_Forb","Plant"
"2825","B","5","C","1",182,"Dark",0,0,"DkCy","Biocrust"
"2826","B","5","C","1",182,"ENFR",0,0,"Annual_Forb","Plant"
"2827","B","5","C","1",182,"EPHED",0,0,"Shrub","Plant"
"2828","B","5","C","1",182,"EPTO",0,0,"Shrub","Plant"
"2829","B","5","C","1",182,"EPVI",0,0,"Shrub","Plant"
"2830","B","5","C","1",182,"ERIN",0,0,"Annual_Forb","Plant"
"2831","B","5","C","1",182,"FEOC",0,0,"Annual_Grass","Plant"
"2832","B","5","C","1",182,"GAPI",0,0,"Annual_Forb","Plant"
"2833","B","5","C","1",182,"GIIN",0,0,"Annual_Forb","Plant"
"2834","B","5","C","1",182,"GUSA",10,5.49450549450549,"Shrub","Plant"
"2835","B","5","C","1",182,"HECO",0,0,"Perennial_Grass","Plant"
"2836","B","5","C","1",182,"IPPO",2,1.0989010989011,"Annual_Forb","Plant"
"2837","B","5","C","1",182,"KRLA",0,0,"Shrub","Plant"
"2838","B","5","C","1",182,"LEMO",0,0,"Annual_Forb","Plant"
"2839","B","5","C","1",182,"LEOC",0,0,"Annual_Forb","Plant"
"2840","B","5","C","1",182,"LYGR",0,0,"Annual_Forb","Plant"
"2841","B","5","C","1",182,"Lichen",2,1.0989010989011,"Lichen","Biocrust"
"2842","B","5","C","1",182,"Light",19,10.4395604395604,"LtCy","Biocrust"
"2843","B","5","C","1",182,"Litter",35,19.2307692307692,"Litter","Abiotic_Cover"
"2844","B","5","C","1",182,"MAAF",0,0,"Annual_Forb","Plant"
"2845","B","5","C","1",182,"Moss",35,19.2307692307692,"Moss","Biocrust"
"2846","B","5","C","1",182,"OECA",0,0,"Annual_Forb","Plant"
"2847","B","5","C","1",182,"OPUNT",0,0,"Cactus","Plant"
"2848","B","5","C","1",182,"PHCR",0,0,"Annual_Forb","Plant"
"2849","B","5","C","1",182,"PLPA",0,0,"Annual_Forb","Plant"
"2850","B","5","C","1",182,"SCWH",0,0,"Cactus","Plant"
"2851","B","5","C","1",182,"SPORO",0,0,"Perennial_Grass","Plant"
"2852","B","5","C","1",182,"TILA",0,0,"Annual_Forb","Plant"
"2853","B","5","C","1",182,"UNK1",0,0,"Annual_Forb","Plant"
"2854","B","5","C","1",182,"ATCO",5,2.74725274725275,"Shrub","Plant"
"2855","B","5","C","1",182,"HIJA",9,4.94505494505495,"Perennial_Grass","Plant"
"2856","B","5","C","1",182,"PlantBase",10,5.49450549450549,"Plant_Base","Plant"
"2857","B","5","C","1",182,"ACHY",0,0,"Perennial_Grass","Plant"
"2858","B","5","C","1",182,"Chamber",0,0,"Chamber","Abiotic_Cover"
"2859","B","5","C","1",182,"Rock",0,0,"Rock","Abiotic_Cover"
"2860","B","5","C","1",182,"Bare",0,0,"Bare_Ground","Abiotic_Cover"
"2861","B","5","L","1",175,"ANBR",0,0,"Annual_Forb","Plant"
"2862","B","5","L","1",175,"ASAM",0,0,"Annual_Forb","Plant"
"2863","B","5","L","1",175,"Bromus",47,26.8571428571429,"Annual_Grass","Plant"
"2864","B","5","L","1",175,"CHER",0,0,"Annual_Forb","Plant"
"2865","B","5","L","1",175,"CRYPT",0,0,"Annual_Forb","Plant"
"2866","B","5","L","1",175,"CYAC",0,0,"Annual_Forb","Plant"
"2867","B","5","L","1",175,"DEAN",0,0,"Annual_Forb","Plant"
"2868","B","5","L","1",175,"DEPI",0,0,"Annual_Forb","Plant"
"2869","B","5","L","1",175,"Dark",4,2.28571428571429,"DkCy","Biocrust"
"2870","B","5","L","1",175,"ENFR",0,0,"Annual_Forb","Plant"
"2871","B","5","L","1",175,"EPHED",0,0,"Shrub","Plant"
"2872","B","5","L","1",175,"EPTO",0,0,"Shrub","Plant"
"2873","B","5","L","1",175,"EPVI",0,0,"Shrub","Plant"
"2874","B","5","L","1",175,"ERIN",0,0,"Annual_Forb","Plant"
"2875","B","5","L","1",175,"FEOC",0,0,"Annual_Grass","Plant"
"2876","B","5","L","1",175,"GAPI",9,5.14285714285714,"Annual_Forb","Plant"
"2877","B","5","L","1",175,"GIIN",0,0,"Annual_Forb","Plant"
"2878","B","5","L","1",175,"GUSA",11,6.28571428571429,"Shrub","Plant"
"2879","B","5","L","1",175,"HECO",0,0,"Perennial_Grass","Plant"
"2880","B","5","L","1",175,"IPPO",0,0,"Annual_Forb","Plant"
"2881","B","5","L","1",175,"KRLA",0,0,"Shrub","Plant"
"2882","B","5","L","1",175,"LEMO",1,0.571428571428571,"Annual_Forb","Plant"
"2883","B","5","L","1",175,"LEOC",0,0,"Annual_Forb","Plant"
"2884","B","5","L","1",175,"LYGR",0,0,"Annual_Forb","Plant"
"2885","B","5","L","1",175,"Lichen",6,3.42857142857143,"Lichen","Biocrust"
"2886","B","5","L","1",175,"Light",38,21.7142857142857,"LtCy","Biocrust"
"2887","B","5","L","1",175,"Litter",37,21.1428571428571,"Litter","Abiotic_Cover"
"2888","B","5","L","1",175,"MAAF",4,2.28571428571429,"Annual_Forb","Plant"
"2889","B","5","L","1",175,"Moss",7,4,"Moss","Biocrust"
"2890","B","5","L","1",175,"OECA",0,0,"Annual_Forb","Plant"
"2891","B","5","L","1",175,"OPUNT",0,0,"Cactus","Plant"
"2892","B","5","L","1",175,"PHCR",0,0,"Annual_Forb","Plant"
"2893","B","5","L","1",175,"PLPA",0,0,"Annual_Forb","Plant"
"2894","B","5","L","1",175,"SCWH",0,0,"Cactus","Plant"
"2895","B","5","L","1",175,"SPORO",0,0,"Perennial_Grass","Plant"
"2896","B","5","L","1",175,"TILA",0,0,"Annual_Forb","Plant"
"2897","B","5","L","1",175,"UNK1",0,0,"Annual_Forb","Plant"
"2898","B","5","L","1",175,"ATCO",0,0,"Shrub","Plant"
"2899","B","5","L","1",175,"HIJA",3,1.71428571428571,"Perennial_Grass","Plant"
"2900","B","5","L","1",175,"PlantBase",6,3.42857142857143,"Plant_Base","Plant"
"2901","B","5","L","1",175,"ACHY",0,0,"Perennial_Grass","Plant"
"2902","B","5","L","1",175,"Chamber",0,0,"Chamber","Abiotic_Cover"
"2903","B","5","L","1",175,"Rock",2,1.14285714285714,"Rock","Abiotic_Cover"
"2904","B","5","L","1",175,"Bare",0,0,"Bare_Ground","Abiotic_Cover"
"2905","B","5","L","2",134,"ANBR",0,0,"Annual_Forb","Plant"
"2906","B","5","L","2",134,"ASAM",0,0,"Annual_Forb","Plant"
"2907","B","5","L","2",134,"Bromus",23,17.1641791044776,"Annual_Grass","Plant"
"2908","B","5","L","2",134,"CHER",0,0,"Annual_Forb","Plant"
"2909","B","5","L","2",134,"CRYPT",0,0,"Annual_Forb","Plant"
"2910","B","5","L","2",134,"CYAC",0,0,"Annual_Forb","Plant"
"2911","B","5","L","2",134,"DEAN",0,0,"Annual_Forb","Plant"
"2912","B","5","L","2",134,"DEPI",1,0.746268656716418,"Annual_Forb","Plant"
"2913","B","5","L","2",134,"Dark",3,2.23880597014925,"DkCy","Biocrust"
"2914","B","5","L","2",134,"ENFR",0,0,"Annual_Forb","Plant"
"2915","B","5","L","2",134,"EPHED",0,0,"Shrub","Plant"
"2916","B","5","L","2",134,"EPTO",0,0,"Shrub","Plant"
"2917","B","5","L","2",134,"EPVI",0,0,"Shrub","Plant"
"2918","B","5","L","2",134,"ERIN",0,0,"Annual_Forb","Plant"
"2919","B","5","L","2",134,"FEOC",1,0.746268656716418,"Annual_Grass","Plant"
"2920","B","5","L","2",134,"GAPI",1,0.746268656716418,"Annual_Forb","Plant"
"2921","B","5","L","2",134,"GIIN",0,0,"Annual_Forb","Plant"
"2922","B","5","L","2",134,"GUSA",0,0,"Shrub","Plant"
"2923","B","5","L","2",134,"HECO",0,0,"Perennial_Grass","Plant"
"2924","B","5","L","2",134,"IPPO",0,0,"Annual_Forb","Plant"
"2925","B","5","L","2",134,"KRLA",0,0,"Shrub","Plant"
"2926","B","5","L","2",134,"LEMO",3,2.23880597014925,"Annual_Forb","Plant"
"2927","B","5","L","2",134,"LEOC",0,0,"Annual_Forb","Plant"
"2928","B","5","L","2",134,"LYGR",0,0,"Annual_Forb","Plant"
"2929","B","5","L","2",134,"Lichen",6,4.47761194029851,"Lichen","Biocrust"
"2930","B","5","L","2",134,"Light",80,59.7014925373134,"LtCy","Biocrust"
"2931","B","5","L","2",134,"Litter",3,2.23880597014925,"Litter","Abiotic_Cover"
"2932","B","5","L","2",134,"MAAF",1,0.746268656716418,"Annual_Forb","Plant"
"2933","B","5","L","2",134,"Moss",3,2.23880597014925,"Moss","Biocrust"
"2934","B","5","L","2",134,"OECA",3,2.23880597014925,"Annual_Forb","Plant"
"2935","B","5","L","2",134,"OPUNT",0,0,"Cactus","Plant"
"2936","B","5","L","2",134,"PHCR",0,0,"Annual_Forb","Plant"
"2937","B","5","L","2",134,"PLPA",0,0,"Annual_Forb","Plant"
"2938","B","5","L","2",134,"SCWH",0,0,"Cactus","Plant"
"2939","B","5","L","2",134,"SPORO",0,0,"Perennial_Grass","Plant"
"2940","B","5","L","2",134,"TILA",0,0,"Annual_Forb","Plant"
"2941","B","5","L","2",134,"UNK1",0,0,"Annual_Forb","Plant"
"2942","B","5","L","2",134,"ATCO",0,0,"Shrub","Plant"
"2943","B","5","L","2",134,"HIJA",0,0,"Perennial_Grass","Plant"
"2944","B","5","L","2",134,"PlantBase",5,3.73134328358209,"Plant_Base","Plant"
"2945","B","5","L","2",134,"ACHY",0,0,"Perennial_Grass","Plant"
"2946","B","5","L","2",134,"Chamber",0,0,"Chamber","Abiotic_Cover"
"2947","B","5","L","2",134,"Rock",1,0.746268656716418,"Rock","Abiotic_Cover"
"2948","B","5","L","2",134,"Bare",0,0,"Bare_Ground","Abiotic_Cover"
"2949","B","5","L","3",230,"ANBR",0,0,"Annual_Forb","Plant"
"2950","B","5","L","3",230,"ASAM",0,0,"Annual_Forb","Plant"
"2951","B","5","L","3",230,"Bromus",84,36.5217391304348,"Annual_Grass","Plant"
"2952","B","5","L","3",230,"CHER",0,0,"Annual_Forb","Plant"
"2953","B","5","L","3",230,"CRYPT",0,0,"Annual_Forb","Plant"
"2954","B","5","L","3",230,"CYAC",0,0,"Annual_Forb","Plant"
"2955","B","5","L","3",230,"DEAN",0,0,"Annual_Forb","Plant"
"2956","B","5","L","3",230,"DEPI",0,0,"Annual_Forb","Plant"
"2957","B","5","L","3",230,"Dark",6,2.60869565217391,"DkCy","Biocrust"
"2958","B","5","L","3",230,"ENFR",0,0,"Annual_Forb","Plant"
"2959","B","5","L","3",230,"EPHED",0,0,"Shrub","Plant"
"2960","B","5","L","3",230,"EPTO",0,0,"Shrub","Plant"
"2961","B","5","L","3",230,"EPVI",0,0,"Shrub","Plant"
"2962","B","5","L","3",230,"ERIN",0,0,"Annual_Forb","Plant"
"2963","B","5","L","3",230,"FEOC",0,0,"Annual_Grass","Plant"
"2964","B","5","L","3",230,"GAPI",1,0.434782608695652,"Annual_Forb","Plant"
"2965","B","5","L","3",230,"GIIN",0,0,"Annual_Forb","Plant"
"2966","B","5","L","3",230,"GUSA",0,0,"Shrub","Plant"
"2967","B","5","L","3",230,"HECO",0,0,"Perennial_Grass","Plant"
"2968","B","5","L","3",230,"IPPO",0,0,"Annual_Forb","Plant"
"2969","B","5","L","3",230,"KRLA",0,0,"Shrub","Plant"
"2970","B","5","L","3",230,"LEMO",1,0.434782608695652,"Annual_Forb","Plant"
"2971","B","5","L","3",230,"LEOC",0,0,"Annual_Forb","Plant"
"2972","B","5","L","3",230,"LYGR",0,0,"Annual_Forb","Plant"
"2973","B","5","L","3",230,"Lichen",6,2.60869565217391,"Lichen","Biocrust"
"2974","B","5","L","3",230,"Light",43,18.695652173913,"LtCy","Biocrust"
"2975","B","5","L","3",230,"Litter",42,18.2608695652174,"Litter","Abiotic_Cover"
"2976","B","5","L","3",230,"MAAF",0,0,"Annual_Forb","Plant"
"2977","B","5","L","3",230,"Moss",25,10.8695652173913,"Moss","Biocrust"
"2978","B","5","L","3",230,"OECA",0,0,"Annual_Forb","Plant"
"2979","B","5","L","3",230,"OPUNT",0,0,"Cactus","Plant"
"2980","B","5","L","3",230,"PHCR",0,0,"Annual_Forb","Plant"
"2981","B","5","L","3",230,"PLPA",0,0,"Annual_Forb","Plant"
"2982","B","5","L","3",230,"SCWH",0,0,"Cactus","Plant"
"2983","B","5","L","3",230,"SPORO",0,0,"Perennial_Grass","Plant"
"2984","B","5","L","3",230,"TILA",0,0,"Annual_Forb","Plant"
"2985","B","5","L","3",230,"UNK1",0,0,"Annual_Forb","Plant"
"2986","B","5","L","3",230,"ATCO",0,0,"Shrub","Plant"
"2987","B","5","L","3",230,"HIJA",3,1.30434782608696,"Perennial_Grass","Plant"
"2988","B","5","L","3",230,"PlantBase",2,0.869565217391304,"Plant_Base","Plant"
"2989","B","5","L","3",230,"ACHY",7,3.04347826086957,"Perennial_Grass","Plant"
"2990","B","5","L","3",230,"Chamber",9,3.91304347826087,"Chamber","Abiotic_Cover"
"2991","B","5","L","3",230,"Rock",1,0.434782608695652,"Rock","Abiotic_Cover"
"2992","B","5","L","3",230,"Bare",0,0,"Bare_Ground","Abiotic_Cover"
"2993","B","5","L","4",227,"ANBR",0,0,"Annual_Forb","Plant"
"2994","B","5","L","4",227,"ASAM",0,0,"Annual_Forb","Plant"
"2995","B","5","L","4",227,"Bromus",69,30.3964757709251,"Annual_Grass","Plant"
"2996","B","5","L","4",227,"CHER",0,0,"Annual_Forb","Plant"
"2997","B","5","L","4",227,"CRYPT",0,0,"Annual_Forb","Plant"
"2998","B","5","L","4",227,"CYAC",0,0,"Annual_Forb","Plant"
"2999","B","5","L","4",227,"DEAN",0,0,"Annual_Forb","Plant"
"3000","B","5","L","4",227,"DEPI",1,0.440528634361234,"Annual_Forb","Plant"
"3001","B","5","L","4",227,"Dark",3,1.3215859030837,"DkCy","Biocrust"
"3002","B","5","L","4",227,"ENFR",0,0,"Annual_Forb","Plant"
"3003","B","5","L","4",227,"EPHED",0,0,"Shrub","Plant"
"3004","B","5","L","4",227,"EPTO",0,0,"Shrub","Plant"
"3005","B","5","L","4",227,"EPVI",0,0,"Shrub","Plant"
"3006","B","5","L","4",227,"ERIN",0,0,"Annual_Forb","Plant"
"3007","B","5","L","4",227,"FEOC",1,0.440528634361234,"Annual_Grass","Plant"
"3008","B","5","L","4",227,"GAPI",14,6.16740088105727,"Annual_Forb","Plant"
"3009","B","5","L","4",227,"GIIN",1,0.440528634361234,"Annual_Forb","Plant"
"3010","B","5","L","4",227,"GUSA",0,0,"Shrub","Plant"
"3011","B","5","L","4",227,"HECO",0,0,"Perennial_Grass","Plant"
"3012","B","5","L","4",227,"IPPO",0,0,"Annual_Forb","Plant"
"3013","B","5","L","4",227,"KRLA",0,0,"Shrub","Plant"
"3014","B","5","L","4",227,"LEMO",1,0.440528634361234,"Annual_Forb","Plant"
"3015","B","5","L","4",227,"LEOC",0,0,"Annual_Forb","Plant"
"3016","B","5","L","4",227,"LYGR",0,0,"Annual_Forb","Plant"
"3017","B","5","L","4",227,"Lichen",2,0.881057268722467,"Lichen","Biocrust"
"3018","B","5","L","4",227,"Light",61,26.8722466960352,"LtCy","Biocrust"
"3019","B","5","L","4",227,"Litter",47,20.704845814978,"Litter","Abiotic_Cover"
"3020","B","5","L","4",227,"MAAF",1,0.440528634361234,"Annual_Forb","Plant"
"3021","B","5","L","4",227,"Moss",7,3.08370044052863,"Moss","Biocrust"
"3022","B","5","L","4",227,"OECA",0,0,"Annual_Forb","Plant"
"3023","B","5","L","4",227,"OPUNT",0,0,"Cactus","Plant"
"3024","B","5","L","4",227,"PHCR",0,0,"Annual_Forb","Plant"
"3025","B","5","L","4",227,"PLPA",0,0,"Annual_Forb","Plant"
"3026","B","5","L","4",227,"SCWH",0,0,"Cactus","Plant"
"3027","B","5","L","4",227,"SPORO",0,0,"Perennial_Grass","Plant"
"3028","B","5","L","4",227,"TILA",0,0,"Annual_Forb","Plant"
"3029","B","5","L","4",227,"UNK1",0,0,"Annual_Forb","Plant"
"3030","B","5","L","4",227,"ATCO",0,0,"Shrub","Plant"
"3031","B","5","L","4",227,"HIJA",6,2.6431718061674,"Perennial_Grass","Plant"
"3032","B","5","L","4",227,"PlantBase",9,3.9647577092511,"Plant_Base","Plant"
"3033","B","5","L","4",227,"ACHY",0,0,"Perennial_Grass","Plant"
"3034","B","5","L","4",227,"Chamber",2,0.881057268722467,"Chamber","Abiotic_Cover"
"3035","B","5","L","4",227,"Rock",1,0.440528634361234,"Rock","Abiotic_Cover"
"3036","B","5","L","4",227,"Bare",1,0.440528634361234,"Bare_Ground","Abiotic_Cover"
"3037","B","5","LW","1",192,"ANBR",0,0,"Annual_Forb","Plant"
"3038","B","5","LW","1",192,"ASAM",0,0,"Annual_Forb","Plant"
"3039","B","5","LW","1",192,"Bromus",65,33.8541666666667,"Annual_Grass","Plant"
"3040","B","5","LW","1",192,"CHER",0,0,"Annual_Forb","Plant"
"3041","B","5","LW","1",192,"CRYPT",0,0,"Annual_Forb","Plant"
"3042","B","5","LW","1",192,"CYAC",0,0,"Annual_Forb","Plant"
"3043","B","5","LW","1",192,"DEAN",0,0,"Annual_Forb","Plant"
"3044","B","5","LW","1",192,"DEPI",0,0,"Annual_Forb","Plant"
"3045","B","5","LW","1",192,"Dark",0,0,"DkCy","Biocrust"
"3046","B","5","LW","1",192,"ENFR",0,0,"Annual_Forb","Plant"
"3047","B","5","LW","1",192,"EPHED",0,0,"Shrub","Plant"
"3048","B","5","LW","1",192,"EPTO",0,0,"Shrub","Plant"
"3049","B","5","LW","1",192,"EPVI",0,0,"Shrub","Plant"
"3050","B","5","LW","1",192,"ERIN",0,0,"Annual_Forb","Plant"
"3051","B","5","LW","1",192,"FEOC",0,0,"Annual_Grass","Plant"
"3052","B","5","LW","1",192,"GAPI",13,6.77083333333333,"Annual_Forb","Plant"
"3053","B","5","LW","1",192,"GIIN",0,0,"Annual_Forb","Plant"
"3054","B","5","LW","1",192,"GUSA",0,0,"Shrub","Plant"
"3055","B","5","LW","1",192,"HECO",0,0,"Perennial_Grass","Plant"
"3056","B","5","LW","1",192,"IPPO",0,0,"Annual_Forb","Plant"
"3057","B","5","LW","1",192,"KRLA",0,0,"Shrub","Plant"
"3058","B","5","LW","1",192,"LEMO",0,0,"Annual_Forb","Plant"
"3059","B","5","LW","1",192,"LEOC",0,0,"Annual_Forb","Plant"
"3060","B","5","LW","1",192,"LYGR",0,0,"Annual_Forb","Plant"
"3061","B","5","LW","1",192,"Lichen",0,0,"Lichen","Biocrust"
"3062","B","5","LW","1",192,"Light",58,30.2083333333333,"LtCy","Biocrust"
"3063","B","5","LW","1",192,"Litter",37,19.2708333333333,"Litter","Abiotic_Cover"
"3064","B","5","LW","1",192,"MAAF",0,0,"Annual_Forb","Plant"
"3065","B","5","LW","1",192,"Moss",0,0,"Moss","Biocrust"
"3066","B","5","LW","1",192,"OECA",0,0,"Annual_Forb","Plant"
"3067","B","5","LW","1",192,"OPUNT",0,0,"Cactus","Plant"
"3068","B","5","LW","1",192,"PHCR",0,0,"Annual_Forb","Plant"
"3069","B","5","LW","1",192,"PLPA",0,0,"Annual_Forb","Plant"
"3070","B","5","LW","1",192,"SCWH",0,0,"Cactus","Plant"
"3071","B","5","LW","1",192,"SPORO",0,0,"Perennial_Grass","Plant"
"3072","B","5","LW","1",192,"TILA",0,0,"Annual_Forb","Plant"
"3073","B","5","LW","1",192,"UNK1",0,0,"Annual_Forb","Plant"
"3074","B","5","LW","1",192,"ATCO",0,0,"Shrub","Plant"
"3075","B","5","LW","1",192,"HIJA",4,2.08333333333333,"Perennial_Grass","Plant"
"3076","B","5","LW","1",192,"PlantBase",13,6.77083333333333,"Plant_Base","Plant"
"3077","B","5","LW","1",192,"ACHY",0,0,"Perennial_Grass","Plant"
"3078","B","5","LW","1",192,"Chamber",0,0,"Chamber","Abiotic_Cover"
"3079","B","5","LW","1",192,"Rock",2,1.04166666666667,"Rock","Abiotic_Cover"
"3080","B","5","LW","1",192,"Bare",0,0,"Bare_Ground","Abiotic_Cover"
"3081","B","5","LW","2",154,"ANBR",0,0,"Annual_Forb","Plant"
"3082","B","5","LW","2",154,"ASAM",0,0,"Annual_Forb","Plant"
"3083","B","5","LW","2",154,"Bromus",31,20.1298701298701,"Annual_Grass","Plant"
"3084","B","5","LW","2",154,"CHER",0,0,"Annual_Forb","Plant"
"3085","B","5","LW","2",154,"CRYPT",0,0,"Annual_Forb","Plant"
"3086","B","5","LW","2",154,"CYAC",0,0,"Annual_Forb","Plant"
"3087","B","5","LW","2",154,"DEAN",0,0,"Annual_Forb","Plant"
"3088","B","5","LW","2",154,"DEPI",1,0.649350649350649,"Annual_Forb","Plant"
"3089","B","5","LW","2",154,"Dark",0,0,"DkCy","Biocrust"
"3090","B","5","LW","2",154,"ENFR",0,0,"Annual_Forb","Plant"
"3091","B","5","LW","2",154,"EPHED",0,0,"Shrub","Plant"
"3092","B","5","LW","2",154,"EPTO",0,0,"Shrub","Plant"
"3093","B","5","LW","2",154,"EPVI",0,0,"Shrub","Plant"
"3094","B","5","LW","2",154,"ERIN",0,0,"Annual_Forb","Plant"
"3095","B","5","LW","2",154,"FEOC",0,0,"Annual_Grass","Plant"
"3096","B","5","LW","2",154,"GAPI",4,2.5974025974026,"Annual_Forb","Plant"
"3097","B","5","LW","2",154,"GIIN",0,0,"Annual_Forb","Plant"
"3098","B","5","LW","2",154,"GUSA",15,9.74025974025974,"Shrub","Plant"
"3099","B","5","LW","2",154,"HECO",0,0,"Perennial_Grass","Plant"
"3100","B","5","LW","2",154,"IPPO",0,0,"Annual_Forb","Plant"
"3101","B","5","LW","2",154,"KRLA",0,0,"Shrub","Plant"
"3102","B","5","LW","2",154,"LEMO",1,0.649350649350649,"Annual_Forb","Plant"
"3103","B","5","LW","2",154,"LEOC",0,0,"Annual_Forb","Plant"
"3104","B","5","LW","2",154,"LYGR",0,0,"Annual_Forb","Plant"
"3105","B","5","LW","2",154,"Lichen",0,0,"Lichen","Biocrust"
"3106","B","5","LW","2",154,"Light",67,43.5064935064935,"LtCy","Biocrust"
"3107","B","5","LW","2",154,"Litter",28,18.1818181818182,"Litter","Abiotic_Cover"
"3108","B","5","LW","2",154,"MAAF",0,0,"Annual_Forb","Plant"
"3109","B","5","LW","2",154,"Moss",0,0,"Moss","Biocrust"
"3110","B","5","LW","2",154,"OECA",0,0,"Annual_Forb","Plant"
"3111","B","5","LW","2",154,"OPUNT",0,0,"Cactus","Plant"
"3112","B","5","LW","2",154,"PHCR",0,0,"Annual_Forb","Plant"
"3113","B","5","LW","2",154,"PLPA",0,0,"Annual_Forb","Plant"
"3114","B","5","LW","2",154,"SCWH",0,0,"Cactus","Plant"
"3115","B","5","LW","2",154,"SPORO",0,0,"Perennial_Grass","Plant"
"3116","B","5","LW","2",154,"TILA",0,0,"Annual_Forb","Plant"
"3117","B","5","LW","2",154,"UNK1",0,0,"Annual_Forb","Plant"
"3118","B","5","LW","2",154,"ATCO",0,0,"Shrub","Plant"
"3119","B","5","LW","2",154,"HIJA",2,1.2987012987013,"Perennial_Grass","Plant"
"3120","B","5","LW","2",154,"PlantBase",3,1.94805194805195,"Plant_Base","Plant"
"3121","B","5","LW","2",154,"ACHY",0,0,"Perennial_Grass","Plant"
"3122","B","5","LW","2",154,"Chamber",0,0,"Chamber","Abiotic_Cover"
"3123","B","5","LW","2",154,"Rock",0,0,"Rock","Abiotic_Cover"
"3124","B","5","LW","2",154,"Bare",2,1.2987012987013,"Bare_Ground","Abiotic_Cover"
"3125","B","5","LW","3",220,"ANBR",0,0,"Annual_Forb","Plant"
"3126","B","5","LW","3",220,"ASAM",3,1.36363636363636,"Annual_Forb","Plant"
"3127","B","5","LW","3",220,"Bromus",78,35.4545454545455,"Annual_Grass","Plant"
"3128","B","5","LW","3",220,"CHER",0,0,"Annual_Forb","Plant"
"3129","B","5","LW","3",220,"CRYPT",0,0,"Annual_Forb","Plant"
"3130","B","5","LW","3",220,"CYAC",0,0,"Annual_Forb","Plant"
"3131","B","5","LW","3",220,"DEAN",0,0,"Annual_Forb","Plant"
"3132","B","5","LW","3",220,"DEPI",0,0,"Annual_Forb","Plant"
"3133","B","5","LW","3",220,"Dark",0,0,"DkCy","Biocrust"
"3134","B","5","LW","3",220,"ENFR",0,0,"Annual_Forb","Plant"
"3135","B","5","LW","3",220,"EPHED",0,0,"Shrub","Plant"
"3136","B","5","LW","3",220,"EPTO",0,0,"Shrub","Plant"
"3137","B","5","LW","3",220,"EPVI",0,0,"Shrub","Plant"
"3138","B","5","LW","3",220,"ERIN",0,0,"Annual_Forb","Plant"
"3139","B","5","LW","3",220,"FEOC",0,0,"Annual_Grass","Plant"
"3140","B","5","LW","3",220,"GAPI",1,0.454545454545455,"Annual_Forb","Plant"
"3141","B","5","LW","3",220,"GIIN",0,0,"Annual_Forb","Plant"
"3142","B","5","LW","3",220,"GUSA",0,0,"Shrub","Plant"
"3143","B","5","LW","3",220,"HECO",0,0,"Perennial_Grass","Plant"
"3144","B","5","LW","3",220,"IPPO",1,0.454545454545455,"Annual_Forb","Plant"
"3145","B","5","LW","3",220,"KRLA",0,0,"Shrub","Plant"
"3146","B","5","LW","3",220,"LEMO",0,0,"Annual_Forb","Plant"
"3147","B","5","LW","3",220,"LEOC",0,0,"Annual_Forb","Plant"
"3148","B","5","LW","3",220,"LYGR",2,0.909090909090909,"Annual_Forb","Plant"
"3149","B","5","LW","3",220,"Lichen",0,0,"Lichen","Biocrust"
"3150","B","5","LW","3",220,"Light",42,19.0909090909091,"LtCy","Biocrust"
"3151","B","5","LW","3",220,"Litter",52,23.6363636363636,"Litter","Abiotic_Cover"
"3152","B","5","LW","3",220,"MAAF",0,0,"Annual_Forb","Plant"
"3153","B","5","LW","3",220,"Moss",0,0,"Moss","Biocrust"
"3154","B","5","LW","3",220,"OECA",0,0,"Annual_Forb","Plant"
"3155","B","5","LW","3",220,"OPUNT",0,0,"Cactus","Plant"
"3156","B","5","LW","3",220,"PHCR",0,0,"Annual_Forb","Plant"
"3157","B","5","LW","3",220,"PLPA",0,0,"Annual_Forb","Plant"
"3158","B","5","LW","3",220,"SCWH",0,0,"Cactus","Plant"
"3159","B","5","LW","3",220,"SPORO",0,0,"Perennial_Grass","Plant"
"3160","B","5","LW","3",220,"TILA",0,0,"Annual_Forb","Plant"
"3161","B","5","LW","3",220,"UNK1",0,0,"Annual_Forb","Plant"
"3162","B","5","LW","3",220,"ATCO",0,0,"Shrub","Plant"
"3163","B","5","LW","3",220,"HIJA",14,6.36363636363636,"Perennial_Grass","Plant"
"3164","B","5","LW","3",220,"PlantBase",18,8.18181818181818,"Plant_Base","Plant"
"3165","B","5","LW","3",220,"ACHY",1,0.454545454545455,"Perennial_Grass","Plant"
"3166","B","5","LW","3",220,"Chamber",7,3.18181818181818,"Chamber","Abiotic_Cover"
"3167","B","5","LW","3",220,"Rock",1,0.454545454545455,"Rock","Abiotic_Cover"
"3168","B","5","LW","3",220,"Bare",0,0,"Bare_Ground","Abiotic_Cover"
"3169","B","5","LW","4",208,"ANBR",0,0,"Annual_Forb","Plant"
"3170","B","5","LW","4",208,"ASAM",0,0,"Annual_Forb","Plant"
"3171","B","5","LW","4",208,"Bromus",43,20.6730769230769,"Annual_Grass","Plant"
"3172","B","5","LW","4",208,"CHER",0,0,"Annual_Forb","Plant"
"3173","B","5","LW","4",208,"CRYPT",0,0,"Annual_Forb","Plant"
"3174","B","5","LW","4",208,"CYAC",0,0,"Annual_Forb","Plant"
"3175","B","5","LW","4",208,"DEAN",1,0.480769230769231,"Annual_Forb","Plant"
"3176","B","5","LW","4",208,"DEPI",0,0,"Annual_Forb","Plant"
"3177","B","5","LW","4",208,"Dark",0,0,"DkCy","Biocrust"
"3178","B","5","LW","4",208,"ENFR",0,0,"Annual_Forb","Plant"
"3179","B","5","LW","4",208,"EPHED",0,0,"Shrub","Plant"
"3180","B","5","LW","4",208,"EPTO",0,0,"Shrub","Plant"
"3181","B","5","LW","4",208,"EPVI",0,0,"Shrub","Plant"
"3182","B","5","LW","4",208,"ERIN",0,0,"Annual_Forb","Plant"
"3183","B","5","LW","4",208,"FEOC",1,0.480769230769231,"Annual_Grass","Plant"
"3184","B","5","LW","4",208,"GAPI",9,4.32692307692308,"Annual_Forb","Plant"
"3185","B","5","LW","4",208,"GIIN",0,0,"Annual_Forb","Plant"
"3186","B","5","LW","4",208,"GUSA",0,0,"Shrub","Plant"
"3187","B","5","LW","4",208,"HECO",0,0,"Perennial_Grass","Plant"
"3188","B","5","LW","4",208,"IPPO",0,0,"Annual_Forb","Plant"
"3189","B","5","LW","4",208,"KRLA",0,0,"Shrub","Plant"
"3190","B","5","LW","4",208,"LEMO",0,0,"Annual_Forb","Plant"
"3191","B","5","LW","4",208,"LEOC",0,0,"Annual_Forb","Plant"
"3192","B","5","LW","4",208,"LYGR",0,0,"Annual_Forb","Plant"
"3193","B","5","LW","4",208,"Lichen",0,0,"Lichen","Biocrust"
"3194","B","5","LW","4",208,"Light",60,28.8461538461538,"LtCy","Biocrust"
"3195","B","5","LW","4",208,"Litter",38,18.2692307692308,"Litter","Abiotic_Cover"
"3196","B","5","LW","4",208,"MAAF",0,0,"Annual_Forb","Plant"
"3197","B","5","LW","4",208,"Moss",0,0,"Moss","Biocrust"
"3198","B","5","LW","4",208,"OECA",0,0,"Annual_Forb","Plant"
"3199","B","5","LW","4",208,"OPUNT",0,0,"Cactus","Plant"
"3200","B","5","LW","4",208,"PHCR",0,0,"Annual_Forb","Plant"
"3201","B","5","LW","4",208,"PLPA",0,0,"Annual_Forb","Plant"
"3202","B","5","LW","4",208,"SCWH",0,0,"Cactus","Plant"
"3203","B","5","LW","4",208,"SPORO",0,0,"Perennial_Grass","Plant"
"3204","B","5","LW","4",208,"TILA",0,0,"Annual_Forb","Plant"
"3205","B","5","LW","4",208,"UNK1",0,0,"Annual_Forb","Plant"
"3206","B","5","LW","4",208,"ATCO",0,0,"Shrub","Plant"
"3207","B","5","LW","4",208,"HIJA",2,0.961538461538462,"Perennial_Grass","Plant"
"3208","B","5","LW","4",208,"PlantBase",12,5.76923076923077,"Plant_Base","Plant"
"3209","B","5","LW","4",208,"ACHY",29,13.9423076923077,"Perennial_Grass","Plant"
"3210","B","5","LW","4",208,"Chamber",3,1.44230769230769,"Chamber","Abiotic_Cover"
"3211","B","5","LW","4",208,"Rock",10,4.80769230769231,"Rock","Abiotic_Cover"
"3212","B","5","LW","4",208,"Bare",0,0,"Bare_Ground","Abiotic_Cover"
"3213","B","5","W","1",183,"ANBR",0,0,"Annual_Forb","Plant"
"3214","B","5","W","1",183,"ASAM",0,0,"Annual_Forb","Plant"
"3215","B","5","W","1",183,"Bromus",57,31.1475409836066,"Annual_Grass","Plant"
"3216","B","5","W","1",183,"CHER",0,0,"Annual_Forb","Plant"
"3217","B","5","W","1",183,"CRYPT",0,0,"Annual_Forb","Plant"
"3218","B","5","W","1",183,"CYAC",0,0,"Annual_Forb","Plant"
"3219","B","5","W","1",183,"DEAN",0,0,"Annual_Forb","Plant"
"3220","B","5","W","1",183,"DEPI",1,0.546448087431694,"Annual_Forb","Plant"
"3221","B","5","W","1",183,"Dark",4,2.18579234972678,"DkCy","Biocrust"
"3222","B","5","W","1",183,"ENFR",0,0,"Annual_Forb","Plant"
"3223","B","5","W","1",183,"EPHED",0,0,"Shrub","Plant"
"3224","B","5","W","1",183,"EPTO",0,0,"Shrub","Plant"
"3225","B","5","W","1",183,"EPVI",0,0,"Shrub","Plant"
"3226","B","5","W","1",183,"ERIN",0,0,"Annual_Forb","Plant"
"3227","B","5","W","1",183,"FEOC",2,1.09289617486339,"Annual_Grass","Plant"
"3228","B","5","W","1",183,"GAPI",2,1.09289617486339,"Annual_Forb","Plant"
"3229","B","5","W","1",183,"GIIN",2,1.09289617486339,"Annual_Forb","Plant"
"3230","B","5","W","1",183,"GUSA",0,0,"Shrub","Plant"
"3231","B","5","W","1",183,"HECO",0,0,"Perennial_Grass","Plant"
"3232","B","5","W","1",183,"IPPO",0,0,"Annual_Forb","Plant"
"3233","B","5","W","1",183,"KRLA",0,0,"Shrub","Plant"
"3234","B","5","W","1",183,"LEMO",0,0,"Annual_Forb","Plant"
"3235","B","5","W","1",183,"LEOC",0,0,"Annual_Forb","Plant"
"3236","B","5","W","1",183,"LYGR",0,0,"Annual_Forb","Plant"
"3237","B","5","W","1",183,"Lichen",4,2.18579234972678,"Lichen","Biocrust"
"3238","B","5","W","1",183,"Light",32,17.4863387978142,"LtCy","Biocrust"
"3239","B","5","W","1",183,"Litter",33,18.0327868852459,"Litter","Abiotic_Cover"
"3240","B","5","W","1",183,"MAAF",0,0,"Annual_Forb","Plant"
"3241","B","5","W","1",183,"Moss",20,10.9289617486339,"Moss","Biocrust"
"3242","B","5","W","1",183,"OECA",0,0,"Annual_Forb","Plant"
"3243","B","5","W","1",183,"OPUNT",0,0,"Cactus","Plant"
"3244","B","5","W","1",183,"PHCR",0,0,"Annual_Forb","Plant"
"3245","B","5","W","1",183,"PLPA",0,0,"Annual_Forb","Plant"
"3246","B","5","W","1",183,"SCWH",0,0,"Cactus","Plant"
"3247","B","5","W","1",183,"SPORO",0,0,"Perennial_Grass","Plant"
"3248","B","5","W","1",183,"TILA",0,0,"Annual_Forb","Plant"
"3249","B","5","W","1",183,"UNK1",0,0,"Annual_Forb","Plant"
"3250","B","5","W","1",183,"ATCO",0,0,"Shrub","Plant"
"3251","B","5","W","1",183,"HIJA",7,3.82513661202186,"Perennial_Grass","Plant"
"3252","B","5","W","1",183,"PlantBase",6,3.27868852459016,"Plant_Base","Plant"
"3253","B","5","W","1",183,"ACHY",11,6.01092896174863,"Perennial_Grass","Plant"
"3254","B","5","W","1",183,"Chamber",0,0,"Chamber","Abiotic_Cover"
"3255","B","5","W","1",183,"Rock",2,1.09289617486339,"Rock","Abiotic_Cover"
"3256","B","5","W","1",183,"Bare",0,0,"Bare_Ground","Abiotic_Cover"
"3257","B","5","W","2",186,"ANBR",0,0,"Annual_Forb","Plant"
"3258","B","5","W","2",186,"ASAM",0,0,"Annual_Forb","Plant"
"3259","B","5","W","2",186,"Bromus",67,36.0215053763441,"Annual_Grass","Plant"
"3260","B","5","W","2",186,"CHER",0,0,"Annual_Forb","Plant"
"3261","B","5","W","2",186,"CRYPT",0,0,"Annual_Forb","Plant"
"3262","B","5","W","2",186,"CYAC",0,0,"Annual_Forb","Plant"
"3263","B","5","W","2",186,"DEAN",0,0,"Annual_Forb","Plant"
"3264","B","5","W","2",186,"DEPI",2,1.0752688172043,"Annual_Forb","Plant"
"3265","B","5","W","2",186,"Dark",1,0.537634408602151,"DkCy","Biocrust"
"3266","B","5","W","2",186,"ENFR",0,0,"Annual_Forb","Plant"
"3267","B","5","W","2",186,"EPHED",0,0,"Shrub","Plant"
"3268","B","5","W","2",186,"EPTO",0,0,"Shrub","Plant"
"3269","B","5","W","2",186,"EPVI",0,0,"Shrub","Plant"
"3270","B","5","W","2",186,"ERIN",0,0,"Annual_Forb","Plant"
"3271","B","5","W","2",186,"FEOC",0,0,"Annual_Grass","Plant"
"3272","B","5","W","2",186,"GAPI",1,0.537634408602151,"Annual_Forb","Plant"
"3273","B","5","W","2",186,"GIIN",0,0,"Annual_Forb","Plant"
"3274","B","5","W","2",186,"GUSA",1,0.537634408602151,"Shrub","Plant"
"3275","B","5","W","2",186,"HECO",0,0,"Perennial_Grass","Plant"
"3276","B","5","W","2",186,"IPPO",0,0,"Annual_Forb","Plant"
"3277","B","5","W","2",186,"KRLA",0,0,"Shrub","Plant"
"3278","B","5","W","2",186,"LEMO",0,0,"Annual_Forb","Plant"
"3279","B","5","W","2",186,"LEOC",0,0,"Annual_Forb","Plant"
"3280","B","5","W","2",186,"LYGR",0,0,"Annual_Forb","Plant"
"3281","B","5","W","2",186,"Lichen",1,0.537634408602151,"Lichen","Biocrust"
"3282","B","5","W","2",186,"Light",15,8.06451612903226,"LtCy","Biocrust"
"3283","B","5","W","2",186,"Litter",65,34.9462365591398,"Litter","Abiotic_Cover"
"3284","B","5","W","2",186,"MAAF",0,0,"Annual_Forb","Plant"
"3285","B","5","W","2",186,"Moss",7,3.76344086021505,"Moss","Biocrust"
"3286","B","5","W","2",186,"OECA",0,0,"Annual_Forb","Plant"
"3287","B","5","W","2",186,"OPUNT",0,0,"Cactus","Plant"
"3288","B","5","W","2",186,"PHCR",0,0,"Annual_Forb","Plant"
"3289","B","5","W","2",186,"PLPA",0,0,"Annual_Forb","Plant"
"3290","B","5","W","2",186,"SCWH",0,0,"Cactus","Plant"
"3291","B","5","W","2",186,"SPORO",0,0,"Perennial_Grass","Plant"
"3292","B","5","W","2",186,"TILA",0,0,"Annual_Forb","Plant"
"3293","B","5","W","2",186,"UNK1",0,0,"Annual_Forb","Plant"
"3294","B","5","W","2",186,"ATCO",6,3.2258064516129,"Shrub","Plant"
"3295","B","5","W","2",186,"HIJA",10,5.37634408602151,"Perennial_Grass","Plant"
"3296","B","5","W","2",186,"PlantBase",10,5.37634408602151,"Plant_Base","Plant"
"3297","B","5","W","2",186,"ACHY",0,0,"Perennial_Grass","Plant"
"3298","B","5","W","2",186,"Chamber",0,0,"Chamber","Abiotic_Cover"
"3299","B","5","W","2",186,"Rock",0,0,"Rock","Abiotic_Cover"
"3300","B","5","W","2",186,"Bare",0,0,"Bare_Ground","Abiotic_Cover"
"3301","B","5","W","3",199,"ANBR",0,0,"Annual_Forb","Plant"
"3302","B","5","W","3",199,"ASAM",1,0.50251256281407,"Annual_Forb","Plant"
"3303","B","5","W","3",199,"Bromus",50,25.1256281407035,"Annual_Grass","Plant"
"3304","B","5","W","3",199,"CHER",0,0,"Annual_Forb","Plant"
"3305","B","5","W","3",199,"CRYPT",2,1.00502512562814,"Annual_Forb","Plant"
"3306","B","5","W","3",199,"CYAC",1,0.50251256281407,"Annual_Forb","Plant"
"3307","B","5","W","3",199,"DEAN",0,0,"Annual_Forb","Plant"
"3308","B","5","W","3",199,"DEPI",1,0.50251256281407,"Annual_Forb","Plant"
"3309","B","5","W","3",199,"Dark",4,2.01005025125628,"DkCy","Biocrust"
"3310","B","5","W","3",199,"ENFR",0,0,"Annual_Forb","Plant"
"3311","B","5","W","3",199,"EPHED",0,0,"Shrub","Plant"
"3312","B","5","W","3",199,"EPTO",0,0,"Shrub","Plant"
"3313","B","5","W","3",199,"EPVI",0,0,"Shrub","Plant"
"3314","B","5","W","3",199,"ERIN",0,0,"Annual_Forb","Plant"
"3315","B","5","W","3",199,"FEOC",0,0,"Annual_Grass","Plant"
"3316","B","5","W","3",199,"GAPI",0,0,"Annual_Forb","Plant"
"3317","B","5","W","3",199,"GIIN",0,0,"Annual_Forb","Plant"
"3318","B","5","W","3",199,"GUSA",0,0,"Shrub","Plant"
"3319","B","5","W","3",199,"HECO",0,0,"Perennial_Grass","Plant"
"3320","B","5","W","3",199,"IPPO",0,0,"Annual_Forb","Plant"
"3321","B","5","W","3",199,"KRLA",0,0,"Shrub","Plant"
"3322","B","5","W","3",199,"LEMO",0,0,"Annual_Forb","Plant"
"3323","B","5","W","3",199,"LEOC",0,0,"Annual_Forb","Plant"
"3324","B","5","W","3",199,"LYGR",2,1.00502512562814,"Annual_Forb","Plant"
"3325","B","5","W","3",199,"Lichen",7,3.51758793969849,"Lichen","Biocrust"
"3326","B","5","W","3",199,"Light",66,33.1658291457286,"LtCy","Biocrust"
"3327","B","5","W","3",199,"Litter",12,6.03015075376884,"Litter","Abiotic_Cover"
"3328","B","5","W","3",199,"MAAF",0,0,"Annual_Forb","Plant"
"3329","B","5","W","3",199,"Moss",14,7.03517587939699,"Moss","Biocrust"
"3330","B","5","W","3",199,"OECA",0,0,"Annual_Forb","Plant"
"3331","B","5","W","3",199,"OPUNT",0,0,"Cactus","Plant"
"3332","B","5","W","3",199,"PHCR",0,0,"Annual_Forb","Plant"
"3333","B","5","W","3",199,"PLPA",0,0,"Annual_Forb","Plant"
"3334","B","5","W","3",199,"SCWH",0,0,"Cactus","Plant"
"3335","B","5","W","3",199,"SPORO",0,0,"Perennial_Grass","Plant"
"3336","B","5","W","3",199,"TILA",0,0,"Annual_Forb","Plant"
"3337","B","5","W","3",199,"UNK1",0,0,"Annual_Forb","Plant"
"3338","B","5","W","3",199,"ATCO",0,0,"Shrub","Plant"
"3339","B","5","W","3",199,"HIJA",8,4.02010050251256,"Perennial_Grass","Plant"
"3340","B","5","W","3",199,"PlantBase",6,3.01507537688442,"Plant_Base","Plant"
"3341","B","5","W","3",199,"ACHY",13,6.53266331658291,"Perennial_Grass","Plant"
"3342","B","5","W","3",199,"Chamber",11,5.52763819095477,"Chamber","Abiotic_Cover"
"3343","B","5","W","3",199,"Rock",1,0.50251256281407,"Rock","Abiotic_Cover"
"3344","B","5","W","3",199,"Bare",0,0,"Bare_Ground","Abiotic_Cover"
"3345","B","5","W","4",209,"ANBR",0,0,"Annual_Forb","Plant"
"3346","B","5","W","4",209,"ASAM",1,0.478468899521531,"Annual_Forb","Plant"
"3347","B","5","W","4",209,"Bromus",53,25.3588516746411,"Annual_Grass","Plant"
"3348","B","5","W","4",209,"CHER",0,0,"Annual_Forb","Plant"
"3349","B","5","W","4",209,"CRYPT",0,0,"Annual_Forb","Plant"
"3350","B","5","W","4",209,"CYAC",0,0,"Annual_Forb","Plant"
"3351","B","5","W","4",209,"DEAN",0,0,"Annual_Forb","Plant"
"3352","B","5","W","4",209,"DEPI",0,0,"Annual_Forb","Plant"
"3353","B","5","W","4",209,"Dark",0,0,"DkCy","Biocrust"
"3354","B","5","W","4",209,"ENFR",0,0,"Annual_Forb","Plant"
"3355","B","5","W","4",209,"EPHED",0,0,"Shrub","Plant"
"3356","B","5","W","4",209,"EPTO",0,0,"Shrub","Plant"
"3357","B","5","W","4",209,"EPVI",0,0,"Shrub","Plant"
"3358","B","5","W","4",209,"ERIN",0,0,"Annual_Forb","Plant"
"3359","B","5","W","4",209,"FEOC",0,0,"Annual_Grass","Plant"
"3360","B","5","W","4",209,"GAPI",5,2.39234449760766,"Annual_Forb","Plant"
"3361","B","5","W","4",209,"GIIN",1,0.478468899521531,"Annual_Forb","Plant"
"3362","B","5","W","4",209,"GUSA",0,0,"Shrub","Plant"
"3363","B","5","W","4",209,"HECO",0,0,"Perennial_Grass","Plant"
"3364","B","5","W","4",209,"IPPO",0,0,"Annual_Forb","Plant"
"3365","B","5","W","4",209,"KRLA",0,0,"Shrub","Plant"
"3366","B","5","W","4",209,"LEMO",0,0,"Annual_Forb","Plant"
"3367","B","5","W","4",209,"LEOC",0,0,"Annual_Forb","Plant"
"3368","B","5","W","4",209,"LYGR",0,0,"Annual_Forb","Plant"
"3369","B","5","W","4",209,"Lichen",1,0.478468899521531,"Lichen","Biocrust"
"3370","B","5","W","4",209,"Light",74,35.4066985645933,"LtCy","Biocrust"
"3371","B","5","W","4",209,"Litter",26,12.4401913875598,"Litter","Abiotic_Cover"
"3372","B","5","W","4",209,"MAAF",0,0,"Annual_Forb","Plant"
"3373","B","5","W","4",209,"Moss",5,2.39234449760766,"Moss","Biocrust"
"3374","B","5","W","4",209,"OECA",0,0,"Annual_Forb","Plant"
"3375","B","5","W","4",209,"OPUNT",0,0,"Cactus","Plant"
"3376","B","5","W","4",209,"PHCR",0,0,"Annual_Forb","Plant"
"3377","B","5","W","4",209,"PLPA",0,0,"Annual_Forb","Plant"
"3378","B","5","W","4",209,"SCWH",0,0,"Cactus","Plant"
"3379","B","5","W","4",209,"SPORO",0,0,"Perennial_Grass","Plant"
"3380","B","5","W","4",209,"TILA",0,0,"Annual_Forb","Plant"
"3381","B","5","W","4",209,"UNK1",0,0,"Annual_Forb","Plant"
"3382","B","5","W","4",209,"ATCO",0,0,"Shrub","Plant"
"3383","B","5","W","4",209,"HIJA",24,11.4832535885167,"Perennial_Grass","Plant"
"3384","B","5","W","4",209,"PlantBase",11,5.26315789473684,"Plant_Base","Plant"
"3385","B","5","W","4",209,"ACHY",2,0.956937799043062,"Perennial_Grass","Plant"
"3386","B","5","W","4",209,"Chamber",2,0.956937799043062,"Chamber","Abiotic_Cover"
"3387","B","5","W","4",209,"Rock",4,1.91387559808612,"Rock","Abiotic_Cover"
"3388","B","5","W","4",209,"Bare",0,0,"Bare_Ground","Abiotic_Cover"
"3389","C","1","C","1",195,"ANBR",0,0,"Annual_Forb","Plant"
"3390","C","1","C","1",195,"ASAM",0,0,"Annual_Forb","Plant"
"3391","C","1","C","1",195,"Bromus",48,24.6153846153846,"Annual_Grass","Plant"
"3392","C","1","C","1",195,"CHER",0,0,"Annual_Forb","Plant"
"3393","C","1","C","1",195,"CRYPT",0,0,"Annual_Forb","Plant"
"3394","C","1","C","1",195,"CYAC",1,0.512820512820513,"Annual_Forb","Plant"
"3395","C","1","C","1",195,"DEAN",0,0,"Annual_Forb","Plant"
"3396","C","1","C","1",195,"DEPI",1,0.512820512820513,"Annual_Forb","Plant"
"3397","C","1","C","1",195,"Dark",0,0,"DkCy","Biocrust"
"3398","C","1","C","1",195,"ENFR",0,0,"Annual_Forb","Plant"
"3399","C","1","C","1",195,"EPHED",0,0,"Shrub","Plant"
"3400","C","1","C","1",195,"EPTO",0,0,"Shrub","Plant"
"3401","C","1","C","1",195,"EPVI",0,0,"Shrub","Plant"
"3402","C","1","C","1",195,"ERIN",0,0,"Annual_Forb","Plant"
"3403","C","1","C","1",195,"FEOC",0,0,"Annual_Grass","Plant"
"3404","C","1","C","1",195,"GAPI",1,0.512820512820513,"Annual_Forb","Plant"
"3405","C","1","C","1",195,"GIIN",0,0,"Annual_Forb","Plant"
"3406","C","1","C","1",195,"GUSA",1,0.512820512820513,"Shrub","Plant"
"3407","C","1","C","1",195,"HECO",0,0,"Perennial_Grass","Plant"
"3408","C","1","C","1",195,"IPPO",0,0,"Annual_Forb","Plant"
"3409","C","1","C","1",195,"KRLA",0,0,"Shrub","Plant"
"3410","C","1","C","1",195,"LEMO",3,1.53846153846154,"Annual_Forb","Plant"
"3411","C","1","C","1",195,"LEOC",0,0,"Annual_Forb","Plant"
"3412","C","1","C","1",195,"LYGR",0,0,"Annual_Forb","Plant"
"3413","C","1","C","1",195,"Lichen",3,1.53846153846154,"Lichen","Biocrust"
"3414","C","1","C","1",195,"Light",9,4.61538461538462,"LtCy","Biocrust"
"3415","C","1","C","1",195,"Litter",77,39.4871794871795,"Litter","Abiotic_Cover"
"3416","C","1","C","1",195,"MAAF",4,2.05128205128205,"Annual_Forb","Plant"
"3417","C","1","C","1",195,"Moss",16,8.2051282051282,"Moss","Biocrust"
"3418","C","1","C","1",195,"OECA",0,0,"Annual_Forb","Plant"
"3419","C","1","C","1",195,"OPUNT",0,0,"Cactus","Plant"
"3420","C","1","C","1",195,"PHCR",0,0,"Annual_Forb","Plant"
"3421","C","1","C","1",195,"PLPA",0,0,"Annual_Forb","Plant"
"3422","C","1","C","1",195,"SCWH",0,0,"Cactus","Plant"
"3423","C","1","C","1",195,"SPORO",0,0,"Perennial_Grass","Plant"
"3424","C","1","C","1",195,"TILA",0,0,"Annual_Forb","Plant"
"3425","C","1","C","1",195,"UNK1",0,0,"Annual_Forb","Plant"
"3426","C","1","C","1",195,"ATCO",17,8.71794871794872,"Shrub","Plant"
"3427","C","1","C","1",195,"HIJA",1,0.512820512820513,"Perennial_Grass","Plant"
"3428","C","1","C","1",195,"PlantBase",5,2.56410256410256,"Plant_Base","Plant"
"3429","C","1","C","1",195,"ACHY",8,4.1025641025641,"Perennial_Grass","Plant"
"3430","C","1","C","1",195,"Chamber",0,0,"Chamber","Abiotic_Cover"
"3431","C","1","C","1",195,"Rock",0,0,"Rock","Abiotic_Cover"
"3432","C","1","C","1",195,"Bare",0,0,"Bare_Ground","Abiotic_Cover"
"3433","C","1","C","2",207,"ANBR",0,0,"Annual_Forb","Plant"
"3434","C","1","C","2",207,"ASAM",0,0,"Annual_Forb","Plant"
"3435","C","1","C","2",207,"Bromus",63,30.4347826086957,"Annual_Grass","Plant"
"3436","C","1","C","2",207,"CHER",0,0,"Annual_Forb","Plant"
"3437","C","1","C","2",207,"CRYPT",0,0,"Annual_Forb","Plant"
"3438","C","1","C","2",207,"CYAC",1,0.483091787439614,"Annual_Forb","Plant"
"3439","C","1","C","2",207,"DEAN",0,0,"Annual_Forb","Plant"
"3440","C","1","C","2",207,"DEPI",0,0,"Annual_Forb","Plant"
"3441","C","1","C","2",207,"Dark",0,0,"DkCy","Biocrust"
"3442","C","1","C","2",207,"ENFR",0,0,"Annual_Forb","Plant"
"3443","C","1","C","2",207,"EPHED",0,0,"Shrub","Plant"
"3444","C","1","C","2",207,"EPTO",0,0,"Shrub","Plant"
"3445","C","1","C","2",207,"EPVI",0,0,"Shrub","Plant"
"3446","C","1","C","2",207,"ERIN",0,0,"Annual_Forb","Plant"
"3447","C","1","C","2",207,"FEOC",0,0,"Annual_Grass","Plant"
"3448","C","1","C","2",207,"GAPI",2,0.966183574879227,"Annual_Forb","Plant"
"3449","C","1","C","2",207,"GIIN",0,0,"Annual_Forb","Plant"
"3450","C","1","C","2",207,"GUSA",7,3.38164251207729,"Shrub","Plant"
"3451","C","1","C","2",207,"HECO",0,0,"Perennial_Grass","Plant"
"3452","C","1","C","2",207,"IPPO",0,0,"Annual_Forb","Plant"
"3453","C","1","C","2",207,"KRLA",0,0,"Shrub","Plant"
"3454","C","1","C","2",207,"LEMO",0,0,"Annual_Forb","Plant"
"3455","C","1","C","2",207,"LEOC",0,0,"Annual_Forb","Plant"
"3456","C","1","C","2",207,"LYGR",0,0,"Annual_Forb","Plant"
"3457","C","1","C","2",207,"Lichen",0,0,"Lichen","Biocrust"
"3458","C","1","C","2",207,"Light",9,4.34782608695652,"LtCy","Biocrust"
"3459","C","1","C","2",207,"Litter",66,31.8840579710145,"Litter","Abiotic_Cover"
"3460","C","1","C","2",207,"MAAF",2,0.966183574879227,"Annual_Forb","Plant"
"3461","C","1","C","2",207,"Moss",33,15.9420289855072,"Moss","Biocrust"
"3462","C","1","C","2",207,"OECA",0,0,"Annual_Forb","Plant"
"3463","C","1","C","2",207,"OPUNT",0,0,"Cactus","Plant"
"3464","C","1","C","2",207,"PHCR",0,0,"Annual_Forb","Plant"
"3465","C","1","C","2",207,"PLPA",0,0,"Annual_Forb","Plant"
"3466","C","1","C","2",207,"SCWH",0,0,"Cactus","Plant"
"3467","C","1","C","2",207,"SPORO",0,0,"Perennial_Grass","Plant"
"3468","C","1","C","2",207,"TILA",0,0,"Annual_Forb","Plant"
"3469","C","1","C","2",207,"UNK1",0,0,"Annual_Forb","Plant"
"3470","C","1","C","2",207,"ATCO",9,4.34782608695652,"Shrub","Plant"
"3471","C","1","C","2",207,"HIJA",0,0,"Perennial_Grass","Plant"
"3472","C","1","C","2",207,"PlantBase",6,2.89855072463768,"Plant_Base","Plant"
"3473","C","1","C","2",207,"ACHY",8,3.86473429951691,"Perennial_Grass","Plant"
"3474","C","1","C","2",207,"Chamber",0,0,"Chamber","Abiotic_Cover"
"3475","C","1","C","2",207,"Rock",1,0.483091787439614,"Rock","Abiotic_Cover"
"3476","C","1","C","2",207,"Bare",0,0,"Bare_Ground","Abiotic_Cover"
"3477","C","1","C","3",210,"ANBR",0,0,"Annual_Forb","Plant"
"3478","C","1","C","3",210,"ASAM",1,0.476190476190476,"Annual_Forb","Plant"
"3479","C","1","C","3",210,"Bromus",68,32.3809523809524,"Annual_Grass","Plant"
"3480","C","1","C","3",210,"CHER",0,0,"Annual_Forb","Plant"
"3481","C","1","C","3",210,"CRYPT",0,0,"Annual_Forb","Plant"
"3482","C","1","C","3",210,"CYAC",0,0,"Annual_Forb","Plant"
"3483","C","1","C","3",210,"DEAN",0,0,"Annual_Forb","Plant"
"3484","C","1","C","3",210,"DEPI",0,0,"Annual_Forb","Plant"
"3485","C","1","C","3",210,"Dark",0,0,"DkCy","Biocrust"
"3486","C","1","C","3",210,"ENFR",0,0,"Annual_Forb","Plant"
"3487","C","1","C","3",210,"EPHED",0,0,"Shrub","Plant"
"3488","C","1","C","3",210,"EPTO",0,0,"Shrub","Plant"
"3489","C","1","C","3",210,"EPVI",0,0,"Shrub","Plant"
"3490","C","1","C","3",210,"ERIN",0,0,"Annual_Forb","Plant"
"3491","C","1","C","3",210,"FEOC",0,0,"Annual_Grass","Plant"
"3492","C","1","C","3",210,"GAPI",2,0.952380952380952,"Annual_Forb","Plant"
"3493","C","1","C","3",210,"GIIN",0,0,"Annual_Forb","Plant"
"3494","C","1","C","3",210,"GUSA",8,3.80952380952381,"Shrub","Plant"
"3495","C","1","C","3",210,"HECO",0,0,"Perennial_Grass","Plant"
"3496","C","1","C","3",210,"IPPO",0,0,"Annual_Forb","Plant"
"3497","C","1","C","3",210,"KRLA",0,0,"Shrub","Plant"
"3498","C","1","C","3",210,"LEMO",0,0,"Annual_Forb","Plant"
"3499","C","1","C","3",210,"LEOC",0,0,"Annual_Forb","Plant"
"3500","C","1","C","3",210,"LYGR",0,0,"Annual_Forb","Plant"
"3501","C","1","C","3",210,"Lichen",0,0,"Lichen","Biocrust"
"3502","C","1","C","3",210,"Light",13,6.19047619047619,"LtCy","Biocrust"
"3503","C","1","C","3",210,"Litter",61,29.0476190476191,"Litter","Abiotic_Cover"
"3504","C","1","C","3",210,"MAAF",0,0,"Annual_Forb","Plant"
"3505","C","1","C","3",210,"Moss",40,19.047619047619,"Moss","Biocrust"
"3506","C","1","C","3",210,"OECA",0,0,"Annual_Forb","Plant"
"3507","C","1","C","3",210,"OPUNT",0,0,"Cactus","Plant"
"3508","C","1","C","3",210,"PHCR",0,0,"Annual_Forb","Plant"
"3509","C","1","C","3",210,"PLPA",1,0.476190476190476,"Annual_Forb","Plant"
"3510","C","1","C","3",210,"SCWH",0,0,"Cactus","Plant"
"3511","C","1","C","3",210,"SPORO",0,0,"Perennial_Grass","Plant"
"3512","C","1","C","3",210,"TILA",0,0,"Annual_Forb","Plant"
"3513","C","1","C","3",210,"UNK1",0,0,"Annual_Forb","Plant"
"3514","C","1","C","3",210,"ATCO",0,0,"Shrub","Plant"
"3515","C","1","C","3",210,"HIJA",2,0.952380952380952,"Perennial_Grass","Plant"
"3516","C","1","C","3",210,"PlantBase",6,2.85714285714286,"Plant_Base","Plant"
"3517","C","1","C","3",210,"ACHY",6,2.85714285714286,"Perennial_Grass","Plant"
"3518","C","1","C","3",210,"Chamber",0,0,"Chamber","Abiotic_Cover"
"3519","C","1","C","3",210,"Rock",2,0.952380952380952,"Rock","Abiotic_Cover"
"3520","C","1","C","3",210,"Bare",0,0,"Bare_Ground","Abiotic_Cover"
"3521","C","1","C","4",244,"ANBR",0,0,"Annual_Forb","Plant"
"3522","C","1","C","4",244,"ASAM",0,0,"Annual_Forb","Plant"
"3523","C","1","C","4",244,"Bromus",81,33.1967213114754,"Annual_Grass","Plant"
"3524","C","1","C","4",244,"CHER",0,0,"Annual_Forb","Plant"
"3525","C","1","C","4",244,"CRYPT",0,0,"Annual_Forb","Plant"
"3526","C","1","C","4",244,"CYAC",0,0,"Annual_Forb","Plant"
"3527","C","1","C","4",244,"DEAN",0,0,"Annual_Forb","Plant"
"3528","C","1","C","4",244,"DEPI",0,0,"Annual_Forb","Plant"
"3529","C","1","C","4",244,"Dark",1,0.409836065573771,"DkCy","Biocrust"
"3530","C","1","C","4",244,"ENFR",0,0,"Annual_Forb","Plant"
"3531","C","1","C","4",244,"EPHED",0,0,"Shrub","Plant"
"3532","C","1","C","4",244,"EPTO",0,0,"Shrub","Plant"
"3533","C","1","C","4",244,"EPVI",0,0,"Shrub","Plant"
"3534","C","1","C","4",244,"ERIN",0,0,"Annual_Forb","Plant"
"3535","C","1","C","4",244,"FEOC",1,0.409836065573771,"Annual_Grass","Plant"
"3536","C","1","C","4",244,"GAPI",4,1.63934426229508,"Annual_Forb","Plant"
"3537","C","1","C","4",244,"GIIN",0,0,"Annual_Forb","Plant"
"3538","C","1","C","4",244,"GUSA",6,2.45901639344262,"Shrub","Plant"
"3539","C","1","C","4",244,"HECO",0,0,"Perennial_Grass","Plant"
"3540","C","1","C","4",244,"IPPO",0,0,"Annual_Forb","Plant"
"3541","C","1","C","4",244,"KRLA",0,0,"Shrub","Plant"
"3542","C","1","C","4",244,"LEMO",0,0,"Annual_Forb","Plant"
"3543","C","1","C","4",244,"LEOC",0,0,"Annual_Forb","Plant"
"3544","C","1","C","4",244,"LYGR",0,0,"Annual_Forb","Plant"
"3545","C","1","C","4",244,"Lichen",0,0,"Lichen","Biocrust"
"3546","C","1","C","4",244,"Light",18,7.37704918032787,"LtCy","Biocrust"
"3547","C","1","C","4",244,"Litter",56,22.9508196721311,"Litter","Abiotic_Cover"
"3548","C","1","C","4",244,"MAAF",4,1.63934426229508,"Annual_Forb","Plant"
"3549","C","1","C","4",244,"Moss",42,17.2131147540984,"Moss","Biocrust"
"3550","C","1","C","4",244,"OECA",0,0,"Annual_Forb","Plant"
"3551","C","1","C","4",244,"OPUNT",0,0,"Cactus","Plant"
"3552","C","1","C","4",244,"PHCR",0,0,"Annual_Forb","Plant"
"3553","C","1","C","4",244,"PLPA",0,0,"Annual_Forb","Plant"
"3554","C","1","C","4",244,"SCWH",0,0,"Cactus","Plant"
"3555","C","1","C","4",244,"SPORO",0,0,"Perennial_Grass","Plant"
"3556","C","1","C","4",244,"TILA",0,0,"Annual_Forb","Plant"
"3557","C","1","C","4",244,"UNK1",0,0,"Annual_Forb","Plant"
"3558","C","1","C","4",244,"ATCO",0,0,"Shrub","Plant"
"3559","C","1","C","4",244,"HIJA",11,4.50819672131148,"Perennial_Grass","Plant"
"3560","C","1","C","4",244,"PlantBase",10,4.0983606557377,"Plant_Base","Plant"
"3561","C","1","C","4",244,"ACHY",9,3.68852459016393,"Perennial_Grass","Plant"
"3562","C","1","C","4",244,"Chamber",0,0,"Chamber","Abiotic_Cover"
"3563","C","1","C","4",244,"Rock",1,0.409836065573771,"Rock","Abiotic_Cover"
"3564","C","1","C","4",244,"Bare",0,0,"Bare_Ground","Abiotic_Cover"
"3565","C","1","L","1",187,"ANBR",0,0,"Annual_Forb","Plant"
"3566","C","1","L","1",187,"ASAM",1,0.53475935828877,"Annual_Forb","Plant"
"3567","C","1","L","1",187,"Bromus",51,27.2727272727273,"Annual_Grass","Plant"
"3568","C","1","L","1",187,"CHER",0,0,"Annual_Forb","Plant"
"3569","C","1","L","1",187,"CRYPT",0,0,"Annual_Forb","Plant"
"3570","C","1","L","1",187,"CYAC",0,0,"Annual_Forb","Plant"
"3571","C","1","L","1",187,"DEAN",0,0,"Annual_Forb","Plant"
"3572","C","1","L","1",187,"DEPI",2,1.06951871657754,"Annual_Forb","Plant"
"3573","C","1","L","1",187,"Dark",0,0,"DkCy","Biocrust"
"3574","C","1","L","1",187,"ENFR",0,0,"Annual_Forb","Plant"
"3575","C","1","L","1",187,"EPHED",2,1.06951871657754,"Shrub","Plant"
"3576","C","1","L","1",187,"EPTO",0,0,"Shrub","Plant"
"3577","C","1","L","1",187,"EPVI",0,0,"Shrub","Plant"
"3578","C","1","L","1",187,"ERIN",0,0,"Annual_Forb","Plant"
"3579","C","1","L","1",187,"FEOC",0,0,"Annual_Grass","Plant"
"3580","C","1","L","1",187,"GAPI",1,0.53475935828877,"Annual_Forb","Plant"
"3581","C","1","L","1",187,"GIIN",0,0,"Annual_Forb","Plant"
"3582","C","1","L","1",187,"GUSA",2,1.06951871657754,"Shrub","Plant"
"3583","C","1","L","1",187,"HECO",0,0,"Perennial_Grass","Plant"
"3584","C","1","L","1",187,"IPPO",0,0,"Annual_Forb","Plant"
"3585","C","1","L","1",187,"KRLA",0,0,"Shrub","Plant"
"3586","C","1","L","1",187,"LEMO",1,0.53475935828877,"Annual_Forb","Plant"
"3587","C","1","L","1",187,"LEOC",0,0,"Annual_Forb","Plant"
"3588","C","1","L","1",187,"LYGR",0,0,"Annual_Forb","Plant"
"3589","C","1","L","1",187,"Lichen",0,0,"Lichen","Biocrust"
"3590","C","1","L","1",187,"Light",13,6.95187165775401,"LtCy","Biocrust"
"3591","C","1","L","1",187,"Litter",63,33.6898395721925,"Litter","Abiotic_Cover"
"3592","C","1","L","1",187,"MAAF",0,0,"Annual_Forb","Plant"
"3593","C","1","L","1",187,"Moss",28,14.9732620320856,"Moss","Biocrust"
"3594","C","1","L","1",187,"OECA",0,0,"Annual_Forb","Plant"
"3595","C","1","L","1",187,"OPUNT",0,0,"Cactus","Plant"
"3596","C","1","L","1",187,"PHCR",0,0,"Annual_Forb","Plant"
"3597","C","1","L","1",187,"PLPA",0,0,"Annual_Forb","Plant"
"3598","C","1","L","1",187,"SCWH",0,0,"Cactus","Plant"
"3599","C","1","L","1",187,"SPORO",0,0,"Perennial_Grass","Plant"
"3600","C","1","L","1",187,"TILA",0,0,"Annual_Forb","Plant"
"3601","C","1","L","1",187,"UNK1",0,0,"Annual_Forb","Plant"
"3602","C","1","L","1",187,"ATCO",0,0,"Shrub","Plant"
"3603","C","1","L","1",187,"HIJA",0,0,"Perennial_Grass","Plant"
"3604","C","1","L","1",187,"PlantBase",3,1.60427807486631,"Plant_Base","Plant"
"3605","C","1","L","1",187,"ACHY",13,6.95187165775401,"Perennial_Grass","Plant"
"3606","C","1","L","1",187,"Chamber",0,0,"Chamber","Abiotic_Cover"
"3607","C","1","L","1",187,"Rock",6,3.20855614973262,"Rock","Abiotic_Cover"
"3608","C","1","L","1",187,"Bare",1,0.53475935828877,"Bare_Ground","Abiotic_Cover"
"3609","C","1","L","2",205,"ANBR",0,0,"Annual_Forb","Plant"
"3610","C","1","L","2",205,"ASAM",0,0,"Annual_Forb","Plant"
"3611","C","1","L","2",205,"Bromus",69,33.6585365853659,"Annual_Grass","Plant"
"3612","C","1","L","2",205,"CHER",0,0,"Annual_Forb","Plant"
"3613","C","1","L","2",205,"CRYPT",0,0,"Annual_Forb","Plant"
"3614","C","1","L","2",205,"CYAC",0,0,"Annual_Forb","Plant"
"3615","C","1","L","2",205,"DEAN",0,0,"Annual_Forb","Plant"
"3616","C","1","L","2",205,"DEPI",0,0,"Annual_Forb","Plant"
"3617","C","1","L","2",205,"Dark",0,0,"DkCy","Biocrust"
"3618","C","1","L","2",205,"ENFR",0,0,"Annual_Forb","Plant"
"3619","C","1","L","2",205,"EPHED",0,0,"Shrub","Plant"
"3620","C","1","L","2",205,"EPTO",0,0,"Shrub","Plant"
"3621","C","1","L","2",205,"EPVI",0,0,"Shrub","Plant"
"3622","C","1","L","2",205,"ERIN",0,0,"Annual_Forb","Plant"
"3623","C","1","L","2",205,"FEOC",0,0,"Annual_Grass","Plant"
"3624","C","1","L","2",205,"GAPI",0,0,"Annual_Forb","Plant"
"3625","C","1","L","2",205,"GIIN",0,0,"Annual_Forb","Plant"
"3626","C","1","L","2",205,"GUSA",16,7.80487804878049,"Shrub","Plant"
"3627","C","1","L","2",205,"HECO",0,0,"Perennial_Grass","Plant"
"3628","C","1","L","2",205,"IPPO",0,0,"Annual_Forb","Plant"
"3629","C","1","L","2",205,"KRLA",0,0,"Shrub","Plant"
"3630","C","1","L","2",205,"LEMO",0,0,"Annual_Forb","Plant"
"3631","C","1","L","2",205,"LEOC",0,0,"Annual_Forb","Plant"
"3632","C","1","L","2",205,"LYGR",0,0,"Annual_Forb","Plant"
"3633","C","1","L","2",205,"Lichen",0,0,"Lichen","Biocrust"
"3634","C","1","L","2",205,"Light",26,12.6829268292683,"LtCy","Biocrust"
"3635","C","1","L","2",205,"Litter",61,29.7560975609756,"Litter","Abiotic_Cover"
"3636","C","1","L","2",205,"MAAF",0,0,"Annual_Forb","Plant"
"3637","C","1","L","2",205,"Moss",17,8.29268292682927,"Moss","Biocrust"
"3638","C","1","L","2",205,"OECA",0,0,"Annual_Forb","Plant"
"3639","C","1","L","2",205,"OPUNT",0,0,"Cactus","Plant"
"3640","C","1","L","2",205,"PHCR",0,0,"Annual_Forb","Plant"
"3641","C","1","L","2",205,"PLPA",0,0,"Annual_Forb","Plant"
"3642","C","1","L","2",205,"SCWH",0,0,"Cactus","Plant"
"3643","C","1","L","2",205,"SPORO",0,0,"Perennial_Grass","Plant"
"3644","C","1","L","2",205,"TILA",0,0,"Annual_Forb","Plant"
"3645","C","1","L","2",205,"UNK1",0,0,"Annual_Forb","Plant"
"3646","C","1","L","2",205,"ATCO",0,0,"Shrub","Plant"
"3647","C","1","L","2",205,"HIJA",0,0,"Perennial_Grass","Plant"
"3648","C","1","L","2",205,"PlantBase",6,2.92682926829268,"Plant_Base","Plant"
"3649","C","1","L","2",205,"ACHY",10,4.8780487804878,"Perennial_Grass","Plant"
"3650","C","1","L","2",205,"Chamber",0,0,"Chamber","Abiotic_Cover"
"3651","C","1","L","2",205,"Rock",0,0,"Rock","Abiotic_Cover"
"3652","C","1","L","2",205,"Bare",0,0,"Bare_Ground","Abiotic_Cover"
"3653","C","1","L","3",188,"ANBR",0,0,"Annual_Forb","Plant"
"3654","C","1","L","3",188,"ASAM",0,0,"Annual_Forb","Plant"
"3655","C","1","L","3",188,"Bromus",43,22.8723404255319,"Annual_Grass","Plant"
"3656","C","1","L","3",188,"CHER",0,0,"Annual_Forb","Plant"
"3657","C","1","L","3",188,"CRYPT",0,0,"Annual_Forb","Plant"
"3658","C","1","L","3",188,"CYAC",1,0.531914893617021,"Annual_Forb","Plant"
"3659","C","1","L","3",188,"DEAN",0,0,"Annual_Forb","Plant"
"3660","C","1","L","3",188,"DEPI",0,0,"Annual_Forb","Plant"
"3661","C","1","L","3",188,"Dark",0,0,"DkCy","Biocrust"
"3662","C","1","L","3",188,"ENFR",0,0,"Annual_Forb","Plant"
"3663","C","1","L","3",188,"EPHED",0,0,"Shrub","Plant"
"3664","C","1","L","3",188,"EPTO",0,0,"Shrub","Plant"
"3665","C","1","L","3",188,"EPVI",0,0,"Shrub","Plant"
"3666","C","1","L","3",188,"ERIN",0,0,"Annual_Forb","Plant"
"3667","C","1","L","3",188,"FEOC",0,0,"Annual_Grass","Plant"
"3668","C","1","L","3",188,"GAPI",1,0.531914893617021,"Annual_Forb","Plant"
"3669","C","1","L","3",188,"GIIN",1,0.531914893617021,"Annual_Forb","Plant"
"3670","C","1","L","3",188,"GUSA",12,6.38297872340426,"Shrub","Plant"
"3671","C","1","L","3",188,"HECO",0,0,"Perennial_Grass","Plant"
"3672","C","1","L","3",188,"IPPO",0,0,"Annual_Forb","Plant"
"3673","C","1","L","3",188,"KRLA",0,0,"Shrub","Plant"
"3674","C","1","L","3",188,"LEMO",0,0,"Annual_Forb","Plant"
"3675","C","1","L","3",188,"LEOC",0,0,"Annual_Forb","Plant"
"3676","C","1","L","3",188,"LYGR",0,0,"Annual_Forb","Plant"
"3677","C","1","L","3",188,"Lichen",0,0,"Lichen","Biocrust"
"3678","C","1","L","3",188,"Light",22,11.7021276595745,"LtCy","Biocrust"
"3679","C","1","L","3",188,"Litter",48,25.531914893617,"Litter","Abiotic_Cover"
"3680","C","1","L","3",188,"MAAF",0,0,"Annual_Forb","Plant"
"3681","C","1","L","3",188,"Moss",35,18.6170212765957,"Moss","Biocrust"
"3682","C","1","L","3",188,"OECA",0,0,"Annual_Forb","Plant"
"3683","C","1","L","3",188,"OPUNT",0,0,"Cactus","Plant"
"3684","C","1","L","3",188,"PHCR",0,0,"Annual_Forb","Plant"
"3685","C","1","L","3",188,"PLPA",0,0,"Annual_Forb","Plant"
"3686","C","1","L","3",188,"SCWH",0,0,"Cactus","Plant"
"3687","C","1","L","3",188,"SPORO",0,0,"Perennial_Grass","Plant"
"3688","C","1","L","3",188,"TILA",0,0,"Annual_Forb","Plant"
"3689","C","1","L","3",188,"UNK1",0,0,"Annual_Forb","Plant"
"3690","C","1","L","3",188,"ATCO",0,0,"Shrub","Plant"
"3691","C","1","L","3",188,"HIJA",1,0.531914893617021,"Perennial_Grass","Plant"
"3692","C","1","L","3",188,"PlantBase",9,4.78723404255319,"Plant_Base","Plant"
"3693","C","1","L","3",188,"ACHY",15,7.97872340425532,"Perennial_Grass","Plant"
"3694","C","1","L","3",188,"Chamber",0,0,"Chamber","Abiotic_Cover"
"3695","C","1","L","3",188,"Rock",0,0,"Rock","Abiotic_Cover"
"3696","C","1","L","3",188,"Bare",0,0,"Bare_Ground","Abiotic_Cover"
"3697","C","1","L","4",215,"ANBR",0,0,"Annual_Forb","Plant"
"3698","C","1","L","4",215,"ASAM",0,0,"Annual_Forb","Plant"
"3699","C","1","L","4",215,"Bromus",82,38.1395348837209,"Annual_Grass","Plant"
"3700","C","1","L","4",215,"CHER",0,0,"Annual_Forb","Plant"
"3701","C","1","L","4",215,"CRYPT",0,0,"Annual_Forb","Plant"
"3702","C","1","L","4",215,"CYAC",0,0,"Annual_Forb","Plant"
"3703","C","1","L","4",215,"DEAN",0,0,"Annual_Forb","Plant"
"3704","C","1","L","4",215,"DEPI",0,0,"Annual_Forb","Plant"
"3705","C","1","L","4",215,"Dark",0,0,"DkCy","Biocrust"
"3706","C","1","L","4",215,"ENFR",0,0,"Annual_Forb","Plant"
"3707","C","1","L","4",215,"EPHED",0,0,"Shrub","Plant"
"3708","C","1","L","4",215,"EPTO",0,0,"Shrub","Plant"
"3709","C","1","L","4",215,"EPVI",0,0,"Shrub","Plant"
"3710","C","1","L","4",215,"ERIN",0,0,"Annual_Forb","Plant"
"3711","C","1","L","4",215,"FEOC",1,0.465116279069767,"Annual_Grass","Plant"
"3712","C","1","L","4",215,"GAPI",2,0.930232558139535,"Annual_Forb","Plant"
"3713","C","1","L","4",215,"GIIN",0,0,"Annual_Forb","Plant"
"3714","C","1","L","4",215,"GUSA",5,2.32558139534884,"Shrub","Plant"
"3715","C","1","L","4",215,"HECO",0,0,"Perennial_Grass","Plant"
"3716","C","1","L","4",215,"IPPO",0,0,"Annual_Forb","Plant"
"3717","C","1","L","4",215,"KRLA",0,0,"Shrub","Plant"
"3718","C","1","L","4",215,"LEMO",0,0,"Annual_Forb","Plant"
"3719","C","1","L","4",215,"LEOC",0,0,"Annual_Forb","Plant"
"3720","C","1","L","4",215,"LYGR",0,0,"Annual_Forb","Plant"
"3721","C","1","L","4",215,"Lichen",0,0,"Lichen","Biocrust"
"3722","C","1","L","4",215,"Light",21,9.76744186046512,"LtCy","Biocrust"
"3723","C","1","L","4",215,"Litter",65,30.2325581395349,"Litter","Abiotic_Cover"
"3724","C","1","L","4",215,"MAAF",0,0,"Annual_Forb","Plant"
"3725","C","1","L","4",215,"Moss",22,10.2325581395349,"Moss","Biocrust"
"3726","C","1","L","4",215,"OECA",0,0,"Annual_Forb","Plant"
"3727","C","1","L","4",215,"OPUNT",0,0,"Cactus","Plant"
"3728","C","1","L","4",215,"PHCR",0,0,"Annual_Forb","Plant"
"3729","C","1","L","4",215,"PLPA",0,0,"Annual_Forb","Plant"
"3730","C","1","L","4",215,"SCWH",0,0,"Cactus","Plant"
"3731","C","1","L","4",215,"SPORO",0,0,"Perennial_Grass","Plant"
"3732","C","1","L","4",215,"TILA",0,0,"Annual_Forb","Plant"
"3733","C","1","L","4",215,"UNK1",0,0,"Annual_Forb","Plant"
"3734","C","1","L","4",215,"ATCO",0,0,"Shrub","Plant"
"3735","C","1","L","4",215,"HIJA",1,0.465116279069767,"Perennial_Grass","Plant"
"3736","C","1","L","4",215,"PlantBase",6,2.7906976744186,"Plant_Base","Plant"
"3737","C","1","L","4",215,"ACHY",10,4.65116279069767,"Perennial_Grass","Plant"
"3738","C","1","L","4",215,"Chamber",0,0,"Chamber","Abiotic_Cover"
"3739","C","1","L","4",215,"Rock",0,0,"Rock","Abiotic_Cover"
"3740","C","1","L","4",215,"Bare",0,0,"Bare_Ground","Abiotic_Cover"
"3741","C","1","LW","1",198,"ANBR",0,0,"Annual_Forb","Plant"
"3742","C","1","LW","1",198,"ASAM",0,0,"Annual_Forb","Plant"
"3743","C","1","LW","1",198,"Bromus",52,26.2626262626263,"Annual_Grass","Plant"
"3744","C","1","LW","1",198,"CHER",0,0,"Annual_Forb","Plant"
"3745","C","1","LW","1",198,"CRYPT",0,0,"Annual_Forb","Plant"
"3746","C","1","LW","1",198,"CYAC",0,0,"Annual_Forb","Plant"
"3747","C","1","LW","1",198,"DEAN",0,0,"Annual_Forb","Plant"
"3748","C","1","LW","1",198,"DEPI",0,0,"Annual_Forb","Plant"
"3749","C","1","LW","1",198,"Dark",0,0,"DkCy","Biocrust"
"3750","C","1","LW","1",198,"ENFR",0,0,"Annual_Forb","Plant"
"3751","C","1","LW","1",198,"EPHED",0,0,"Shrub","Plant"
"3752","C","1","LW","1",198,"EPTO",0,0,"Shrub","Plant"
"3753","C","1","LW","1",198,"EPVI",0,0,"Shrub","Plant"
"3754","C","1","LW","1",198,"ERIN",0,0,"Annual_Forb","Plant"
"3755","C","1","LW","1",198,"FEOC",0,0,"Annual_Grass","Plant"
"3756","C","1","LW","1",198,"GAPI",0,0,"Annual_Forb","Plant"
"3757","C","1","LW","1",198,"GIIN",0,0,"Annual_Forb","Plant"
"3758","C","1","LW","1",198,"GUSA",0,0,"Shrub","Plant"
"3759","C","1","LW","1",198,"HECO",0,0,"Perennial_Grass","Plant"
"3760","C","1","LW","1",198,"IPPO",0,0,"Annual_Forb","Plant"
"3761","C","1","LW","1",198,"KRLA",0,0,"Shrub","Plant"
"3762","C","1","LW","1",198,"LEMO",1,0.505050505050505,"Annual_Forb","Plant"
"3763","C","1","LW","1",198,"LEOC",0,0,"Annual_Forb","Plant"
"3764","C","1","LW","1",198,"LYGR",0,0,"Annual_Forb","Plant"
"3765","C","1","LW","1",198,"Lichen",2,1.01010101010101,"Lichen","Biocrust"
"3766","C","1","LW","1",198,"Light",12,6.06060606060606,"LtCy","Biocrust"
"3767","C","1","LW","1",198,"Litter",65,32.8282828282828,"Litter","Abiotic_Cover"
"3768","C","1","LW","1",198,"MAAF",2,1.01010101010101,"Annual_Forb","Plant"
"3769","C","1","LW","1",198,"Moss",9,4.54545454545455,"Moss","Biocrust"
"3770","C","1","LW","1",198,"OECA",0,0,"Annual_Forb","Plant"
"3771","C","1","LW","1",198,"OPUNT",0,0,"Cactus","Plant"
"3772","C","1","LW","1",198,"PHCR",0,0,"Annual_Forb","Plant"
"3773","C","1","LW","1",198,"PLPA",0,0,"Annual_Forb","Plant"
"3774","C","1","LW","1",198,"SCWH",0,0,"Cactus","Plant"
"3775","C","1","LW","1",198,"SPORO",0,0,"Perennial_Grass","Plant"
"3776","C","1","LW","1",198,"TILA",0,0,"Annual_Forb","Plant"
"3777","C","1","LW","1",198,"UNK1",0,0,"Annual_Forb","Plant"
"3778","C","1","LW","1",198,"ATCO",36,18.1818181818182,"Shrub","Plant"
"3779","C","1","LW","1",198,"HIJA",0,0,"Perennial_Grass","Plant"
"3780","C","1","LW","1",198,"PlantBase",12,6.06060606060606,"Plant_Base","Plant"
"3781","C","1","LW","1",198,"ACHY",7,3.53535353535354,"Perennial_Grass","Plant"
"3782","C","1","LW","1",198,"Chamber",0,0,"Chamber","Abiotic_Cover"
"3783","C","1","LW","1",198,"Rock",0,0,"Rock","Abiotic_Cover"
"3784","C","1","LW","1",198,"Bare",0,0,"Bare_Ground","Abiotic_Cover"
"3785","C","1","LW","2",196,"ANBR",0,0,"Annual_Forb","Plant"
"3786","C","1","LW","2",196,"ASAM",0,0,"Annual_Forb","Plant"
"3787","C","1","LW","2",196,"Bromus",55,28.0612244897959,"Annual_Grass","Plant"
"3788","C","1","LW","2",196,"CHER",0,0,"Annual_Forb","Plant"
"3789","C","1","LW","2",196,"CRYPT",0,0,"Annual_Forb","Plant"
"3790","C","1","LW","2",196,"CYAC",0,0,"Annual_Forb","Plant"
"3791","C","1","LW","2",196,"DEAN",0,0,"Annual_Forb","Plant"
"3792","C","1","LW","2",196,"DEPI",0,0,"Annual_Forb","Plant"
"3793","C","1","LW","2",196,"Dark",0,0,"DkCy","Biocrust"
"3794","C","1","LW","2",196,"ENFR",0,0,"Annual_Forb","Plant"
"3795","C","1","LW","2",196,"EPHED",0,0,"Shrub","Plant"
"3796","C","1","LW","2",196,"EPTO",0,0,"Shrub","Plant"
"3797","C","1","LW","2",196,"EPVI",0,0,"Shrub","Plant"
"3798","C","1","LW","2",196,"ERIN",0,0,"Annual_Forb","Plant"
"3799","C","1","LW","2",196,"FEOC",0,0,"Annual_Grass","Plant"
"3800","C","1","LW","2",196,"GAPI",3,1.53061224489796,"Annual_Forb","Plant"
"3801","C","1","LW","2",196,"GIIN",0,0,"Annual_Forb","Plant"
"3802","C","1","LW","2",196,"GUSA",2,1.02040816326531,"Shrub","Plant"
"3803","C","1","LW","2",196,"HECO",0,0,"Perennial_Grass","Plant"
"3804","C","1","LW","2",196,"IPPO",0,0,"Annual_Forb","Plant"
"3805","C","1","LW","2",196,"KRLA",0,0,"Shrub","Plant"
"3806","C","1","LW","2",196,"LEMO",1,0.510204081632653,"Annual_Forb","Plant"
"3807","C","1","LW","2",196,"LEOC",0,0,"Annual_Forb","Plant"
"3808","C","1","LW","2",196,"LYGR",0,0,"Annual_Forb","Plant"
"3809","C","1","LW","2",196,"Lichen",0,0,"Lichen","Biocrust"
"3810","C","1","LW","2",196,"Light",4,2.04081632653061,"LtCy","Biocrust"
"3811","C","1","LW","2",196,"Litter",86,43.8775510204082,"Litter","Abiotic_Cover"
"3812","C","1","LW","2",196,"MAAF",0,0,"Annual_Forb","Plant"
"3813","C","1","LW","2",196,"Moss",1,0.510204081632653,"Moss","Biocrust"
"3814","C","1","LW","2",196,"OECA",0,0,"Annual_Forb","Plant"
"3815","C","1","LW","2",196,"OPUNT",0,0,"Cactus","Plant"
"3816","C","1","LW","2",196,"PHCR",0,0,"Annual_Forb","Plant"
"3817","C","1","LW","2",196,"PLPA",0,0,"Annual_Forb","Plant"
"3818","C","1","LW","2",196,"SCWH",0,0,"Cactus","Plant"
"3819","C","1","LW","2",196,"SPORO",0,0,"Perennial_Grass","Plant"
"3820","C","1","LW","2",196,"TILA",0,0,"Annual_Forb","Plant"
"3821","C","1","LW","2",196,"UNK1",0,0,"Annual_Forb","Plant"
"3822","C","1","LW","2",196,"ATCO",20,10.2040816326531,"Shrub","Plant"
"3823","C","1","LW","2",196,"HIJA",0,0,"Perennial_Grass","Plant"
"3824","C","1","LW","2",196,"PlantBase",14,7.14285714285714,"Plant_Base","Plant"
"3825","C","1","LW","2",196,"ACHY",5,2.55102040816327,"Perennial_Grass","Plant"
"3826","C","1","LW","2",196,"Chamber",0,0,"Chamber","Abiotic_Cover"
"3827","C","1","LW","2",196,"Rock",5,2.55102040816327,"Rock","Abiotic_Cover"
"3828","C","1","LW","2",196,"Bare",0,0,"Bare_Ground","Abiotic_Cover"
"3829","C","1","LW","3",161,"ANBR",0,0,"Annual_Forb","Plant"
"3830","C","1","LW","3",161,"ASAM",0,0,"Annual_Forb","Plant"
"3831","C","1","LW","3",161,"Bromus",32,19.8757763975155,"Annual_Grass","Plant"
"3832","C","1","LW","3",161,"CHER",0,0,"Annual_Forb","Plant"
"3833","C","1","LW","3",161,"CRYPT",0,0,"Annual_Forb","Plant"
"3834","C","1","LW","3",161,"CYAC",0,0,"Annual_Forb","Plant"
"3835","C","1","LW","3",161,"DEAN",0,0,"Annual_Forb","Plant"
"3836","C","1","LW","3",161,"DEPI",0,0,"Annual_Forb","Plant"
"3837","C","1","LW","3",161,"Dark",9,5.59006211180124,"DkCy","Biocrust"
"3838","C","1","LW","3",161,"ENFR",0,0,"Annual_Forb","Plant"
"3839","C","1","LW","3",161,"EPHED",0,0,"Shrub","Plant"
"3840","C","1","LW","3",161,"EPTO",0,0,"Shrub","Plant"
"3841","C","1","LW","3",161,"EPVI",0,0,"Shrub","Plant"
"3842","C","1","LW","3",161,"ERIN",0,0,"Annual_Forb","Plant"
"3843","C","1","LW","3",161,"FEOC",0,0,"Annual_Grass","Plant"
"3844","C","1","LW","3",161,"GAPI",3,1.86335403726708,"Annual_Forb","Plant"
"3845","C","1","LW","3",161,"GIIN",2,1.24223602484472,"Annual_Forb","Plant"
"3846","C","1","LW","3",161,"GUSA",11,6.83229813664596,"Shrub","Plant"
"3847","C","1","LW","3",161,"HECO",0,0,"Perennial_Grass","Plant"
"3848","C","1","LW","3",161,"IPPO",0,0,"Annual_Forb","Plant"
"3849","C","1","LW","3",161,"KRLA",0,0,"Shrub","Plant"
"3850","C","1","LW","3",161,"LEMO",0,0,"Annual_Forb","Plant"
"3851","C","1","LW","3",161,"LEOC",0,0,"Annual_Forb","Plant"
"3852","C","1","LW","3",161,"LYGR",0,0,"Annual_Forb","Plant"
"3853","C","1","LW","3",161,"Lichen",2,1.24223602484472,"Lichen","Biocrust"
"3854","C","1","LW","3",161,"Light",14,8.69565217391304,"LtCy","Biocrust"
"3855","C","1","LW","3",161,"Litter",20,12.4223602484472,"Litter","Abiotic_Cover"
"3856","C","1","LW","3",161,"MAAF",0,0,"Annual_Forb","Plant"
"3857","C","1","LW","3",161,"Moss",43,26.7080745341615,"Moss","Biocrust"
"3858","C","1","LW","3",161,"OECA",0,0,"Annual_Forb","Plant"
"3859","C","1","LW","3",161,"OPUNT",0,0,"Cactus","Plant"
"3860","C","1","LW","3",161,"PHCR",0,0,"Annual_Forb","Plant"
"3861","C","1","LW","3",161,"PLPA",0,0,"Annual_Forb","Plant"
"3862","C","1","LW","3",161,"SCWH",0,0,"Cactus","Plant"
"3863","C","1","LW","3",161,"SPORO",0,0,"Perennial_Grass","Plant"
"3864","C","1","LW","3",161,"TILA",0,0,"Annual_Forb","Plant"
"3865","C","1","LW","3",161,"UNK1",0,0,"Annual_Forb","Plant"
"3866","C","1","LW","3",161,"ATCO",0,0,"Shrub","Plant"
"3867","C","1","LW","3",161,"HIJA",0,0,"Perennial_Grass","Plant"
"3868","C","1","LW","3",161,"PlantBase",7,4.34782608695652,"Plant_Base","Plant"
"3869","C","1","LW","3",161,"ACHY",0,0,"Perennial_Grass","Plant"
"3870","C","1","LW","3",161,"Chamber",0,0,"Chamber","Abiotic_Cover"
"3871","C","1","LW","3",161,"Rock",18,11.1801242236025,"Rock","Abiotic_Cover"
"3872","C","1","LW","3",161,"Bare",0,0,"Bare_Ground","Abiotic_Cover"
"3873","C","1","LW","4",165,"ANBR",0,0,"Annual_Forb","Plant"
"3874","C","1","LW","4",165,"ASAM",0,0,"Annual_Forb","Plant"
"3875","C","1","LW","4",165,"Bromus",17,10.3030303030303,"Annual_Grass","Plant"
"3876","C","1","LW","4",165,"CHER",0,0,"Annual_Forb","Plant"
"3877","C","1","LW","4",165,"CRYPT",0,0,"Annual_Forb","Plant"
"3878","C","1","LW","4",165,"CYAC",0,0,"Annual_Forb","Plant"
"3879","C","1","LW","4",165,"DEAN",0,0,"Annual_Forb","Plant"
"3880","C","1","LW","4",165,"DEPI",0,0,"Annual_Forb","Plant"
"3881","C","1","LW","4",165,"Dark",3,1.81818181818182,"DkCy","Biocrust"
"3882","C","1","LW","4",165,"ENFR",0,0,"Annual_Forb","Plant"
"3883","C","1","LW","4",165,"EPHED",0,0,"Shrub","Plant"
"3884","C","1","LW","4",165,"EPTO",0,0,"Shrub","Plant"
"3885","C","1","LW","4",165,"EPVI",0,0,"Shrub","Plant"
"3886","C","1","LW","4",165,"ERIN",0,0,"Annual_Forb","Plant"
"3887","C","1","LW","4",165,"FEOC",1,0.606060606060606,"Annual_Grass","Plant"
"3888","C","1","LW","4",165,"GAPI",4,2.42424242424242,"Annual_Forb","Plant"
"3889","C","1","LW","4",165,"GIIN",2,1.21212121212121,"Annual_Forb","Plant"
"3890","C","1","LW","4",165,"GUSA",18,10.9090909090909,"Shrub","Plant"
"3891","C","1","LW","4",165,"HECO",0,0,"Perennial_Grass","Plant"
"3892","C","1","LW","4",165,"IPPO",1,0.606060606060606,"Annual_Forb","Plant"
"3893","C","1","LW","4",165,"KRLA",0,0,"Shrub","Plant"
"3894","C","1","LW","4",165,"LEMO",0,0,"Annual_Forb","Plant"
"3895","C","1","LW","4",165,"LEOC",0,0,"Annual_Forb","Plant"
"3896","C","1","LW","4",165,"LYGR",0,0,"Annual_Forb","Plant"
"3897","C","1","LW","4",165,"Lichen",5,3.03030303030303,"Lichen","Biocrust"
"3898","C","1","LW","4",165,"Light",21,12.7272727272727,"LtCy","Biocrust"
"3899","C","1","LW","4",165,"Litter",47,28.4848484848485,"Litter","Abiotic_Cover"
"3900","C","1","LW","4",165,"MAAF",0,0,"Annual_Forb","Plant"
"3901","C","1","LW","4",165,"Moss",19,11.5151515151515,"Moss","Biocrust"
"3902","C","1","LW","4",165,"OECA",0,0,"Annual_Forb","Plant"
"3903","C","1","LW","4",165,"OPUNT",0,0,"Cactus","Plant"
"3904","C","1","LW","4",165,"PHCR",0,0,"Annual_Forb","Plant"
"3905","C","1","LW","4",165,"PLPA",0,0,"Annual_Forb","Plant"
"3906","C","1","LW","4",165,"SCWH",0,0,"Cactus","Plant"
"3907","C","1","LW","4",165,"SPORO",0,0,"Perennial_Grass","Plant"
"3908","C","1","LW","4",165,"TILA",0,0,"Annual_Forb","Plant"
"3909","C","1","LW","4",165,"UNK1",0,0,"Annual_Forb","Plant"
"3910","C","1","LW","4",165,"ATCO",1,0.606060606060606,"Shrub","Plant"
"3911","C","1","LW","4",165,"HIJA",0,0,"Perennial_Grass","Plant"
"3912","C","1","LW","4",165,"PlantBase",4,2.42424242424242,"Plant_Base","Plant"
"3913","C","1","LW","4",165,"ACHY",3,1.81818181818182,"Perennial_Grass","Plant"
"3914","C","1","LW","4",165,"Chamber",0,0,"Chamber","Abiotic_Cover"
"3915","C","1","LW","4",165,"Rock",19,11.5151515151515,"Rock","Abiotic_Cover"
"3916","C","1","LW","4",165,"Bare",0,0,"Bare_Ground","Abiotic_Cover"
"3917","C","1","W","1",174,"ANBR",0,0,"Annual_Forb","Plant"
"3918","C","1","W","1",174,"ASAM",0,0,"Annual_Forb","Plant"
"3919","C","1","W","1",174,"Bromus",51,29.3103448275862,"Annual_Grass","Plant"
"3920","C","1","W","1",174,"CHER",0,0,"Annual_Forb","Plant"
"3921","C","1","W","1",174,"CRYPT",0,0,"Annual_Forb","Plant"
"3922","C","1","W","1",174,"CYAC",0,0,"Annual_Forb","Plant"
"3923","C","1","W","1",174,"DEAN",0,0,"Annual_Forb","Plant"
"3924","C","1","W","1",174,"DEPI",0,0,"Annual_Forb","Plant"
"3925","C","1","W","1",174,"Dark",1,0.574712643678161,"DkCy","Biocrust"
"3926","C","1","W","1",174,"ENFR",0,0,"Annual_Forb","Plant"
"3927","C","1","W","1",174,"EPHED",0,0,"Shrub","Plant"
"3928","C","1","W","1",174,"EPTO",0,0,"Shrub","Plant"
"3929","C","1","W","1",174,"EPVI",0,0,"Shrub","Plant"
"3930","C","1","W","1",174,"ERIN",0,0,"Annual_Forb","Plant"
"3931","C","1","W","1",174,"FEOC",0,0,"Annual_Grass","Plant"
"3932","C","1","W","1",174,"GAPI",0,0,"Annual_Forb","Plant"
"3933","C","1","W","1",174,"GIIN",0,0,"Annual_Forb","Plant"
"3934","C","1","W","1",174,"GUSA",3,1.72413793103448,"Shrub","Plant"
"3935","C","1","W","1",174,"HECO",0,0,"Perennial_Grass","Plant"
"3936","C","1","W","1",174,"IPPO",0,0,"Annual_Forb","Plant"
"3937","C","1","W","1",174,"KRLA",0,0,"Shrub","Plant"
"3938","C","1","W","1",174,"LEMO",1,0.574712643678161,"Annual_Forb","Plant"
"3939","C","1","W","1",174,"LEOC",0,0,"Annual_Forb","Plant"
"3940","C","1","W","1",174,"LYGR",0,0,"Annual_Forb","Plant"
"3941","C","1","W","1",174,"Lichen",4,2.29885057471264,"Lichen","Biocrust"
"3942","C","1","W","1",174,"Light",14,8.04597701149425,"LtCy","Biocrust"
"3943","C","1","W","1",174,"Litter",35,20.1149425287356,"Litter","Abiotic_Cover"
"3944","C","1","W","1",174,"MAAF",0,0,"Annual_Forb","Plant"
"3945","C","1","W","1",174,"Moss",59,33.9080459770115,"Moss","Biocrust"
"3946","C","1","W","1",174,"OECA",0,0,"Annual_Forb","Plant"
"3947","C","1","W","1",174,"OPUNT",0,0,"Cactus","Plant"
"3948","C","1","W","1",174,"PHCR",0,0,"Annual_Forb","Plant"
"3949","C","1","W","1",174,"PLPA",0,0,"Annual_Forb","Plant"
"3950","C","1","W","1",174,"SCWH",0,0,"Cactus","Plant"
"3951","C","1","W","1",174,"SPORO",0,0,"Perennial_Grass","Plant"
"3952","C","1","W","1",174,"TILA",0,0,"Annual_Forb","Plant"
"3953","C","1","W","1",174,"UNK1",0,0,"Annual_Forb","Plant"
"3954","C","1","W","1",174,"ATCO",0,0,"Shrub","Plant"
"3955","C","1","W","1",174,"HIJA",3,1.72413793103448,"Perennial_Grass","Plant"
"3956","C","1","W","1",174,"PlantBase",3,1.72413793103448,"Plant_Base","Plant"
"3957","C","1","W","1",174,"ACHY",0,0,"Perennial_Grass","Plant"
"3958","C","1","W","1",174,"Chamber",0,0,"Chamber","Abiotic_Cover"
"3959","C","1","W","1",174,"Rock",0,0,"Rock","Abiotic_Cover"
"3960","C","1","W","1",174,"Bare",0,0,"Bare_Ground","Abiotic_Cover"
"3961","C","1","W","2",195,"ANBR",0,0,"Annual_Forb","Plant"
"3962","C","1","W","2",195,"ASAM",0,0,"Annual_Forb","Plant"
"3963","C","1","W","2",195,"Bromus",67,34.3589743589744,"Annual_Grass","Plant"
"3964","C","1","W","2",195,"CHER",0,0,"Annual_Forb","Plant"
"3965","C","1","W","2",195,"CRYPT",0,0,"Annual_Forb","Plant"
"3966","C","1","W","2",195,"CYAC",0,0,"Annual_Forb","Plant"
"3967","C","1","W","2",195,"DEAN",0,0,"Annual_Forb","Plant"
"3968","C","1","W","2",195,"DEPI",1,0.512820512820513,"Annual_Forb","Plant"
"3969","C","1","W","2",195,"Dark",0,0,"DkCy","Biocrust"
"3970","C","1","W","2",195,"ENFR",0,0,"Annual_Forb","Plant"
"3971","C","1","W","2",195,"EPHED",0,0,"Shrub","Plant"
"3972","C","1","W","2",195,"EPTO",0,0,"Shrub","Plant"
"3973","C","1","W","2",195,"EPVI",0,0,"Shrub","Plant"
"3974","C","1","W","2",195,"ERIN",0,0,"Annual_Forb","Plant"
"3975","C","1","W","2",195,"FEOC",1,0.512820512820513,"Annual_Grass","Plant"
"3976","C","1","W","2",195,"GAPI",1,0.512820512820513,"Annual_Forb","Plant"
"3977","C","1","W","2",195,"GIIN",0,0,"Annual_Forb","Plant"
"3978","C","1","W","2",195,"GUSA",6,3.07692307692308,"Shrub","Plant"
"3979","C","1","W","2",195,"HECO",0,0,"Perennial_Grass","Plant"
"3980","C","1","W","2",195,"IPPO",0,0,"Annual_Forb","Plant"
"3981","C","1","W","2",195,"KRLA",0,0,"Shrub","Plant"
"3982","C","1","W","2",195,"LEMO",0,0,"Annual_Forb","Plant"
"3983","C","1","W","2",195,"LEOC",0,0,"Annual_Forb","Plant"
"3984","C","1","W","2",195,"LYGR",0,0,"Annual_Forb","Plant"
"3985","C","1","W","2",195,"Lichen",2,1.02564102564103,"Lichen","Biocrust"
"3986","C","1","W","2",195,"Light",19,9.74358974358974,"LtCy","Biocrust"
"3987","C","1","W","2",195,"Litter",29,14.8717948717949,"Litter","Abiotic_Cover"
"3988","C","1","W","2",195,"MAAF",0,0,"Annual_Forb","Plant"
"3989","C","1","W","2",195,"Moss",59,30.2564102564103,"Moss","Biocrust"
"3990","C","1","W","2",195,"OECA",0,0,"Annual_Forb","Plant"
"3991","C","1","W","2",195,"OPUNT",0,0,"Cactus","Plant"
"3992","C","1","W","2",195,"PHCR",0,0,"Annual_Forb","Plant"
"3993","C","1","W","2",195,"PLPA",0,0,"Annual_Forb","Plant"
"3994","C","1","W","2",195,"SCWH",0,0,"Cactus","Plant"
"3995","C","1","W","2",195,"SPORO",0,0,"Perennial_Grass","Plant"
"3996","C","1","W","2",195,"TILA",0,0,"Annual_Forb","Plant"
"3997","C","1","W","2",195,"UNK1",0,0,"Annual_Forb","Plant"
"3998","C","1","W","2",195,"ATCO",0,0,"Shrub","Plant"
"3999","C","1","W","2",195,"HIJA",2,1.02564102564103,"Perennial_Grass","Plant"
"4000","C","1","W","2",195,"PlantBase",8,4.1025641025641,"Plant_Base","Plant"
"4001","C","1","W","2",195,"ACHY",0,0,"Perennial_Grass","Plant"
"4002","C","1","W","2",195,"Chamber",0,0,"Chamber","Abiotic_Cover"
"4003","C","1","W","2",195,"Rock",0,0,"Rock","Abiotic_Cover"
"4004","C","1","W","2",195,"Bare",0,0,"Bare_Ground","Abiotic_Cover"
"4005","C","1","W","3",237,"ANBR",0,0,"Annual_Forb","Plant"
"4006","C","1","W","3",237,"ASAM",0,0,"Annual_Forb","Plant"
"4007","C","1","W","3",237,"Bromus",67,28.2700421940928,"Annual_Grass","Plant"
"4008","C","1","W","3",237,"CHER",0,0,"Annual_Forb","Plant"
"4009","C","1","W","3",237,"CRYPT",0,0,"Annual_Forb","Plant"
"4010","C","1","W","3",237,"CYAC",1,0.421940928270042,"Annual_Forb","Plant"
"4011","C","1","W","3",237,"DEAN",0,0,"Annual_Forb","Plant"
"4012","C","1","W","3",237,"DEPI",0,0,"Annual_Forb","Plant"
"4013","C","1","W","3",237,"Dark",0,0,"DkCy","Biocrust"
"4014","C","1","W","3",237,"ENFR",0,0,"Annual_Forb","Plant"
"4015","C","1","W","3",237,"EPHED",0,0,"Shrub","Plant"
"4016","C","1","W","3",237,"EPTO",0,0,"Shrub","Plant"
"4017","C","1","W","3",237,"EPVI",0,0,"Shrub","Plant"
"4018","C","1","W","3",237,"ERIN",0,0,"Annual_Forb","Plant"
"4019","C","1","W","3",237,"FEOC",0,0,"Annual_Grass","Plant"
"4020","C","1","W","3",237,"GAPI",5,2.10970464135021,"Annual_Forb","Plant"
"4021","C","1","W","3",237,"GIIN",1,0.421940928270042,"Annual_Forb","Plant"
"4022","C","1","W","3",237,"GUSA",0,0,"Shrub","Plant"
"4023","C","1","W","3",237,"HECO",0,0,"Perennial_Grass","Plant"
"4024","C","1","W","3",237,"IPPO",0,0,"Annual_Forb","Plant"
"4025","C","1","W","3",237,"KRLA",0,0,"Shrub","Plant"
"4026","C","1","W","3",237,"LEMO",0,0,"Annual_Forb","Plant"
"4027","C","1","W","3",237,"LEOC",0,0,"Annual_Forb","Plant"
"4028","C","1","W","3",237,"LYGR",0,0,"Annual_Forb","Plant"
"4029","C","1","W","3",237,"Lichen",1,0.421940928270042,"Lichen","Biocrust"
"4030","C","1","W","3",237,"Light",9,3.79746835443038,"LtCy","Biocrust"
"4031","C","1","W","3",237,"Litter",84,35.4430379746835,"Litter","Abiotic_Cover"
"4032","C","1","W","3",237,"MAAF",0,0,"Annual_Forb","Plant"
"4033","C","1","W","3",237,"Moss",26,10.9704641350211,"Moss","Biocrust"
"4034","C","1","W","3",237,"OECA",0,0,"Annual_Forb","Plant"
"4035","C","1","W","3",237,"OPUNT",0,0,"Cactus","Plant"
"4036","C","1","W","3",237,"PHCR",0,0,"Annual_Forb","Plant"
"4037","C","1","W","3",237,"PLPA",0,0,"Annual_Forb","Plant"
"4038","C","1","W","3",237,"SCWH",0,0,"Cactus","Plant"
"4039","C","1","W","3",237,"SPORO",0,0,"Perennial_Grass","Plant"
"4040","C","1","W","3",237,"TILA",0,0,"Annual_Forb","Plant"
"4041","C","1","W","3",237,"UNK1",0,0,"Annual_Forb","Plant"
"4042","C","1","W","3",237,"ATCO",31,13.0801687763713,"Shrub","Plant"
"4043","C","1","W","3",237,"HIJA",6,2.53164556962025,"Perennial_Grass","Plant"
"4044","C","1","W","3",237,"PlantBase",6,2.53164556962025,"Plant_Base","Plant"
"4045","C","1","W","3",237,"ACHY",0,0,"Perennial_Grass","Plant"
"4046","C","1","W","3",237,"Chamber",0,0,"Chamber","Abiotic_Cover"
"4047","C","1","W","3",237,"Rock",0,0,"Rock","Abiotic_Cover"
"4048","C","1","W","3",237,"Bare",0,0,"Bare_Ground","Abiotic_Cover"
"4049","C","1","W","4",208,"ANBR",0,0,"Annual_Forb","Plant"
"4050","C","1","W","4",208,"ASAM",0,0,"Annual_Forb","Plant"
"4051","C","1","W","4",208,"Bromus",64,30.7692307692308,"Annual_Grass","Plant"
"4052","C","1","W","4",208,"CHER",0,0,"Annual_Forb","Plant"
"4053","C","1","W","4",208,"CRYPT",0,0,"Annual_Forb","Plant"
"4054","C","1","W","4",208,"CYAC",0,0,"Annual_Forb","Plant"
"4055","C","1","W","4",208,"DEAN",0,0,"Annual_Forb","Plant"
"4056","C","1","W","4",208,"DEPI",0,0,"Annual_Forb","Plant"
"4057","C","1","W","4",208,"Dark",2,0.961538461538462,"DkCy","Biocrust"
"4058","C","1","W","4",208,"ENFR",0,0,"Annual_Forb","Plant"
"4059","C","1","W","4",208,"EPHED",0,0,"Shrub","Plant"
"4060","C","1","W","4",208,"EPTO",0,0,"Shrub","Plant"
"4061","C","1","W","4",208,"EPVI",0,0,"Shrub","Plant"
"4062","C","1","W","4",208,"ERIN",0,0,"Annual_Forb","Plant"
"4063","C","1","W","4",208,"FEOC",0,0,"Annual_Grass","Plant"
"4064","C","1","W","4",208,"GAPI",4,1.92307692307692,"Annual_Forb","Plant"
"4065","C","1","W","4",208,"GIIN",2,0.961538461538462,"Annual_Forb","Plant"
"4066","C","1","W","4",208,"GUSA",1,0.480769230769231,"Shrub","Plant"
"4067","C","1","W","4",208,"HECO",0,0,"Perennial_Grass","Plant"
"4068","C","1","W","4",208,"IPPO",1,0.480769230769231,"Annual_Forb","Plant"
"4069","C","1","W","4",208,"KRLA",0,0,"Shrub","Plant"
"4070","C","1","W","4",208,"LEMO",0,0,"Annual_Forb","Plant"
"4071","C","1","W","4",208,"LEOC",0,0,"Annual_Forb","Plant"
"4072","C","1","W","4",208,"LYGR",0,0,"Annual_Forb","Plant"
"4073","C","1","W","4",208,"Lichen",3,1.44230769230769,"Lichen","Biocrust"
"4074","C","1","W","4",208,"Light",37,17.7884615384615,"LtCy","Biocrust"
"4075","C","1","W","4",208,"Litter",32,15.3846153846154,"Litter","Abiotic_Cover"
"4076","C","1","W","4",208,"MAAF",0,0,"Annual_Forb","Plant"
"4077","C","1","W","4",208,"Moss",41,19.7115384615385,"Moss","Biocrust"
"4078","C","1","W","4",208,"OECA",0,0,"Annual_Forb","Plant"
"4079","C","1","W","4",208,"OPUNT",0,0,"Cactus","Plant"
"4080","C","1","W","4",208,"PHCR",0,0,"Annual_Forb","Plant"
"4081","C","1","W","4",208,"PLPA",0,0,"Annual_Forb","Plant"
"4082","C","1","W","4",208,"SCWH",0,0,"Cactus","Plant"
"4083","C","1","W","4",208,"SPORO",0,0,"Perennial_Grass","Plant"
"4084","C","1","W","4",208,"TILA",0,0,"Annual_Forb","Plant"
"4085","C","1","W","4",208,"UNK1",0,0,"Annual_Forb","Plant"
"4086","C","1","W","4",208,"ATCO",0,0,"Shrub","Plant"
"4087","C","1","W","4",208,"HIJA",6,2.88461538461538,"Perennial_Grass","Plant"
"4088","C","1","W","4",208,"PlantBase",6,2.88461538461538,"Plant_Base","Plant"
"4089","C","1","W","4",208,"ACHY",5,2.40384615384615,"Perennial_Grass","Plant"
"4090","C","1","W","4",208,"Chamber",0,0,"Chamber","Abiotic_Cover"
"4091","C","1","W","4",208,"Rock",4,1.92307692307692,"Rock","Abiotic_Cover"
"4092","C","1","W","4",208,"Bare",0,0,"Bare_Ground","Abiotic_Cover"
"4093","C","2","C","1",247,"ANBR",0,0,"Annual_Forb","Plant"
"4094","C","2","C","1",247,"ASAM",0,0,"Annual_Forb","Plant"
"4095","C","2","C","1",247,"Bromus",94,38.0566801619433,"Annual_Grass","Plant"
"4096","C","2","C","1",247,"CHER",0,0,"Annual_Forb","Plant"
"4097","C","2","C","1",247,"CRYPT",0,0,"Annual_Forb","Plant"
"4098","C","2","C","1",247,"CYAC",0,0,"Annual_Forb","Plant"
"4099","C","2","C","1",247,"DEAN",0,0,"Annual_Forb","Plant"
"4100","C","2","C","1",247,"DEPI",0,0,"Annual_Forb","Plant"
"4101","C","2","C","1",247,"Dark",5,2.02429149797571,"DkCy","Biocrust"
"4102","C","2","C","1",247,"ENFR",0,0,"Annual_Forb","Plant"
"4103","C","2","C","1",247,"EPHED",0,0,"Shrub","Plant"
"4104","C","2","C","1",247,"EPTO",0,0,"Shrub","Plant"
"4105","C","2","C","1",247,"EPVI",0,0,"Shrub","Plant"
"4106","C","2","C","1",247,"ERIN",0,0,"Annual_Forb","Plant"
"4107","C","2","C","1",247,"FEOC",0,0,"Annual_Grass","Plant"
"4108","C","2","C","1",247,"GAPI",0,0,"Annual_Forb","Plant"
"4109","C","2","C","1",247,"GIIN",0,0,"Annual_Forb","Plant"
"4110","C","2","C","1",247,"GUSA",0,0,"Shrub","Plant"
"4111","C","2","C","1",247,"HECO",0,0,"Perennial_Grass","Plant"
"4112","C","2","C","1",247,"IPPO",0,0,"Annual_Forb","Plant"
"4113","C","2","C","1",247,"KRLA",0,0,"Shrub","Plant"
"4114","C","2","C","1",247,"LEMO",0,0,"Annual_Forb","Plant"
"4115","C","2","C","1",247,"LEOC",0,0,"Annual_Forb","Plant"
"4116","C","2","C","1",247,"LYGR",0,0,"Annual_Forb","Plant"
"4117","C","2","C","1",247,"Lichen",4,1.61943319838057,"Lichen","Biocrust"
"4118","C","2","C","1",247,"Light",7,2.83400809716599,"LtCy","Biocrust"
"4119","C","2","C","1",247,"Litter",63,25.5060728744939,"Litter","Abiotic_Cover"
"4120","C","2","C","1",247,"MAAF",0,0,"Annual_Forb","Plant"
"4121","C","2","C","1",247,"Moss",50,20.2429149797571,"Moss","Biocrust"
"4122","C","2","C","1",247,"OECA",0,0,"Annual_Forb","Plant"
"4123","C","2","C","1",247,"OPUNT",0,0,"Cactus","Plant"
"4124","C","2","C","1",247,"PHCR",0,0,"Annual_Forb","Plant"
"4125","C","2","C","1",247,"PLPA",0,0,"Annual_Forb","Plant"
"4126","C","2","C","1",247,"SCWH",0,0,"Cactus","Plant"
"4127","C","2","C","1",247,"SPORO",0,0,"Perennial_Grass","Plant"
"4128","C","2","C","1",247,"TILA",0,0,"Annual_Forb","Plant"
"4129","C","2","C","1",247,"UNK1",0,0,"Annual_Forb","Plant"
"4130","C","2","C","1",247,"ATCO",0,0,"Shrub","Plant"
"4131","C","2","C","1",247,"HIJA",14,5.66801619433198,"Perennial_Grass","Plant"
"4132","C","2","C","1",247,"PlantBase",4,1.61943319838057,"Plant_Base","Plant"
"4133","C","2","C","1",247,"ACHY",6,2.42914979757085,"Perennial_Grass","Plant"
"4134","C","2","C","1",247,"Chamber",0,0,"Chamber","Abiotic_Cover"
"4135","C","2","C","1",247,"Rock",0,0,"Rock","Abiotic_Cover"
"4136","C","2","C","1",247,"Bare",0,0,"Bare_Ground","Abiotic_Cover"
"4137","C","2","C","2",249,"ANBR",0,0,"Annual_Forb","Plant"
"4138","C","2","C","2",249,"ASAM",0,0,"Annual_Forb","Plant"
"4139","C","2","C","2",249,"Bromus",108,43.3734939759036,"Annual_Grass","Plant"
"4140","C","2","C","2",249,"CHER",0,0,"Annual_Forb","Plant"
"4141","C","2","C","2",249,"CRYPT",0,0,"Annual_Forb","Plant"
"4142","C","2","C","2",249,"CYAC",1,0.401606425702811,"Annual_Forb","Plant"
"4143","C","2","C","2",249,"DEAN",0,0,"Annual_Forb","Plant"
"4144","C","2","C","2",249,"DEPI",0,0,"Annual_Forb","Plant"
"4145","C","2","C","2",249,"Dark",3,1.20481927710843,"DkCy","Biocrust"
"4146","C","2","C","2",249,"ENFR",0,0,"Annual_Forb","Plant"
"4147","C","2","C","2",249,"EPHED",0,0,"Shrub","Plant"
"4148","C","2","C","2",249,"EPTO",0,0,"Shrub","Plant"
"4149","C","2","C","2",249,"EPVI",0,0,"Shrub","Plant"
"4150","C","2","C","2",249,"ERIN",0,0,"Annual_Forb","Plant"
"4151","C","2","C","2",249,"FEOC",0,0,"Annual_Grass","Plant"
"4152","C","2","C","2",249,"GAPI",0,0,"Annual_Forb","Plant"
"4153","C","2","C","2",249,"GIIN",0,0,"Annual_Forb","Plant"
"4154","C","2","C","2",249,"GUSA",0,0,"Shrub","Plant"
"4155","C","2","C","2",249,"HECO",0,0,"Perennial_Grass","Plant"
"4156","C","2","C","2",249,"IPPO",0,0,"Annual_Forb","Plant"
"4157","C","2","C","2",249,"KRLA",0,0,"Shrub","Plant"
"4158","C","2","C","2",249,"LEMO",0,0,"Annual_Forb","Plant"
"4159","C","2","C","2",249,"LEOC",0,0,"Annual_Forb","Plant"
"4160","C","2","C","2",249,"LYGR",0,0,"Annual_Forb","Plant"
"4161","C","2","C","2",249,"Lichen",1,0.401606425702811,"Lichen","Biocrust"
"4162","C","2","C","2",249,"Light",5,2.00803212851406,"LtCy","Biocrust"
"4163","C","2","C","2",249,"Litter",88,35.3413654618474,"Litter","Abiotic_Cover"
"4164","C","2","C","2",249,"MAAF",0,0,"Annual_Forb","Plant"
"4165","C","2","C","2",249,"Moss",32,12.85140562249,"Moss","Biocrust"
"4166","C","2","C","2",249,"OECA",0,0,"Annual_Forb","Plant"
"4167","C","2","C","2",249,"OPUNT",0,0,"Cactus","Plant"
"4168","C","2","C","2",249,"PHCR",0,0,"Annual_Forb","Plant"
"4169","C","2","C","2",249,"PLPA",0,0,"Annual_Forb","Plant"
"4170","C","2","C","2",249,"SCWH",0,0,"Cactus","Plant"
"4171","C","2","C","2",249,"SPORO",0,0,"Perennial_Grass","Plant"
"4172","C","2","C","2",249,"TILA",0,0,"Annual_Forb","Plant"
"4173","C","2","C","2",249,"UNK1",0,0,"Annual_Forb","Plant"
"4174","C","2","C","2",249,"ATCO",0,0,"Shrub","Plant"
"4175","C","2","C","2",249,"HIJA",5,2.00803212851406,"Perennial_Grass","Plant"
"4176","C","2","C","2",249,"PlantBase",5,2.00803212851406,"Plant_Base","Plant"
"4177","C","2","C","2",249,"ACHY",1,0.401606425702811,"Perennial_Grass","Plant"
"4178","C","2","C","2",249,"Chamber",0,0,"Chamber","Abiotic_Cover"
"4179","C","2","C","2",249,"Rock",0,0,"Rock","Abiotic_Cover"
"4180","C","2","C","2",249,"Bare",0,0,"Bare_Ground","Abiotic_Cover"
"4181","C","2","C","3",243,"ANBR",0,0,"Annual_Forb","Plant"
"4182","C","2","C","3",243,"ASAM",1,0.411522633744856,"Annual_Forb","Plant"
"4183","C","2","C","3",243,"Bromus",84,34.5679012345679,"Annual_Grass","Plant"
"4184","C","2","C","3",243,"CHER",0,0,"Annual_Forb","Plant"
"4185","C","2","C","3",243,"CRYPT",0,0,"Annual_Forb","Plant"
"4186","C","2","C","3",243,"CYAC",0,0,"Annual_Forb","Plant"
"4187","C","2","C","3",243,"DEAN",0,0,"Annual_Forb","Plant"
"4188","C","2","C","3",243,"DEPI",0,0,"Annual_Forb","Plant"
"4189","C","2","C","3",243,"Dark",13,5.34979423868313,"DkCy","Biocrust"
"4190","C","2","C","3",243,"ENFR",0,0,"Annual_Forb","Plant"
"4191","C","2","C","3",243,"EPHED",0,0,"Shrub","Plant"
"4192","C","2","C","3",243,"EPTO",0,0,"Shrub","Plant"
"4193","C","2","C","3",243,"EPVI",0,0,"Shrub","Plant"
"4194","C","2","C","3",243,"ERIN",0,0,"Annual_Forb","Plant"
"4195","C","2","C","3",243,"FEOC",1,0.411522633744856,"Annual_Grass","Plant"
"4196","C","2","C","3",243,"GAPI",0,0,"Annual_Forb","Plant"
"4197","C","2","C","3",243,"GIIN",1,0.411522633744856,"Annual_Forb","Plant"
"4198","C","2","C","3",243,"GUSA",0,0,"Shrub","Plant"
"4199","C","2","C","3",243,"HECO",0,0,"Perennial_Grass","Plant"
"4200","C","2","C","3",243,"IPPO",0,0,"Annual_Forb","Plant"
"4201","C","2","C","3",243,"KRLA",0,0,"Shrub","Plant"
"4202","C","2","C","3",243,"LEMO",0,0,"Annual_Forb","Plant"
"4203","C","2","C","3",243,"LEOC",0,0,"Annual_Forb","Plant"
"4204","C","2","C","3",243,"LYGR",0,0,"Annual_Forb","Plant"
"4205","C","2","C","3",243,"Lichen",2,0.823045267489712,"Lichen","Biocrust"
"4206","C","2","C","3",243,"Light",9,3.7037037037037,"LtCy","Biocrust"
"4207","C","2","C","3",243,"Litter",49,20.1646090534979,"Litter","Abiotic_Cover"
"4208","C","2","C","3",243,"MAAF",0,0,"Annual_Forb","Plant"
"4209","C","2","C","3",243,"Moss",63,25.9259259259259,"Moss","Biocrust"
"4210","C","2","C","3",243,"OECA",0,0,"Annual_Forb","Plant"
"4211","C","2","C","3",243,"OPUNT",0,0,"Cactus","Plant"
"4212","C","2","C","3",243,"PHCR",1,0.411522633744856,"Annual_Forb","Plant"
"4213","C","2","C","3",243,"PLPA",0,0,"Annual_Forb","Plant"
"4214","C","2","C","3",243,"SCWH",0,0,"Cactus","Plant"
"4215","C","2","C","3",243,"SPORO",0,0,"Perennial_Grass","Plant"
"4216","C","2","C","3",243,"TILA",0,0,"Annual_Forb","Plant"
"4217","C","2","C","3",243,"UNK1",0,0,"Annual_Forb","Plant"
"4218","C","2","C","3",243,"ATCO",0,0,"Shrub","Plant"
"4219","C","2","C","3",243,"HIJA",7,2.88065843621399,"Perennial_Grass","Plant"
"4220","C","2","C","3",243,"PlantBase",3,1.23456790123457,"Plant_Base","Plant"
"4221","C","2","C","3",243,"ACHY",9,3.7037037037037,"Perennial_Grass","Plant"
"4222","C","2","C","3",243,"Chamber",0,0,"Chamber","Abiotic_Cover"
"4223","C","2","C","3",243,"Rock",0,0,"Rock","Abiotic_Cover"
"4224","C","2","C","3",243,"Bare",0,0,"Bare_Ground","Abiotic_Cover"
"4225","C","2","C","4",247,"ANBR",0,0,"Annual_Forb","Plant"
"4226","C","2","C","4",247,"ASAM",0,0,"Annual_Forb","Plant"
"4227","C","2","C","4",247,"Bromus",105,42.5101214574899,"Annual_Grass","Plant"
"4228","C","2","C","4",247,"CHER",0,0,"Annual_Forb","Plant"
"4229","C","2","C","4",247,"CRYPT",0,0,"Annual_Forb","Plant"
"4230","C","2","C","4",247,"CYAC",0,0,"Annual_Forb","Plant"
"4231","C","2","C","4",247,"DEAN",0,0,"Annual_Forb","Plant"
"4232","C","2","C","4",247,"DEPI",1,0.404858299595142,"Annual_Forb","Plant"
"4233","C","2","C","4",247,"Dark",3,1.21457489878543,"DkCy","Biocrust"
"4234","C","2","C","4",247,"ENFR",0,0,"Annual_Forb","Plant"
"4235","C","2","C","4",247,"EPHED",0,0,"Shrub","Plant"
"4236","C","2","C","4",247,"EPTO",0,0,"Shrub","Plant"
"4237","C","2","C","4",247,"EPVI",0,0,"Shrub","Plant"
"4238","C","2","C","4",247,"ERIN",0,0,"Annual_Forb","Plant"
"4239","C","2","C","4",247,"FEOC",0,0,"Annual_Grass","Plant"
"4240","C","2","C","4",247,"GAPI",4,1.61943319838057,"Annual_Forb","Plant"
"4241","C","2","C","4",247,"GIIN",0,0,"Annual_Forb","Plant"
"4242","C","2","C","4",247,"GUSA",0,0,"Shrub","Plant"
"4243","C","2","C","4",247,"HECO",0,0,"Perennial_Grass","Plant"
"4244","C","2","C","4",247,"IPPO",0,0,"Annual_Forb","Plant"
"4245","C","2","C","4",247,"KRLA",0,0,"Shrub","Plant"
"4246","C","2","C","4",247,"LEMO",1,0.404858299595142,"Annual_Forb","Plant"
"4247","C","2","C","4",247,"LEOC",0,0,"Annual_Forb","Plant"
"4248","C","2","C","4",247,"LYGR",0,0,"Annual_Forb","Plant"
"4249","C","2","C","4",247,"Lichen",1,0.404858299595142,"Lichen","Biocrust"
"4250","C","2","C","4",247,"Light",4,1.61943319838057,"LtCy","Biocrust"
"4251","C","2","C","4",247,"Litter",96,38.8663967611336,"Litter","Abiotic_Cover"
"4252","C","2","C","4",247,"MAAF",0,0,"Annual_Forb","Plant"
"4253","C","2","C","4",247,"Moss",13,5.26315789473684,"Moss","Biocrust"
"4254","C","2","C","4",247,"OECA",0,0,"Annual_Forb","Plant"
"4255","C","2","C","4",247,"OPUNT",1,0.404858299595142,"Cactus","Plant"
"4256","C","2","C","4",247,"PHCR",0,0,"Annual_Forb","Plant"
"4257","C","2","C","4",247,"PLPA",0,0,"Annual_Forb","Plant"
"4258","C","2","C","4",247,"SCWH",0,0,"Cactus","Plant"
"4259","C","2","C","4",247,"SPORO",0,0,"Perennial_Grass","Plant"
"4260","C","2","C","4",247,"TILA",0,0,"Annual_Forb","Plant"
"4261","C","2","C","4",247,"UNK1",0,0,"Annual_Forb","Plant"
"4262","C","2","C","4",247,"ATCO",0,0,"Shrub","Plant"
"4263","C","2","C","4",247,"HIJA",12,4.8582995951417,"Perennial_Grass","Plant"
"4264","C","2","C","4",247,"PlantBase",6,2.42914979757085,"Plant_Base","Plant"
"4265","C","2","C","4",247,"ACHY",0,0,"Perennial_Grass","Plant"
"4266","C","2","C","4",247,"Chamber",0,0,"Chamber","Abiotic_Cover"
"4267","C","2","C","4",247,"Rock",0,0,"Rock","Abiotic_Cover"
"4268","C","2","C","4",247,"Bare",0,0,"Bare_Ground","Abiotic_Cover"
"4269","C","2","L","1",227,"ANBR",0,0,"Annual_Forb","Plant"
"4270","C","2","L","1",227,"ASAM",0,0,"Annual_Forb","Plant"
"4271","C","2","L","1",227,"Bromus",52,22.9074889867841,"Annual_Grass","Plant"
"4272","C","2","L","1",227,"CHER",0,0,"Annual_Forb","Plant"
"4273","C","2","L","1",227,"CRYPT",1,0.440528634361234,"Annual_Forb","Plant"
"4274","C","2","L","1",227,"CYAC",1,0.440528634361234,"Annual_Forb","Plant"
"4275","C","2","L","1",227,"DEAN",0,0,"Annual_Forb","Plant"
"4276","C","2","L","1",227,"DEPI",3,1.3215859030837,"Annual_Forb","Plant"
"4277","C","2","L","1",227,"Dark",8,3.52422907488987,"DkCy","Biocrust"
"4278","C","2","L","1",227,"ENFR",0,0,"Annual_Forb","Plant"
"4279","C","2","L","1",227,"EPHED",0,0,"Shrub","Plant"
"4280","C","2","L","1",227,"EPTO",0,0,"Shrub","Plant"
"4281","C","2","L","1",227,"EPVI",0,0,"Shrub","Plant"
"4282","C","2","L","1",227,"ERIN",0,0,"Annual_Forb","Plant"
"4283","C","2","L","1",227,"FEOC",1,0.440528634361234,"Annual_Grass","Plant"
"4284","C","2","L","1",227,"GAPI",9,3.9647577092511,"Annual_Forb","Plant"
"4285","C","2","L","1",227,"GIIN",1,0.440528634361234,"Annual_Forb","Plant"
"4286","C","2","L","1",227,"GUSA",5,2.20264317180617,"Shrub","Plant"
"4287","C","2","L","1",227,"HECO",0,0,"Perennial_Grass","Plant"
"4288","C","2","L","1",227,"IPPO",0,0,"Annual_Forb","Plant"
"4289","C","2","L","1",227,"KRLA",0,0,"Shrub","Plant"
"4290","C","2","L","1",227,"LEMO",0,0,"Annual_Forb","Plant"
"4291","C","2","L","1",227,"LEOC",0,0,"Annual_Forb","Plant"
"4292","C","2","L","1",227,"LYGR",0,0,"Annual_Forb","Plant"
"4293","C","2","L","1",227,"Lichen",1,0.440528634361234,"Lichen","Biocrust"
"4294","C","2","L","1",227,"Light",20,8.81057268722467,"LtCy","Biocrust"
"4295","C","2","L","1",227,"Litter",61,26.8722466960352,"Litter","Abiotic_Cover"
"4296","C","2","L","1",227,"MAAF",0,0,"Annual_Forb","Plant"
"4297","C","2","L","1",227,"Moss",18,7.9295154185022,"Moss","Biocrust"
"4298","C","2","L","1",227,"OECA",0,0,"Annual_Forb","Plant"
"4299","C","2","L","1",227,"OPUNT",0,0,"Cactus","Plant"
"4300","C","2","L","1",227,"PHCR",0,0,"Annual_Forb","Plant"
"4301","C","2","L","1",227,"PLPA",0,0,"Annual_Forb","Plant"
"4302","C","2","L","1",227,"SCWH",0,0,"Cactus","Plant"
"4303","C","2","L","1",227,"SPORO",0,0,"Perennial_Grass","Plant"
"4304","C","2","L","1",227,"TILA",0,0,"Annual_Forb","Plant"
"4305","C","2","L","1",227,"UNK1",0,0,"Annual_Forb","Plant"
"4306","C","2","L","1",227,"ATCO",0,0,"Shrub","Plant"
"4307","C","2","L","1",227,"HIJA",5,2.20264317180617,"Perennial_Grass","Plant"
"4308","C","2","L","1",227,"PlantBase",9,3.9647577092511,"Plant_Base","Plant"
"4309","C","2","L","1",227,"ACHY",30,13.215859030837,"Perennial_Grass","Plant"
"4310","C","2","L","1",227,"Chamber",0,0,"Chamber","Abiotic_Cover"
"4311","C","2","L","1",227,"Rock",2,0.881057268722467,"Rock","Abiotic_Cover"
"4312","C","2","L","1",227,"Bare",0,0,"Bare_Ground","Abiotic_Cover"
"4313","C","2","L","2",226,"ANBR",0,0,"Annual_Forb","Plant"
"4314","C","2","L","2",226,"ASAM",0,0,"Annual_Forb","Plant"
"4315","C","2","L","2",226,"Bromus",100,44.2477876106195,"Annual_Grass","Plant"
"4316","C","2","L","2",226,"CHER",0,0,"Annual_Forb","Plant"
"4317","C","2","L","2",226,"CRYPT",0,0,"Annual_Forb","Plant"
"4318","C","2","L","2",226,"CYAC",0,0,"Annual_Forb","Plant"
"4319","C","2","L","2",226,"DEAN",0,0,"Annual_Forb","Plant"
"4320","C","2","L","2",226,"DEPI",0,0,"Annual_Forb","Plant"
"4321","C","2","L","2",226,"Dark",4,1.76991150442478,"DkCy","Biocrust"
"4322","C","2","L","2",226,"ENFR",0,0,"Annual_Forb","Plant"
"4323","C","2","L","2",226,"EPHED",0,0,"Shrub","Plant"
"4324","C","2","L","2",226,"EPTO",0,0,"Shrub","Plant"
"4325","C","2","L","2",226,"EPVI",0,0,"Shrub","Plant"
"4326","C","2","L","2",226,"ERIN",0,0,"Annual_Forb","Plant"
"4327","C","2","L","2",226,"FEOC",0,0,"Annual_Grass","Plant"
"4328","C","2","L","2",226,"GAPI",1,0.442477876106195,"Annual_Forb","Plant"
"4329","C","2","L","2",226,"GIIN",0,0,"Annual_Forb","Plant"
"4330","C","2","L","2",226,"GUSA",2,0.884955752212389,"Shrub","Plant"
"4331","C","2","L","2",226,"HECO",0,0,"Perennial_Grass","Plant"
"4332","C","2","L","2",226,"IPPO",0,0,"Annual_Forb","Plant"
"4333","C","2","L","2",226,"KRLA",0,0,"Shrub","Plant"
"4334","C","2","L","2",226,"LEMO",0,0,"Annual_Forb","Plant"
"4335","C","2","L","2",226,"LEOC",0,0,"Annual_Forb","Plant"
"4336","C","2","L","2",226,"LYGR",0,0,"Annual_Forb","Plant"
"4337","C","2","L","2",226,"Lichen",0,0,"Lichen","Biocrust"
"4338","C","2","L","2",226,"Light",8,3.53982300884956,"LtCy","Biocrust"
"4339","C","2","L","2",226,"Litter",98,43.3628318584071,"Litter","Abiotic_Cover"
"4340","C","2","L","2",226,"MAAF",0,0,"Annual_Forb","Plant"
"4341","C","2","L","2",226,"Moss",6,2.65486725663717,"Moss","Biocrust"
"4342","C","2","L","2",226,"OECA",0,0,"Annual_Forb","Plant"
"4343","C","2","L","2",226,"OPUNT",0,0,"Cactus","Plant"
"4344","C","2","L","2",226,"PHCR",0,0,"Annual_Forb","Plant"
"4345","C","2","L","2",226,"PLPA",0,0,"Annual_Forb","Plant"
"4346","C","2","L","2",226,"SCWH",0,0,"Cactus","Plant"
"4347","C","2","L","2",226,"SPORO",0,0,"Perennial_Grass","Plant"
"4348","C","2","L","2",226,"TILA",0,0,"Annual_Forb","Plant"
"4349","C","2","L","2",226,"UNK1",0,0,"Annual_Forb","Plant"
"4350","C","2","L","2",226,"ATCO",0,0,"Shrub","Plant"
"4351","C","2","L","2",226,"HIJA",0,0,"Perennial_Grass","Plant"
"4352","C","2","L","2",226,"PlantBase",5,2.21238938053097,"Plant_Base","Plant"
"4353","C","2","L","2",226,"ACHY",0,0,"Perennial_Grass","Plant"
"4354","C","2","L","2",226,"Chamber",0,0,"Chamber","Abiotic_Cover"
"4355","C","2","L","2",226,"Rock",2,0.884955752212389,"Rock","Abiotic_Cover"
"4356","C","2","L","2",226,"Bare",0,0,"Bare_Ground","Abiotic_Cover"
"4357","C","2","L","3",267,"ANBR",0,0,"Annual_Forb","Plant"
"4358","C","2","L","3",267,"ASAM",0,0,"Annual_Forb","Plant"
"4359","C","2","L","3",267,"Bromus",76,28.4644194756554,"Annual_Grass","Plant"
"4360","C","2","L","3",267,"CHER",0,0,"Annual_Forb","Plant"
"4361","C","2","L","3",267,"CRYPT",1,0.374531835205993,"Annual_Forb","Plant"
"4362","C","2","L","3",267,"CYAC",0,0,"Annual_Forb","Plant"
"4363","C","2","L","3",267,"DEAN",0,0,"Annual_Forb","Plant"
"4364","C","2","L","3",267,"DEPI",0,0,"Annual_Forb","Plant"
"4365","C","2","L","3",267,"Dark",10,3.74531835205993,"DkCy","Biocrust"
"4366","C","2","L","3",267,"ENFR",0,0,"Annual_Forb","Plant"
"4367","C","2","L","3",267,"EPHED",0,0,"Shrub","Plant"
"4368","C","2","L","3",267,"EPTO",0,0,"Shrub","Plant"
"4369","C","2","L","3",267,"EPVI",0,0,"Shrub","Plant"
"4370","C","2","L","3",267,"ERIN",0,0,"Annual_Forb","Plant"
"4371","C","2","L","3",267,"FEOC",4,1.49812734082397,"Annual_Grass","Plant"
"4372","C","2","L","3",267,"GAPI",3,1.12359550561798,"Annual_Forb","Plant"
"4373","C","2","L","3",267,"GIIN",0,0,"Annual_Forb","Plant"
"4374","C","2","L","3",267,"GUSA",3,1.12359550561798,"Shrub","Plant"
"4375","C","2","L","3",267,"HECO",0,0,"Perennial_Grass","Plant"
"4376","C","2","L","3",267,"IPPO",0,0,"Annual_Forb","Plant"
"4377","C","2","L","3",267,"KRLA",0,0,"Shrub","Plant"
"4378","C","2","L","3",267,"LEMO",0,0,"Annual_Forb","Plant"
"4379","C","2","L","3",267,"LEOC",0,0,"Annual_Forb","Plant"
"4380","C","2","L","3",267,"LYGR",0,0,"Annual_Forb","Plant"
"4381","C","2","L","3",267,"Lichen",0,0,"Lichen","Biocrust"
"4382","C","2","L","3",267,"Light",25,9.36329588014981,"LtCy","Biocrust"
"4383","C","2","L","3",267,"Litter",74,27.7153558052434,"Litter","Abiotic_Cover"
"4384","C","2","L","3",267,"MAAF",0,0,"Annual_Forb","Plant"
"4385","C","2","L","3",267,"Moss",39,14.6067415730337,"Moss","Biocrust"
"4386","C","2","L","3",267,"OECA",0,0,"Annual_Forb","Plant"
"4387","C","2","L","3",267,"OPUNT",0,0,"Cactus","Plant"
"4388","C","2","L","3",267,"PHCR",0,0,"Annual_Forb","Plant"
"4389","C","2","L","3",267,"PLPA",0,0,"Annual_Forb","Plant"
"4390","C","2","L","3",267,"SCWH",0,0,"Cactus","Plant"
"4391","C","2","L","3",267,"SPORO",0,0,"Perennial_Grass","Plant"
"4392","C","2","L","3",267,"TILA",0,0,"Annual_Forb","Plant"
"4393","C","2","L","3",267,"UNK1",0,0,"Annual_Forb","Plant"
"4394","C","2","L","3",267,"ATCO",0,0,"Shrub","Plant"
"4395","C","2","L","3",267,"HIJA",5,1.87265917602996,"Perennial_Grass","Plant"
"4396","C","2","L","3",267,"PlantBase",5,1.87265917602996,"Plant_Base","Plant"
"4397","C","2","L","3",267,"ACHY",22,8.23970037453183,"Perennial_Grass","Plant"
"4398","C","2","L","3",267,"Chamber",0,0,"Chamber","Abiotic_Cover"
"4399","C","2","L","3",267,"Rock",0,0,"Rock","Abiotic_Cover"
"4400","C","2","L","3",267,"Bare",0,0,"Bare_Ground","Abiotic_Cover"
"4401","C","2","L","4",240,"ANBR",0,0,"Annual_Forb","Plant"
"4402","C","2","L","4",240,"ASAM",0,0,"Annual_Forb","Plant"
"4403","C","2","L","4",240,"Bromus",91,37.9166666666667,"Annual_Grass","Plant"
"4404","C","2","L","4",240,"CHER",0,0,"Annual_Forb","Plant"
"4405","C","2","L","4",240,"CRYPT",0,0,"Annual_Forb","Plant"
"4406","C","2","L","4",240,"CYAC",0,0,"Annual_Forb","Plant"
"4407","C","2","L","4",240,"DEAN",0,0,"Annual_Forb","Plant"
"4408","C","2","L","4",240,"DEPI",0,0,"Annual_Forb","Plant"
"4409","C","2","L","4",240,"Dark",7,2.91666666666667,"DkCy","Biocrust"
"4410","C","2","L","4",240,"ENFR",0,0,"Annual_Forb","Plant"
"4411","C","2","L","4",240,"EPHED",0,0,"Shrub","Plant"
"4412","C","2","L","4",240,"EPTO",0,0,"Shrub","Plant"
"4413","C","2","L","4",240,"EPVI",0,0,"Shrub","Plant"
"4414","C","2","L","4",240,"ERIN",0,0,"Annual_Forb","Plant"
"4415","C","2","L","4",240,"FEOC",0,0,"Annual_Grass","Plant"
"4416","C","2","L","4",240,"GAPI",11,4.58333333333333,"Annual_Forb","Plant"
"4417","C","2","L","4",240,"GIIN",0,0,"Annual_Forb","Plant"
"4418","C","2","L","4",240,"GUSA",0,0,"Shrub","Plant"
"4419","C","2","L","4",240,"HECO",0,0,"Perennial_Grass","Plant"
"4420","C","2","L","4",240,"IPPO",0,0,"Annual_Forb","Plant"
"4421","C","2","L","4",240,"KRLA",0,0,"Shrub","Plant"
"4422","C","2","L","4",240,"LEMO",0,0,"Annual_Forb","Plant"
"4423","C","2","L","4",240,"LEOC",0,0,"Annual_Forb","Plant"
"4424","C","2","L","4",240,"LYGR",0,0,"Annual_Forb","Plant"
"4425","C","2","L","4",240,"Lichen",1,0.416666666666667,"Lichen","Biocrust"
"4426","C","2","L","4",240,"Light",15,6.25,"LtCy","Biocrust"
"4427","C","2","L","4",240,"Litter",79,32.9166666666667,"Litter","Abiotic_Cover"
"4428","C","2","L","4",240,"MAAF",0,0,"Annual_Forb","Plant"
"4429","C","2","L","4",240,"Moss",16,6.66666666666667,"Moss","Biocrust"
"4430","C","2","L","4",240,"OECA",0,0,"Annual_Forb","Plant"
"4431","C","2","L","4",240,"OPUNT",0,0,"Cactus","Plant"
"4432","C","2","L","4",240,"PHCR",0,0,"Annual_Forb","Plant"
"4433","C","2","L","4",240,"PLPA",0,0,"Annual_Forb","Plant"
"4434","C","2","L","4",240,"SCWH",0,0,"Cactus","Plant"
"4435","C","2","L","4",240,"SPORO",0,0,"Perennial_Grass","Plant"
"4436","C","2","L","4",240,"TILA",0,0,"Annual_Forb","Plant"
"4437","C","2","L","4",240,"UNK1",0,0,"Annual_Forb","Plant"
"4438","C","2","L","4",240,"ATCO",0,0,"Shrub","Plant"
"4439","C","2","L","4",240,"HIJA",1,0.416666666666667,"Perennial_Grass","Plant"
"4440","C","2","L","4",240,"PlantBase",5,2.08333333333333,"Plant_Base","Plant"
"4441","C","2","L","4",240,"ACHY",13,5.41666666666667,"Perennial_Grass","Plant"
"4442","C","2","L","4",240,"Chamber",0,0,"Chamber","Abiotic_Cover"
"4443","C","2","L","4",240,"Rock",0,0,"Rock","Abiotic_Cover"
"4444","C","2","L","4",240,"Bare",1,0.416666666666667,"Bare_Ground","Abiotic_Cover"
"4445","C","2","LW","1",236,"ANBR",0,0,"Annual_Forb","Plant"
"4446","C","2","LW","1",236,"ASAM",0,0,"Annual_Forb","Plant"
"4447","C","2","LW","1",236,"Bromus",87,36.864406779661,"Annual_Grass","Plant"
"4448","C","2","LW","1",236,"CHER",0,0,"Annual_Forb","Plant"
"4449","C","2","LW","1",236,"CRYPT",0,0,"Annual_Forb","Plant"
"4450","C","2","LW","1",236,"CYAC",0,0,"Annual_Forb","Plant"
"4451","C","2","LW","1",236,"DEAN",0,0,"Annual_Forb","Plant"
"4452","C","2","LW","1",236,"DEPI",2,0.847457627118644,"Annual_Forb","Plant"
"4453","C","2","LW","1",236,"Dark",2,0.847457627118644,"DkCy","Biocrust"
"4454","C","2","LW","1",236,"ENFR",0,0,"Annual_Forb","Plant"
"4455","C","2","LW","1",236,"EPHED",0,0,"Shrub","Plant"
"4456","C","2","LW","1",236,"EPTO",0,0,"Shrub","Plant"
"4457","C","2","LW","1",236,"EPVI",0,0,"Shrub","Plant"
"4458","C","2","LW","1",236,"ERIN",0,0,"Annual_Forb","Plant"
"4459","C","2","LW","1",236,"FEOC",0,0,"Annual_Grass","Plant"
"4460","C","2","LW","1",236,"GAPI",5,2.11864406779661,"Annual_Forb","Plant"
"4461","C","2","LW","1",236,"GIIN",0,0,"Annual_Forb","Plant"
"4462","C","2","LW","1",236,"GUSA",0,0,"Shrub","Plant"
"4463","C","2","LW","1",236,"HECO",0,0,"Perennial_Grass","Plant"
"4464","C","2","LW","1",236,"IPPO",0,0,"Annual_Forb","Plant"
"4465","C","2","LW","1",236,"KRLA",0,0,"Shrub","Plant"
"4466","C","2","LW","1",236,"LEMO",0,0,"Annual_Forb","Plant"
"4467","C","2","LW","1",236,"LEOC",0,0,"Annual_Forb","Plant"
"4468","C","2","LW","1",236,"LYGR",0,0,"Annual_Forb","Plant"
"4469","C","2","LW","1",236,"Lichen",0,0,"Lichen","Biocrust"
"4470","C","2","LW","1",236,"Light",3,1.27118644067797,"LtCy","Biocrust"
"4471","C","2","LW","1",236,"Litter",89,37.7118644067797,"Litter","Abiotic_Cover"
"4472","C","2","LW","1",236,"MAAF",0,0,"Annual_Forb","Plant"
"4473","C","2","LW","1",236,"Moss",18,7.6271186440678,"Moss","Biocrust"
"4474","C","2","LW","1",236,"OECA",0,0,"Annual_Forb","Plant"
"4475","C","2","LW","1",236,"OPUNT",0,0,"Cactus","Plant"
"4476","C","2","LW","1",236,"PHCR",0,0,"Annual_Forb","Plant"
"4477","C","2","LW","1",236,"PLPA",0,0,"Annual_Forb","Plant"
"4478","C","2","LW","1",236,"SCWH",0,0,"Cactus","Plant"
"4479","C","2","LW","1",236,"SPORO",0,0,"Perennial_Grass","Plant"
"4480","C","2","LW","1",236,"TILA",0,0,"Annual_Forb","Plant"
"4481","C","2","LW","1",236,"UNK1",0,0,"Annual_Forb","Plant"
"4482","C","2","LW","1",236,"ATCO",20,8.47457627118644,"Shrub","Plant"
"4483","C","2","LW","1",236,"HIJA",4,1.69491525423729,"Perennial_Grass","Plant"
"4484","C","2","LW","1",236,"PlantBase",2,0.847457627118644,"Plant_Base","Plant"
"4485","C","2","LW","1",236,"ACHY",3,1.27118644067797,"Perennial_Grass","Plant"
"4486","C","2","LW","1",236,"Chamber",0,0,"Chamber","Abiotic_Cover"
"4487","C","2","LW","1",236,"Rock",1,0.423728813559322,"Rock","Abiotic_Cover"
"4488","C","2","LW","1",236,"Bare",0,0,"Bare_Ground","Abiotic_Cover"
"4489","C","2","LW","2",228,"ANBR",0,0,"Annual_Forb","Plant"
"4490","C","2","LW","2",228,"ASAM",0,0,"Annual_Forb","Plant"
"4491","C","2","LW","2",228,"Bromus",81,35.5263157894737,"Annual_Grass","Plant"
"4492","C","2","LW","2",228,"CHER",0,0,"Annual_Forb","Plant"
"4493","C","2","LW","2",228,"CRYPT",0,0,"Annual_Forb","Plant"
"4494","C","2","LW","2",228,"CYAC",0,0,"Annual_Forb","Plant"
"4495","C","2","LW","2",228,"DEAN",0,0,"Annual_Forb","Plant"
"4496","C","2","LW","2",228,"DEPI",4,1.75438596491228,"Annual_Forb","Plant"
"4497","C","2","LW","2",228,"Dark",3,1.31578947368421,"DkCy","Biocrust"
"4498","C","2","LW","2",228,"ENFR",0,0,"Annual_Forb","Plant"
"4499","C","2","LW","2",228,"EPHED",0,0,"Shrub","Plant"
"4500","C","2","LW","2",228,"EPTO",0,0,"Shrub","Plant"
"4501","C","2","LW","2",228,"EPVI",0,0,"Shrub","Plant"
"4502","C","2","LW","2",228,"ERIN",0,0,"Annual_Forb","Plant"
"4503","C","2","LW","2",228,"FEOC",0,0,"Annual_Grass","Plant"
"4504","C","2","LW","2",228,"GAPI",1,0.43859649122807,"Annual_Forb","Plant"
"4505","C","2","LW","2",228,"GIIN",2,0.87719298245614,"Annual_Forb","Plant"
"4506","C","2","LW","2",228,"GUSA",0,0,"Shrub","Plant"
"4507","C","2","LW","2",228,"HECO",0,0,"Perennial_Grass","Plant"
"4508","C","2","LW","2",228,"IPPO",0,0,"Annual_Forb","Plant"
"4509","C","2","LW","2",228,"KRLA",0,0,"Shrub","Plant"
"4510","C","2","LW","2",228,"LEMO",0,0,"Annual_Forb","Plant"
"4511","C","2","LW","2",228,"LEOC",0,0,"Annual_Forb","Plant"
"4512","C","2","LW","2",228,"LYGR",0,0,"Annual_Forb","Plant"
"4513","C","2","LW","2",228,"Lichen",1,0.43859649122807,"Lichen","Biocrust"
"4514","C","2","LW","2",228,"Light",15,6.57894736842105,"LtCy","Biocrust"
"4515","C","2","LW","2",228,"Litter",85,37.280701754386,"Litter","Abiotic_Cover"
"4516","C","2","LW","2",228,"MAAF",0,0,"Annual_Forb","Plant"
"4517","C","2","LW","2",228,"Moss",2,0.87719298245614,"Moss","Biocrust"
"4518","C","2","LW","2",228,"OECA",0,0,"Annual_Forb","Plant"
"4519","C","2","LW","2",228,"OPUNT",0,0,"Cactus","Plant"
"4520","C","2","LW","2",228,"PHCR",0,0,"Annual_Forb","Plant"
"4521","C","2","LW","2",228,"PLPA",0,0,"Annual_Forb","Plant"
"4522","C","2","LW","2",228,"SCWH",0,0,"Cactus","Plant"
"4523","C","2","LW","2",228,"SPORO",0,0,"Perennial_Grass","Plant"
"4524","C","2","LW","2",228,"TILA",0,0,"Annual_Forb","Plant"
"4525","C","2","LW","2",228,"UNK1",0,0,"Annual_Forb","Plant"
"4526","C","2","LW","2",228,"ATCO",21,9.21052631578947,"Shrub","Plant"
"4527","C","2","LW","2",228,"HIJA",7,3.07017543859649,"Perennial_Grass","Plant"
"4528","C","2","LW","2",228,"PlantBase",6,2.63157894736842,"Plant_Base","Plant"
"4529","C","2","LW","2",228,"ACHY",0,0,"Perennial_Grass","Plant"
"4530","C","2","LW","2",228,"Chamber",0,0,"Chamber","Abiotic_Cover"
"4531","C","2","LW","2",228,"Rock",0,0,"Rock","Abiotic_Cover"
"4532","C","2","LW","2",228,"Bare",0,0,"Bare_Ground","Abiotic_Cover"
"4533","C","2","LW","3",218,"ANBR",0,0,"Annual_Forb","Plant"
"4534","C","2","LW","3",218,"ASAM",0,0,"Annual_Forb","Plant"
"4535","C","2","LW","3",218,"Bromus",87,39.9082568807339,"Annual_Grass","Plant"
"4536","C","2","LW","3",218,"CHER",0,0,"Annual_Forb","Plant"
"4537","C","2","LW","3",218,"CRYPT",0,0,"Annual_Forb","Plant"
"4538","C","2","LW","3",218,"CYAC",0,0,"Annual_Forb","Plant"
"4539","C","2","LW","3",218,"DEAN",0,0,"Annual_Forb","Plant"
"4540","C","2","LW","3",218,"DEPI",1,0.458715596330275,"Annual_Forb","Plant"
"4541","C","2","LW","3",218,"Dark",5,2.29357798165138,"DkCy","Biocrust"
"4542","C","2","LW","3",218,"ENFR",0,0,"Annual_Forb","Plant"
"4543","C","2","LW","3",218,"EPHED",0,0,"Shrub","Plant"
"4544","C","2","LW","3",218,"EPTO",0,0,"Shrub","Plant"
"4545","C","2","LW","3",218,"EPVI",0,0,"Shrub","Plant"
"4546","C","2","LW","3",218,"ERIN",0,0,"Annual_Forb","Plant"
"4547","C","2","LW","3",218,"FEOC",1,0.458715596330275,"Annual_Grass","Plant"
"4548","C","2","LW","3",218,"GAPI",7,3.21100917431193,"Annual_Forb","Plant"
"4549","C","2","LW","3",218,"GIIN",1,0.458715596330275,"Annual_Forb","Plant"
"4550","C","2","LW","3",218,"GUSA",0,0,"Shrub","Plant"
"4551","C","2","LW","3",218,"HECO",0,0,"Perennial_Grass","Plant"
"4552","C","2","LW","3",218,"IPPO",0,0,"Annual_Forb","Plant"
"4553","C","2","LW","3",218,"KRLA",0,0,"Shrub","Plant"
"4554","C","2","LW","3",218,"LEMO",0,0,"Annual_Forb","Plant"
"4555","C","2","LW","3",218,"LEOC",0,0,"Annual_Forb","Plant"
"4556","C","2","LW","3",218,"LYGR",0,0,"Annual_Forb","Plant"
"4557","C","2","LW","3",218,"Lichen",1,0.458715596330275,"Lichen","Biocrust"
"4558","C","2","LW","3",218,"Light",17,7.79816513761468,"LtCy","Biocrust"
"4559","C","2","LW","3",218,"Litter",57,26.1467889908257,"Litter","Abiotic_Cover"
"4560","C","2","LW","3",218,"MAAF",0,0,"Annual_Forb","Plant"
"4561","C","2","LW","3",218,"Moss",28,12.8440366972477,"Moss","Biocrust"
"4562","C","2","LW","3",218,"OECA",0,0,"Annual_Forb","Plant"
"4563","C","2","LW","3",218,"OPUNT",0,0,"Cactus","Plant"
"4564","C","2","LW","3",218,"PHCR",0,0,"Annual_Forb","Plant"
"4565","C","2","LW","3",218,"PLPA",0,0,"Annual_Forb","Plant"
"4566","C","2","LW","3",218,"SCWH",0,0,"Cactus","Plant"
"4567","C","2","LW","3",218,"SPORO",0,0,"Perennial_Grass","Plant"
"4568","C","2","LW","3",218,"TILA",0,0,"Annual_Forb","Plant"
"4569","C","2","LW","3",218,"UNK1",0,0,"Annual_Forb","Plant"
"4570","C","2","LW","3",218,"ATCO",0,0,"Shrub","Plant"
"4571","C","2","LW","3",218,"HIJA",6,2.75229357798165,"Perennial_Grass","Plant"
"4572","C","2","LW","3",218,"PlantBase",7,3.21100917431193,"Plant_Base","Plant"
"4573","C","2","LW","3",218,"ACHY",0,0,"Perennial_Grass","Plant"
"4574","C","2","LW","3",218,"Chamber",0,0,"Chamber","Abiotic_Cover"
"4575","C","2","LW","3",218,"Rock",0,0,"Rock","Abiotic_Cover"
"4576","C","2","LW","3",218,"Bare",0,0,"Bare_Ground","Abiotic_Cover"
"4577","C","2","LW","4",234,"ANBR",0,0,"Annual_Forb","Plant"
"4578","C","2","LW","4",234,"ASAM",0,0,"Annual_Forb","Plant"
"4579","C","2","LW","4",234,"Bromus",76,32.4786324786325,"Annual_Grass","Plant"
"4580","C","2","LW","4",234,"CHER",0,0,"Annual_Forb","Plant"
"4581","C","2","LW","4",234,"CRYPT",0,0,"Annual_Forb","Plant"
"4582","C","2","LW","4",234,"CYAC",0,0,"Annual_Forb","Plant"
"4583","C","2","LW","4",234,"DEAN",0,0,"Annual_Forb","Plant"
"4584","C","2","LW","4",234,"DEPI",1,0.427350427350427,"Annual_Forb","Plant"
"4585","C","2","LW","4",234,"Dark",3,1.28205128205128,"DkCy","Biocrust"
"4586","C","2","LW","4",234,"ENFR",0,0,"Annual_Forb","Plant"
"4587","C","2","LW","4",234,"EPHED",0,0,"Shrub","Plant"
"4588","C","2","LW","4",234,"EPTO",0,0,"Shrub","Plant"
"4589","C","2","LW","4",234,"EPVI",0,0,"Shrub","Plant"
"4590","C","2","LW","4",234,"ERIN",0,0,"Annual_Forb","Plant"
"4591","C","2","LW","4",234,"FEOC",1,0.427350427350427,"Annual_Grass","Plant"
"4592","C","2","LW","4",234,"GAPI",1,0.427350427350427,"Annual_Forb","Plant"
"4593","C","2","LW","4",234,"GIIN",1,0.427350427350427,"Annual_Forb","Plant"
"4594","C","2","LW","4",234,"GUSA",0,0,"Shrub","Plant"
"4595","C","2","LW","4",234,"HECO",0,0,"Perennial_Grass","Plant"
"4596","C","2","LW","4",234,"IPPO",0,0,"Annual_Forb","Plant"
"4597","C","2","LW","4",234,"KRLA",0,0,"Shrub","Plant"
"4598","C","2","LW","4",234,"LEMO",0,0,"Annual_Forb","Plant"
"4599","C","2","LW","4",234,"LEOC",0,0,"Annual_Forb","Plant"
"4600","C","2","LW","4",234,"LYGR",0,0,"Annual_Forb","Plant"
"4601","C","2","LW","4",234,"Lichen",4,1.70940170940171,"Lichen","Biocrust"
"4602","C","2","LW","4",234,"Light",19,8.11965811965812,"LtCy","Biocrust"
"4603","C","2","LW","4",234,"Litter",58,24.7863247863248,"Litter","Abiotic_Cover"
"4604","C","2","LW","4",234,"MAAF",0,0,"Annual_Forb","Plant"
"4605","C","2","LW","4",234,"Moss",20,8.54700854700855,"Moss","Biocrust"
"4606","C","2","LW","4",234,"OECA",0,0,"Annual_Forb","Plant"
"4607","C","2","LW","4",234,"OPUNT",0,0,"Cactus","Plant"
"4608","C","2","LW","4",234,"PHCR",0,0,"Annual_Forb","Plant"
"4609","C","2","LW","4",234,"PLPA",0,0,"Annual_Forb","Plant"
"4610","C","2","LW","4",234,"SCWH",0,0,"Cactus","Plant"
"4611","C","2","LW","4",234,"SPORO",0,0,"Perennial_Grass","Plant"
"4612","C","2","LW","4",234,"TILA",0,0,"Annual_Forb","Plant"
"4613","C","2","LW","4",234,"UNK1",0,0,"Annual_Forb","Plant"
"4614","C","2","LW","4",234,"ATCO",5,2.13675213675214,"Shrub","Plant"
"4615","C","2","LW","4",234,"HIJA",10,4.27350427350427,"Perennial_Grass","Plant"
"4616","C","2","LW","4",234,"PlantBase",8,3.41880341880342,"Plant_Base","Plant"
"4617","C","2","LW","4",234,"ACHY",23,9.82905982905983,"Perennial_Grass","Plant"
"4618","C","2","LW","4",234,"Chamber",0,0,"Chamber","Abiotic_Cover"
"4619","C","2","LW","4",234,"Rock",2,0.854700854700855,"Rock","Abiotic_Cover"
"4620","C","2","LW","4",234,"Bare",2,0.854700854700855,"Bare_Ground","Abiotic_Cover"
"4621","C","2","W","1",261,"ANBR",0,0,"Annual_Forb","Plant"
"4622","C","2","W","1",261,"ASAM",0,0,"Annual_Forb","Plant"
"4623","C","2","W","1",261,"Bromus",100,38.3141762452107,"Annual_Grass","Plant"
"4624","C","2","W","1",261,"CHER",0,0,"Annual_Forb","Plant"
"4625","C","2","W","1",261,"CRYPT",0,0,"Annual_Forb","Plant"
"4626","C","2","W","1",261,"CYAC",0,0,"Annual_Forb","Plant"
"4627","C","2","W","1",261,"DEAN",0,0,"Annual_Forb","Plant"
"4628","C","2","W","1",261,"DEPI",0,0,"Annual_Forb","Plant"
"4629","C","2","W","1",261,"Dark",0,0,"DkCy","Biocrust"
"4630","C","2","W","1",261,"ENFR",0,0,"Annual_Forb","Plant"
"4631","C","2","W","1",261,"EPHED",0,0,"Shrub","Plant"
"4632","C","2","W","1",261,"EPTO",0,0,"Shrub","Plant"
"4633","C","2","W","1",261,"EPVI",0,0,"Shrub","Plant"
"4634","C","2","W","1",261,"ERIN",0,0,"Annual_Forb","Plant"
"4635","C","2","W","1",261,"FEOC",1,0.383141762452107,"Annual_Grass","Plant"
"4636","C","2","W","1",261,"GAPI",3,1.14942528735632,"Annual_Forb","Plant"
"4637","C","2","W","1",261,"GIIN",0,0,"Annual_Forb","Plant"
"4638","C","2","W","1",261,"GUSA",0,0,"Shrub","Plant"
"4639","C","2","W","1",261,"HECO",4,1.53256704980843,"Perennial_Grass","Plant"
"4640","C","2","W","1",261,"IPPO",0,0,"Annual_Forb","Plant"
"4641","C","2","W","1",261,"KRLA",0,0,"Shrub","Plant"
"4642","C","2","W","1",261,"LEMO",1,0.383141762452107,"Annual_Forb","Plant"
"4643","C","2","W","1",261,"LEOC",0,0,"Annual_Forb","Plant"
"4644","C","2","W","1",261,"LYGR",1,0.383141762452107,"Annual_Forb","Plant"
"4645","C","2","W","1",261,"Lichen",0,0,"Lichen","Biocrust"
"4646","C","2","W","1",261,"Light",1,0.383141762452107,"LtCy","Biocrust"
"4647","C","2","W","1",261,"Litter",73,27.9693486590038,"Litter","Abiotic_Cover"
"4648","C","2","W","1",261,"MAAF",0,0,"Annual_Forb","Plant"
"4649","C","2","W","1",261,"Moss",34,13.0268199233716,"Moss","Biocrust"
"4650","C","2","W","1",261,"OECA",0,0,"Annual_Forb","Plant"
"4651","C","2","W","1",261,"OPUNT",0,0,"Cactus","Plant"
"4652","C","2","W","1",261,"PHCR",0,0,"Annual_Forb","Plant"
"4653","C","2","W","1",261,"PLPA",0,0,"Annual_Forb","Plant"
"4654","C","2","W","1",261,"SCWH",0,0,"Cactus","Plant"
"4655","C","2","W","1",261,"SPORO",0,0,"Perennial_Grass","Plant"
"4656","C","2","W","1",261,"TILA",0,0,"Annual_Forb","Plant"
"4657","C","2","W","1",261,"UNK1",0,0,"Annual_Forb","Plant"
"4658","C","2","W","1",261,"ATCO",16,6.13026819923372,"Shrub","Plant"
"4659","C","2","W","1",261,"HIJA",12,4.59770114942529,"Perennial_Grass","Plant"
"4660","C","2","W","1",261,"PlantBase",15,5.74712643678161,"Plant_Base","Plant"
"4661","C","2","W","1",261,"ACHY",0,0,"Perennial_Grass","Plant"
"4662","C","2","W","1",261,"Chamber",0,0,"Chamber","Abiotic_Cover"
"4663","C","2","W","1",261,"Rock",0,0,"Rock","Abiotic_Cover"
"4664","C","2","W","1",261,"Bare",0,0,"Bare_Ground","Abiotic_Cover"
"4665","C","2","W","2",246,"ANBR",0,0,"Annual_Forb","Plant"
"4666","C","2","W","2",246,"ASAM",1,0.40650406504065,"Annual_Forb","Plant"
"4667","C","2","W","2",246,"Bromus",100,40.650406504065,"Annual_Grass","Plant"
"4668","C","2","W","2",246,"CHER",0,0,"Annual_Forb","Plant"
"4669","C","2","W","2",246,"CRYPT",0,0,"Annual_Forb","Plant"
"4670","C","2","W","2",246,"CYAC",0,0,"Annual_Forb","Plant"
"4671","C","2","W","2",246,"DEAN",0,0,"Annual_Forb","Plant"
"4672","C","2","W","2",246,"DEPI",2,0.813008130081301,"Annual_Forb","Plant"
"4673","C","2","W","2",246,"Dark",2,0.813008130081301,"DkCy","Biocrust"
"4674","C","2","W","2",246,"ENFR",0,0,"Annual_Forb","Plant"
"4675","C","2","W","2",246,"EPHED",0,0,"Shrub","Plant"
"4676","C","2","W","2",246,"EPTO",0,0,"Shrub","Plant"
"4677","C","2","W","2",246,"EPVI",0,0,"Shrub","Plant"
"4678","C","2","W","2",246,"ERIN",0,0,"Annual_Forb","Plant"
"4679","C","2","W","2",246,"FEOC",7,2.84552845528455,"Annual_Grass","Plant"
"4680","C","2","W","2",246,"GAPI",4,1.6260162601626,"Annual_Forb","Plant"
"4681","C","2","W","2",246,"GIIN",2,0.813008130081301,"Annual_Forb","Plant"
"4682","C","2","W","2",246,"GUSA",0,0,"Shrub","Plant"
"4683","C","2","W","2",246,"HECO",2,0.813008130081301,"Perennial_Grass","Plant"
"4684","C","2","W","2",246,"IPPO",0,0,"Annual_Forb","Plant"
"4685","C","2","W","2",246,"KRLA",0,0,"Shrub","Plant"
"4686","C","2","W","2",246,"LEMO",1,0.40650406504065,"Annual_Forb","Plant"
"4687","C","2","W","2",246,"LEOC",0,0,"Annual_Forb","Plant"
"4688","C","2","W","2",246,"LYGR",5,2.03252032520325,"Annual_Forb","Plant"
"4689","C","2","W","2",246,"Lichen",1,0.40650406504065,"Lichen","Biocrust"
"4690","C","2","W","2",246,"Light",4,1.6260162601626,"LtCy","Biocrust"
"4691","C","2","W","2",246,"Litter",84,34.1463414634146,"Litter","Abiotic_Cover"
"4692","C","2","W","2",246,"MAAF",0,0,"Annual_Forb","Plant"
"4693","C","2","W","2",246,"Moss",18,7.31707317073171,"Moss","Biocrust"
"4694","C","2","W","2",246,"OECA",0,0,"Annual_Forb","Plant"
"4695","C","2","W","2",246,"OPUNT",0,0,"Cactus","Plant"
"4696","C","2","W","2",246,"PHCR",0,0,"Annual_Forb","Plant"
"4697","C","2","W","2",246,"PLPA",0,0,"Annual_Forb","Plant"
"4698","C","2","W","2",246,"SCWH",0,0,"Cactus","Plant"
"4699","C","2","W","2",246,"SPORO",0,0,"Perennial_Grass","Plant"
"4700","C","2","W","2",246,"TILA",0,0,"Annual_Forb","Plant"
"4701","C","2","W","2",246,"UNK1",0,0,"Annual_Forb","Plant"
"4702","C","2","W","2",246,"ATCO",2,0.813008130081301,"Shrub","Plant"
"4703","C","2","W","2",246,"HIJA",4,1.6260162601626,"Perennial_Grass","Plant"
"4704","C","2","W","2",246,"PlantBase",7,2.84552845528455,"Plant_Base","Plant"
"4705","C","2","W","2",246,"ACHY",0,0,"Perennial_Grass","Plant"
"4706","C","2","W","2",246,"Chamber",0,0,"Chamber","Abiotic_Cover"
"4707","C","2","W","2",246,"Rock",0,0,"Rock","Abiotic_Cover"
"4708","C","2","W","2",246,"Bare",0,0,"Bare_Ground","Abiotic_Cover"
"4709","C","2","W","3",257,"ANBR",0,0,"Annual_Forb","Plant"
"4710","C","2","W","3",257,"ASAM",0,0,"Annual_Forb","Plant"
"4711","C","2","W","3",257,"Bromus",80,31.1284046692607,"Annual_Grass","Plant"
"4712","C","2","W","3",257,"CHER",0,0,"Annual_Forb","Plant"
"4713","C","2","W","3",257,"CRYPT",0,0,"Annual_Forb","Plant"
"4714","C","2","W","3",257,"CYAC",0,0,"Annual_Forb","Plant"
"4715","C","2","W","3",257,"DEAN",0,0,"Annual_Forb","Plant"
"4716","C","2","W","3",257,"DEPI",6,2.33463035019455,"Annual_Forb","Plant"
"4717","C","2","W","3",257,"Dark",0,0,"DkCy","Biocrust"
"4718","C","2","W","3",257,"ENFR",0,0,"Annual_Forb","Plant"
"4719","C","2","W","3",257,"EPHED",0,0,"Shrub","Plant"
"4720","C","2","W","3",257,"EPTO",0,0,"Shrub","Plant"
"4721","C","2","W","3",257,"EPVI",0,0,"Shrub","Plant"
"4722","C","2","W","3",257,"ERIN",0,0,"Annual_Forb","Plant"
"4723","C","2","W","3",257,"FEOC",2,0.778210116731518,"Annual_Grass","Plant"
"4724","C","2","W","3",257,"GAPI",0,0,"Annual_Forb","Plant"
"4725","C","2","W","3",257,"GIIN",0,0,"Annual_Forb","Plant"
"4726","C","2","W","3",257,"GUSA",0,0,"Shrub","Plant"
"4727","C","2","W","3",257,"HECO",0,0,"Perennial_Grass","Plant"
"4728","C","2","W","3",257,"IPPO",0,0,"Annual_Forb","Plant"
"4729","C","2","W","3",257,"KRLA",0,0,"Shrub","Plant"
"4730","C","2","W","3",257,"LEMO",0,0,"Annual_Forb","Plant"
"4731","C","2","W","3",257,"LEOC",0,0,"Annual_Forb","Plant"
"4732","C","2","W","3",257,"LYGR",0,0,"Annual_Forb","Plant"
"4733","C","2","W","3",257,"Lichen",0,0,"Lichen","Biocrust"
"4734","C","2","W","3",257,"Light",1,0.389105058365759,"LtCy","Biocrust"
"4735","C","2","W","3",257,"Litter",103,40.0778210116732,"Litter","Abiotic_Cover"
"4736","C","2","W","3",257,"MAAF",0,0,"Annual_Forb","Plant"
"4737","C","2","W","3",257,"Moss",0,0,"Moss","Biocrust"
"4738","C","2","W","3",257,"OECA",0,0,"Annual_Forb","Plant"
"4739","C","2","W","3",257,"OPUNT",0,0,"Cactus","Plant"
"4740","C","2","W","3",257,"PHCR",0,0,"Annual_Forb","Plant"
"4741","C","2","W","3",257,"PLPA",0,0,"Annual_Forb","Plant"
"4742","C","2","W","3",257,"SCWH",0,0,"Cactus","Plant"
"4743","C","2","W","3",257,"SPORO",0,0,"Perennial_Grass","Plant"
"4744","C","2","W","3",257,"TILA",0,0,"Annual_Forb","Plant"
"4745","C","2","W","3",257,"UNK1",0,0,"Annual_Forb","Plant"
"4746","C","2","W","3",257,"ATCO",37,14.3968871595331,"Shrub","Plant"
"4747","C","2","W","3",257,"HIJA",12,4.66926070038911,"Perennial_Grass","Plant"
"4748","C","2","W","3",257,"PlantBase",16,6.22568093385214,"Plant_Base","Plant"
"4749","C","2","W","3",257,"ACHY",0,0,"Perennial_Grass","Plant"
"4750","C","2","W","3",257,"Chamber",0,0,"Chamber","Abiotic_Cover"
"4751","C","2","W","3",257,"Rock",0,0,"Rock","Abiotic_Cover"
"4752","C","2","W","3",257,"Bare",0,0,"Bare_Ground","Abiotic_Cover"
"4753","C","2","W","4",316,"ANBR",0,0,"Annual_Forb","Plant"
"4754","C","2","W","4",316,"ASAM",1,0.316455696202532,"Annual_Forb","Plant"
"4755","C","2","W","4",316,"Bromus",122,38.6075949367089,"Annual_Grass","Plant"
"4756","C","2","W","4",316,"CHER",0,0,"Annual_Forb","Plant"
"4757","C","2","W","4",316,"CRYPT",0,0,"Annual_Forb","Plant"
"4758","C","2","W","4",316,"CYAC",1,0.316455696202532,"Annual_Forb","Plant"
"4759","C","2","W","4",316,"DEAN",0,0,"Annual_Forb","Plant"
"4760","C","2","W","4",316,"DEPI",0,0,"Annual_Forb","Plant"
"4761","C","2","W","4",316,"Dark",3,0.949367088607595,"DkCy","Biocrust"
"4762","C","2","W","4",316,"ENFR",0,0,"Annual_Forb","Plant"
"4763","C","2","W","4",316,"EPHED",0,0,"Shrub","Plant"
"4764","C","2","W","4",316,"EPTO",0,0,"Shrub","Plant"
"4765","C","2","W","4",316,"EPVI",0,0,"Shrub","Plant"
"4766","C","2","W","4",316,"ERIN",0,0,"Annual_Forb","Plant"
"4767","C","2","W","4",316,"FEOC",2,0.632911392405063,"Annual_Grass","Plant"
"4768","C","2","W","4",316,"GAPI",6,1.89873417721519,"Annual_Forb","Plant"
"4769","C","2","W","4",316,"GIIN",0,0,"Annual_Forb","Plant"
"4770","C","2","W","4",316,"GUSA",0,0,"Shrub","Plant"
"4771","C","2","W","4",316,"HECO",0,0,"Perennial_Grass","Plant"
"4772","C","2","W","4",316,"IPPO",0,0,"Annual_Forb","Plant"
"4773","C","2","W","4",316,"KRLA",0,0,"Shrub","Plant"
"4774","C","2","W","4",316,"LEMO",0,0,"Annual_Forb","Plant"
"4775","C","2","W","4",316,"LEOC",0,0,"Annual_Forb","Plant"
"4776","C","2","W","4",316,"LYGR",1,0.316455696202532,"Annual_Forb","Plant"
"4777","C","2","W","4",316,"Lichen",1,0.316455696202532,"Lichen","Biocrust"
"4778","C","2","W","4",316,"Light",9,2.84810126582278,"LtCy","Biocrust"
"4779","C","2","W","4",316,"Litter",94,29.746835443038,"Litter","Abiotic_Cover"
"4780","C","2","W","4",316,"MAAF",0,0,"Annual_Forb","Plant"
"4781","C","2","W","4",316,"Moss",25,7.91139240506329,"Moss","Biocrust"
"4782","C","2","W","4",316,"OECA",0,0,"Annual_Forb","Plant"
"4783","C","2","W","4",316,"OPUNT",0,0,"Cactus","Plant"
"4784","C","2","W","4",316,"PHCR",0,0,"Annual_Forb","Plant"
"4785","C","2","W","4",316,"PLPA",1,0.316455696202532,"Annual_Forb","Plant"
"4786","C","2","W","4",316,"SCWH",0,0,"Cactus","Plant"
"4787","C","2","W","4",316,"SPORO",0,0,"Perennial_Grass","Plant"
"4788","C","2","W","4",316,"TILA",0,0,"Annual_Forb","Plant"
"4789","C","2","W","4",316,"UNK1",0,0,"Annual_Forb","Plant"
"4790","C","2","W","4",316,"ATCO",3,0.949367088607595,"Shrub","Plant"
"4791","C","2","W","4",316,"HIJA",9,2.84810126582278,"Perennial_Grass","Plant"
"4792","C","2","W","4",316,"PlantBase",12,3.79746835443038,"Plant_Base","Plant"
"4793","C","2","W","4",316,"ACHY",26,8.22784810126582,"Perennial_Grass","Plant"
"4794","C","2","W","4",316,"Chamber",0,0,"Chamber","Abiotic_Cover"
"4795","C","2","W","4",316,"Rock",0,0,"Rock","Abiotic_Cover"
"4796","C","2","W","4",316,"Bare",0,0,"Bare_Ground","Abiotic_Cover"
"4797","C","3","C","1",221,"ANBR",0,0,"Annual_Forb","Plant"
"4798","C","3","C","1",221,"ASAM",0,0,"Annual_Forb","Plant"
"4799","C","3","C","1",221,"Bromus",76,34.3891402714932,"Annual_Grass","Plant"
"4800","C","3","C","1",221,"CHER",0,0,"Annual_Forb","Plant"
"4801","C","3","C","1",221,"CRYPT",0,0,"Annual_Forb","Plant"
"4802","C","3","C","1",221,"CYAC",1,0.452488687782805,"Annual_Forb","Plant"
"4803","C","3","C","1",221,"DEAN",0,0,"Annual_Forb","Plant"
"4804","C","3","C","1",221,"DEPI",3,1.35746606334842,"Annual_Forb","Plant"
"4805","C","3","C","1",221,"Dark",5,2.26244343891403,"DkCy","Biocrust"
"4806","C","3","C","1",221,"ENFR",0,0,"Annual_Forb","Plant"
"4807","C","3","C","1",221,"EPHED",0,0,"Shrub","Plant"
"4808","C","3","C","1",221,"EPTO",0,0,"Shrub","Plant"
"4809","C","3","C","1",221,"EPVI",0,0,"Shrub","Plant"
"4810","C","3","C","1",221,"ERIN",0,0,"Annual_Forb","Plant"
"4811","C","3","C","1",221,"FEOC",3,1.35746606334842,"Annual_Grass","Plant"
"4812","C","3","C","1",221,"GAPI",0,0,"Annual_Forb","Plant"
"4813","C","3","C","1",221,"GIIN",1,0.452488687782805,"Annual_Forb","Plant"
"4814","C","3","C","1",221,"GUSA",0,0,"Shrub","Plant"
"4815","C","3","C","1",221,"HECO",0,0,"Perennial_Grass","Plant"
"4816","C","3","C","1",221,"IPPO",1,0.452488687782805,"Annual_Forb","Plant"
"4817","C","3","C","1",221,"KRLA",0,0,"Shrub","Plant"
"4818","C","3","C","1",221,"LEMO",0,0,"Annual_Forb","Plant"
"4819","C","3","C","1",221,"LEOC",0,0,"Annual_Forb","Plant"
"4820","C","3","C","1",221,"LYGR",0,0,"Annual_Forb","Plant"
"4821","C","3","C","1",221,"Lichen",2,0.904977375565611,"Lichen","Biocrust"
"4822","C","3","C","1",221,"Light",14,6.33484162895928,"LtCy","Biocrust"
"4823","C","3","C","1",221,"Litter",40,18.0995475113122,"Litter","Abiotic_Cover"
"4824","C","3","C","1",221,"MAAF",4,1.80995475113122,"Annual_Forb","Plant"
"4825","C","3","C","1",221,"Moss",43,19.4570135746606,"Moss","Biocrust"
"4826","C","3","C","1",221,"OECA",0,0,"Annual_Forb","Plant"
"4827","C","3","C","1",221,"OPUNT",0,0,"Cactus","Plant"
"4828","C","3","C","1",221,"PHCR",0,0,"Annual_Forb","Plant"
"4829","C","3","C","1",221,"PLPA",0,0,"Annual_Forb","Plant"
"4830","C","3","C","1",221,"SCWH",0,0,"Cactus","Plant"
"4831","C","3","C","1",221,"SPORO",0,0,"Perennial_Grass","Plant"
"4832","C","3","C","1",221,"TILA",0,0,"Annual_Forb","Plant"
"4833","C","3","C","1",221,"UNK1",0,0,"Annual_Forb","Plant"
"4834","C","3","C","1",221,"ATCO",0,0,"Shrub","Plant"
"4835","C","3","C","1",221,"HIJA",11,4.97737556561086,"Perennial_Grass","Plant"
"4836","C","3","C","1",221,"PlantBase",7,3.16742081447964,"Plant_Base","Plant"
"4837","C","3","C","1",221,"ACHY",10,4.52488687782805,"Perennial_Grass","Plant"
"4838","C","3","C","1",221,"Chamber",0,0,"Chamber","Abiotic_Cover"
"4839","C","3","C","1",221,"Rock",0,0,"Rock","Abiotic_Cover"
"4840","C","3","C","1",221,"Bare",0,0,"Bare_Ground","Abiotic_Cover"
"4841","C","3","C","2",172,"ANBR",0,0,"Annual_Forb","Plant"
"4842","C","3","C","2",172,"ASAM",1,0.581395348837209,"Annual_Forb","Plant"
"4843","C","3","C","2",172,"Bromus",47,27.3255813953488,"Annual_Grass","Plant"
"4844","C","3","C","2",172,"CHER",0,0,"Annual_Forb","Plant"
"4845","C","3","C","2",172,"CRYPT",0,0,"Annual_Forb","Plant"
"4846","C","3","C","2",172,"CYAC",0,0,"Annual_Forb","Plant"
"4847","C","3","C","2",172,"DEAN",0,0,"Annual_Forb","Plant"
"4848","C","3","C","2",172,"DEPI",1,0.581395348837209,"Annual_Forb","Plant"
"4849","C","3","C","2",172,"Dark",3,1.74418604651163,"DkCy","Biocrust"
"4850","C","3","C","2",172,"ENFR",0,0,"Annual_Forb","Plant"
"4851","C","3","C","2",172,"EPHED",0,0,"Shrub","Plant"
"4852","C","3","C","2",172,"EPTO",0,0,"Shrub","Plant"
"4853","C","3","C","2",172,"EPVI",0,0,"Shrub","Plant"
"4854","C","3","C","2",172,"ERIN",0,0,"Annual_Forb","Plant"
"4855","C","3","C","2",172,"FEOC",0,0,"Annual_Grass","Plant"
"4856","C","3","C","2",172,"GAPI",3,1.74418604651163,"Annual_Forb","Plant"
"4857","C","3","C","2",172,"GIIN",1,0.581395348837209,"Annual_Forb","Plant"
"4858","C","3","C","2",172,"GUSA",0,0,"Shrub","Plant"
"4859","C","3","C","2",172,"HECO",0,0,"Perennial_Grass","Plant"
"4860","C","3","C","2",172,"IPPO",0,0,"Annual_Forb","Plant"
"4861","C","3","C","2",172,"KRLA",0,0,"Shrub","Plant"
"4862","C","3","C","2",172,"LEMO",0,0,"Annual_Forb","Plant"
"4863","C","3","C","2",172,"LEOC",0,0,"Annual_Forb","Plant"
"4864","C","3","C","2",172,"LYGR",0,0,"Annual_Forb","Plant"
"4865","C","3","C","2",172,"Lichen",8,4.65116279069767,"Lichen","Biocrust"
"4866","C","3","C","2",172,"Light",22,12.7906976744186,"LtCy","Biocrust"
"4867","C","3","C","2",172,"Litter",31,18.0232558139535,"Litter","Abiotic_Cover"
"4868","C","3","C","2",172,"MAAF",0,0,"Annual_Forb","Plant"
"4869","C","3","C","2",172,"Moss",24,13.953488372093,"Moss","Biocrust"
"4870","C","3","C","2",172,"OECA",0,0,"Annual_Forb","Plant"
"4871","C","3","C","2",172,"OPUNT",0,0,"Cactus","Plant"
"4872","C","3","C","2",172,"PHCR",1,0.581395348837209,"Annual_Forb","Plant"
"4873","C","3","C","2",172,"PLPA",0,0,"Annual_Forb","Plant"
"4874","C","3","C","2",172,"SCWH",0,0,"Cactus","Plant"
"4875","C","3","C","2",172,"SPORO",0,0,"Perennial_Grass","Plant"
"4876","C","3","C","2",172,"TILA",0,0,"Annual_Forb","Plant"
"4877","C","3","C","2",172,"UNK1",0,0,"Annual_Forb","Plant"
"4878","C","3","C","2",172,"ATCO",0,0,"Shrub","Plant"
"4879","C","3","C","2",172,"HIJA",0,0,"Perennial_Grass","Plant"
"4880","C","3","C","2",172,"PlantBase",8,4.65116279069767,"Plant_Base","Plant"
"4881","C","3","C","2",172,"ACHY",17,9.88372093023256,"Perennial_Grass","Plant"
"4882","C","3","C","2",172,"Chamber",0,0,"Chamber","Abiotic_Cover"
"4883","C","3","C","2",172,"Rock",5,2.90697674418605,"Rock","Abiotic_Cover"
"4884","C","3","C","2",172,"Bare",0,0,"Bare_Ground","Abiotic_Cover"
"4885","C","3","C","3",194,"ANBR",0,0,"Annual_Forb","Plant"
"4886","C","3","C","3",194,"ASAM",0,0,"Annual_Forb","Plant"
"4887","C","3","C","3",194,"Bromus",25,12.8865979381443,"Annual_Grass","Plant"
"4888","C","3","C","3",194,"CHER",0,0,"Annual_Forb","Plant"
"4889","C","3","C","3",194,"CRYPT",0,0,"Annual_Forb","Plant"
"4890","C","3","C","3",194,"CYAC",0,0,"Annual_Forb","Plant"
"4891","C","3","C","3",194,"DEAN",0,0,"Annual_Forb","Plant"
"4892","C","3","C","3",194,"DEPI",2,1.03092783505155,"Annual_Forb","Plant"
"4893","C","3","C","3",194,"Dark",9,4.63917525773196,"DkCy","Biocrust"
"4894","C","3","C","3",194,"ENFR",0,0,"Annual_Forb","Plant"
"4895","C","3","C","3",194,"EPHED",0,0,"Shrub","Plant"
"4896","C","3","C","3",194,"EPTO",0,0,"Shrub","Plant"
"4897","C","3","C","3",194,"EPVI",2,1.03092783505155,"Shrub","Plant"
"4898","C","3","C","3",194,"ERIN",0,0,"Annual_Forb","Plant"
"4899","C","3","C","3",194,"FEOC",4,2.06185567010309,"Annual_Grass","Plant"
"4900","C","3","C","3",194,"GAPI",1,0.515463917525773,"Annual_Forb","Plant"
"4901","C","3","C","3",194,"GIIN",1,0.515463917525773,"Annual_Forb","Plant"
"4902","C","3","C","3",194,"GUSA",0,0,"Shrub","Plant"
"4903","C","3","C","3",194,"HECO",0,0,"Perennial_Grass","Plant"
"4904","C","3","C","3",194,"IPPO",0,0,"Annual_Forb","Plant"
"4905","C","3","C","3",194,"KRLA",0,0,"Shrub","Plant"
"4906","C","3","C","3",194,"LEMO",0,0,"Annual_Forb","Plant"
"4907","C","3","C","3",194,"LEOC",0,0,"Annual_Forb","Plant"
"4908","C","3","C","3",194,"LYGR",0,0,"Annual_Forb","Plant"
"4909","C","3","C","3",194,"Lichen",6,3.09278350515464,"Lichen","Biocrust"
"4910","C","3","C","3",194,"Light",20,10.3092783505155,"LtCy","Biocrust"
"4911","C","3","C","3",194,"Litter",51,26.2886597938144,"Litter","Abiotic_Cover"
"4912","C","3","C","3",194,"MAAF",0,0,"Annual_Forb","Plant"
"4913","C","3","C","3",194,"Moss",32,16.4948453608247,"Moss","Biocrust"
"4914","C","3","C","3",194,"OECA",0,0,"Annual_Forb","Plant"
"4915","C","3","C","3",194,"OPUNT",0,0,"Cactus","Plant"
"4916","C","3","C","3",194,"PHCR",0,0,"Annual_Forb","Plant"
"4917","C","3","C","3",194,"PLPA",0,0,"Annual_Forb","Plant"
"4918","C","3","C","3",194,"SCWH",0,0,"Cactus","Plant"
"4919","C","3","C","3",194,"SPORO",0,0,"Perennial_Grass","Plant"
"4920","C","3","C","3",194,"TILA",0,0,"Annual_Forb","Plant"
"4921","C","3","C","3",194,"UNK1",0,0,"Annual_Forb","Plant"
"4922","C","3","C","3",194,"ATCO",14,7.21649484536082,"Shrub","Plant"
"4923","C","3","C","3",194,"HIJA",4,2.06185567010309,"Perennial_Grass","Plant"
"4924","C","3","C","3",194,"PlantBase",5,2.57731958762887,"Plant_Base","Plant"
"4925","C","3","C","3",194,"ACHY",15,7.7319587628866,"Perennial_Grass","Plant"
"4926","C","3","C","3",194,"Chamber",0,0,"Chamber","Abiotic_Cover"
"4927","C","3","C","3",194,"Rock",3,1.54639175257732,"Rock","Abiotic_Cover"
"4928","C","3","C","3",194,"Bare",0,0,"Bare_Ground","Abiotic_Cover"
"4929","C","3","C","4",231,"ANBR",0,0,"Annual_Forb","Plant"
"4930","C","3","C","4",231,"ASAM",0,0,"Annual_Forb","Plant"
"4931","C","3","C","4",231,"Bromus",37,16.017316017316,"Annual_Grass","Plant"
"4932","C","3","C","4",231,"CHER",0,0,"Annual_Forb","Plant"
"4933","C","3","C","4",231,"CRYPT",0,0,"Annual_Forb","Plant"
"4934","C","3","C","4",231,"CYAC",0,0,"Annual_Forb","Plant"
"4935","C","3","C","4",231,"DEAN",0,0,"Annual_Forb","Plant"
"4936","C","3","C","4",231,"DEPI",0,0,"Annual_Forb","Plant"
"4937","C","3","C","4",231,"Dark",6,2.5974025974026,"DkCy","Biocrust"
"4938","C","3","C","4",231,"ENFR",0,0,"Annual_Forb","Plant"
"4939","C","3","C","4",231,"EPHED",0,0,"Shrub","Plant"
"4940","C","3","C","4",231,"EPTO",0,0,"Shrub","Plant"
"4941","C","3","C","4",231,"EPVI",22,9.52380952380952,"Shrub","Plant"
"4942","C","3","C","4",231,"ERIN",0,0,"Annual_Forb","Plant"
"4943","C","3","C","4",231,"FEOC",0,0,"Annual_Grass","Plant"
"4944","C","3","C","4",231,"GAPI",1,0.432900432900433,"Annual_Forb","Plant"
"4945","C","3","C","4",231,"GIIN",0,0,"Annual_Forb","Plant"
"4946","C","3","C","4",231,"GUSA",0,0,"Shrub","Plant"
"4947","C","3","C","4",231,"HECO",0,0,"Perennial_Grass","Plant"
"4948","C","3","C","4",231,"IPPO",0,0,"Annual_Forb","Plant"
"4949","C","3","C","4",231,"KRLA",0,0,"Shrub","Plant"
"4950","C","3","C","4",231,"LEMO",0,0,"Annual_Forb","Plant"
"4951","C","3","C","4",231,"LEOC",0,0,"Annual_Forb","Plant"
"4952","C","3","C","4",231,"LYGR",0,0,"Annual_Forb","Plant"
"4953","C","3","C","4",231,"Lichen",3,1.2987012987013,"Lichen","Biocrust"
"4954","C","3","C","4",231,"Light",36,15.5844155844156,"LtCy","Biocrust"
"4955","C","3","C","4",231,"Litter",47,20.3463203463203,"Litter","Abiotic_Cover"
"4956","C","3","C","4",231,"MAAF",1,0.432900432900433,"Annual_Forb","Plant"
"4957","C","3","C","4",231,"Moss",29,12.5541125541126,"Moss","Biocrust"
"4958","C","3","C","4",231,"OECA",0,0,"Annual_Forb","Plant"
"4959","C","3","C","4",231,"OPUNT",0,0,"Cactus","Plant"
"4960","C","3","C","4",231,"PHCR",0,0,"Annual_Forb","Plant"
"4961","C","3","C","4",231,"PLPA",0,0,"Annual_Forb","Plant"
"4962","C","3","C","4",231,"SCWH",0,0,"Cactus","Plant"
"4963","C","3","C","4",231,"SPORO",0,0,"Perennial_Grass","Plant"
"4964","C","3","C","4",231,"TILA",0,0,"Annual_Forb","Plant"
"4965","C","3","C","4",231,"UNK1",0,0,"Annual_Forb","Plant"
"4966","C","3","C","4",231,"ATCO",14,6.06060606060606,"Shrub","Plant"
"4967","C","3","C","4",231,"HIJA",16,6.92640692640693,"Perennial_Grass","Plant"
"4968","C","3","C","4",231,"PlantBase",8,3.46320346320346,"Plant_Base","Plant"
"4969","C","3","C","4",231,"ACHY",9,3.8961038961039,"Perennial_Grass","Plant"
"4970","C","3","C","4",231,"Chamber",0,0,"Chamber","Abiotic_Cover"
"4971","C","3","C","4",231,"Rock",2,0.865800865800866,"Rock","Abiotic_Cover"
"4972","C","3","C","4",231,"Bare",0,0,"Bare_Ground","Abiotic_Cover"
"4973","C","3","L","1",199,"ANBR",0,0,"Annual_Forb","Plant"
"4974","C","3","L","1",199,"ASAM",0,0,"Annual_Forb","Plant"
"4975","C","3","L","1",199,"Bromus",49,24.6231155778894,"Annual_Grass","Plant"
"4976","C","3","L","1",199,"CHER",0,0,"Annual_Forb","Plant"
"4977","C","3","L","1",199,"CRYPT",0,0,"Annual_Forb","Plant"
"4978","C","3","L","1",199,"CYAC",0,0,"Annual_Forb","Plant"
"4979","C","3","L","1",199,"DEAN",0,0,"Annual_Forb","Plant"
"4980","C","3","L","1",199,"DEPI",1,0.50251256281407,"Annual_Forb","Plant"
"4981","C","3","L","1",199,"Dark",0,0,"DkCy","Biocrust"
"4982","C","3","L","1",199,"ENFR",0,0,"Annual_Forb","Plant"
"4983","C","3","L","1",199,"EPHED",0,0,"Shrub","Plant"
"4984","C","3","L","1",199,"EPTO",0,0,"Shrub","Plant"
"4985","C","3","L","1",199,"EPVI",0,0,"Shrub","Plant"
"4986","C","3","L","1",199,"ERIN",0,0,"Annual_Forb","Plant"
"4987","C","3","L","1",199,"FEOC",1,0.50251256281407,"Annual_Grass","Plant"
"4988","C","3","L","1",199,"GAPI",5,2.51256281407035,"Annual_Forb","Plant"
"4989","C","3","L","1",199,"GIIN",0,0,"Annual_Forb","Plant"
"4990","C","3","L","1",199,"GUSA",0,0,"Shrub","Plant"
"4991","C","3","L","1",199,"HECO",0,0,"Perennial_Grass","Plant"
"4992","C","3","L","1",199,"IPPO",1,0.50251256281407,"Annual_Forb","Plant"
"4993","C","3","L","1",199,"KRLA",0,0,"Shrub","Plant"
"4994","C","3","L","1",199,"LEMO",1,0.50251256281407,"Annual_Forb","Plant"
"4995","C","3","L","1",199,"LEOC",0,0,"Annual_Forb","Plant"
"4996","C","3","L","1",199,"LYGR",0,0,"Annual_Forb","Plant"
"4997","C","3","L","1",199,"Lichen",0,0,"Lichen","Biocrust"
"4998","C","3","L","1",199,"Light",36,18.0904522613065,"LtCy","Biocrust"
"4999","C","3","L","1",199,"Litter",43,21.608040201005,"Litter","Abiotic_Cover"
"5000","C","3","L","1",199,"MAAF",3,1.50753768844221,"Annual_Forb","Plant"
"5001","C","3","L","1",199,"Moss",20,10.0502512562814,"Moss","Biocrust"
"5002","C","3","L","1",199,"OECA",0,0,"Annual_Forb","Plant"
"5003","C","3","L","1",199,"OPUNT",0,0,"Cactus","Plant"
"5004","C","3","L","1",199,"PHCR",0,0,"Annual_Forb","Plant"
"5005","C","3","L","1",199,"PLPA",0,0,"Annual_Forb","Plant"
"5006","C","3","L","1",199,"SCWH",0,0,"Cactus","Plant"
"5007","C","3","L","1",199,"SPORO",0,0,"Perennial_Grass","Plant"
"5008","C","3","L","1",199,"TILA",0,0,"Annual_Forb","Plant"
"5009","C","3","L","1",199,"UNK1",0,0,"Annual_Forb","Plant"
"5010","C","3","L","1",199,"ATCO",14,7.03517587939699,"Shrub","Plant"
"5011","C","3","L","1",199,"HIJA",9,4.52261306532663,"Perennial_Grass","Plant"
"5012","C","3","L","1",199,"PlantBase",12,6.03015075376884,"Plant_Base","Plant"
"5013","C","3","L","1",199,"ACHY",4,2.01005025125628,"Perennial_Grass","Plant"
"5014","C","3","L","1",199,"Chamber",0,0,"Chamber","Abiotic_Cover"
"5015","C","3","L","1",199,"Rock",0,0,"Rock","Abiotic_Cover"
"5016","C","3","L","1",199,"Bare",0,0,"Bare_Ground","Abiotic_Cover"
"5017","C","3","L","2",204,"ANBR",0,0,"Annual_Forb","Plant"
"5018","C","3","L","2",204,"ASAM",0,0,"Annual_Forb","Plant"
"5019","C","3","L","2",204,"Bromus",56,27.4509803921569,"Annual_Grass","Plant"
"5020","C","3","L","2",204,"CHER",0,0,"Annual_Forb","Plant"
"5021","C","3","L","2",204,"CRYPT",0,0,"Annual_Forb","Plant"
"5022","C","3","L","2",204,"CYAC",0,0,"Annual_Forb","Plant"
"5023","C","3","L","2",204,"DEAN",0,0,"Annual_Forb","Plant"
"5024","C","3","L","2",204,"DEPI",1,0.490196078431373,"Annual_Forb","Plant"
"5025","C","3","L","2",204,"Dark",0,0,"DkCy","Biocrust"
"5026","C","3","L","2",204,"ENFR",0,0,"Annual_Forb","Plant"
"5027","C","3","L","2",204,"EPHED",0,0,"Shrub","Plant"
"5028","C","3","L","2",204,"EPTO",0,0,"Shrub","Plant"
"5029","C","3","L","2",204,"EPVI",0,0,"Shrub","Plant"
"5030","C","3","L","2",204,"ERIN",0,0,"Annual_Forb","Plant"
"5031","C","3","L","2",204,"FEOC",0,0,"Annual_Grass","Plant"
"5032","C","3","L","2",204,"GAPI",3,1.47058823529412,"Annual_Forb","Plant"
"5033","C","3","L","2",204,"GIIN",5,2.45098039215686,"Annual_Forb","Plant"
"5034","C","3","L","2",204,"GUSA",0,0,"Shrub","Plant"
"5035","C","3","L","2",204,"HECO",0,0,"Perennial_Grass","Plant"
"5036","C","3","L","2",204,"IPPO",4,1.96078431372549,"Annual_Forb","Plant"
"5037","C","3","L","2",204,"KRLA",0,0,"Shrub","Plant"
"5038","C","3","L","2",204,"LEMO",1,0.490196078431373,"Annual_Forb","Plant"
"5039","C","3","L","2",204,"LEOC",0,0,"Annual_Forb","Plant"
"5040","C","3","L","2",204,"LYGR",0,0,"Annual_Forb","Plant"
"5041","C","3","L","2",204,"Lichen",2,0.980392156862745,"Lichen","Biocrust"
"5042","C","3","L","2",204,"Light",27,13.2352941176471,"LtCy","Biocrust"
"5043","C","3","L","2",204,"Litter",57,27.9411764705882,"Litter","Abiotic_Cover"
"5044","C","3","L","2",204,"MAAF",0,0,"Annual_Forb","Plant"
"5045","C","3","L","2",204,"Moss",17,8.33333333333333,"Moss","Biocrust"
"5046","C","3","L","2",204,"OECA",0,0,"Annual_Forb","Plant"
"5047","C","3","L","2",204,"OPUNT",0,0,"Cactus","Plant"
"5048","C","3","L","2",204,"PHCR",1,0.490196078431373,"Annual_Forb","Plant"
"5049","C","3","L","2",204,"PLPA",0,0,"Annual_Forb","Plant"
"5050","C","3","L","2",204,"SCWH",0,0,"Cactus","Plant"
"5051","C","3","L","2",204,"SPORO",0,0,"Perennial_Grass","Plant"
"5052","C","3","L","2",204,"TILA",0,0,"Annual_Forb","Plant"
"5053","C","3","L","2",204,"UNK1",0,0,"Annual_Forb","Plant"
"5054","C","3","L","2",204,"ATCO",0,0,"Shrub","Plant"
"5055","C","3","L","2",204,"HIJA",9,4.41176470588235,"Perennial_Grass","Plant"
"5056","C","3","L","2",204,"PlantBase",13,6.37254901960784,"Plant_Base","Plant"
"5057","C","3","L","2",204,"ACHY",4,1.96078431372549,"Perennial_Grass","Plant"
"5058","C","3","L","2",204,"Chamber",0,0,"Chamber","Abiotic_Cover"
"5059","C","3","L","2",204,"Rock",4,1.96078431372549,"Rock","Abiotic_Cover"
"5060","C","3","L","2",204,"Bare",0,0,"Bare_Ground","Abiotic_Cover"
"5061","C","3","L","3",196,"ANBR",0,0,"Annual_Forb","Plant"
"5062","C","3","L","3",196,"ASAM",0,0,"Annual_Forb","Plant"
"5063","C","3","L","3",196,"Bromus",70,35.7142857142857,"Annual_Grass","Plant"
"5064","C","3","L","3",196,"CHER",0,0,"Annual_Forb","Plant"
"5065","C","3","L","3",196,"CRYPT",1,0.510204081632653,"Annual_Forb","Plant"
"5066","C","3","L","3",196,"CYAC",0,0,"Annual_Forb","Plant"
"5067","C","3","L","3",196,"DEAN",0,0,"Annual_Forb","Plant"
"5068","C","3","L","3",196,"DEPI",0,0,"Annual_Forb","Plant"
"5069","C","3","L","3",196,"Dark",0,0,"DkCy","Biocrust"
"5070","C","3","L","3",196,"ENFR",0,0,"Annual_Forb","Plant"
"5071","C","3","L","3",196,"EPHED",0,0,"Shrub","Plant"
"5072","C","3","L","3",196,"EPTO",0,0,"Shrub","Plant"
"5073","C","3","L","3",196,"EPVI",0,0,"Shrub","Plant"
"5074","C","3","L","3",196,"ERIN",0,0,"Annual_Forb","Plant"
"5075","C","3","L","3",196,"FEOC",1,0.510204081632653,"Annual_Grass","Plant"
"5076","C","3","L","3",196,"GAPI",4,2.04081632653061,"Annual_Forb","Plant"
"5077","C","3","L","3",196,"GIIN",0,0,"Annual_Forb","Plant"
"5078","C","3","L","3",196,"GUSA",0,0,"Shrub","Plant"
"5079","C","3","L","3",196,"HECO",0,0,"Perennial_Grass","Plant"
"5080","C","3","L","3",196,"IPPO",0,0,"Annual_Forb","Plant"
"5081","C","3","L","3",196,"KRLA",0,0,"Shrub","Plant"
"5082","C","3","L","3",196,"LEMO",0,0,"Annual_Forb","Plant"
"5083","C","3","L","3",196,"LEOC",0,0,"Annual_Forb","Plant"
"5084","C","3","L","3",196,"LYGR",0,0,"Annual_Forb","Plant"
"5085","C","3","L","3",196,"Lichen",3,1.53061224489796,"Lichen","Biocrust"
"5086","C","3","L","3",196,"Light",32,16.3265306122449,"LtCy","Biocrust"
"5087","C","3","L","3",196,"Litter",51,26.0204081632653,"Litter","Abiotic_Cover"
"5088","C","3","L","3",196,"MAAF",1,0.510204081632653,"Annual_Forb","Plant"
"5089","C","3","L","3",196,"Moss",19,9.69387755102041,"Moss","Biocrust"
"5090","C","3","L","3",196,"OECA",0,0,"Annual_Forb","Plant"
"5091","C","3","L","3",196,"OPUNT",0,0,"Cactus","Plant"
"5092","C","3","L","3",196,"PHCR",0,0,"Annual_Forb","Plant"
"5093","C","3","L","3",196,"PLPA",0,0,"Annual_Forb","Plant"
"5094","C","3","L","3",196,"SCWH",0,0,"Cactus","Plant"
"5095","C","3","L","3",196,"SPORO",0,0,"Perennial_Grass","Plant"
"5096","C","3","L","3",196,"TILA",0,0,"Annual_Forb","Plant"
"5097","C","3","L","3",196,"UNK1",0,0,"Annual_Forb","Plant"
"5098","C","3","L","3",196,"ATCO",0,0,"Shrub","Plant"
"5099","C","3","L","3",196,"HIJA",7,3.57142857142857,"Perennial_Grass","Plant"
"5100","C","3","L","3",196,"PlantBase",7,3.57142857142857,"Plant_Base","Plant"
"5101","C","3","L","3",196,"ACHY",0,0,"Perennial_Grass","Plant"
"5102","C","3","L","3",196,"Chamber",0,0,"Chamber","Abiotic_Cover"
"5103","C","3","L","3",196,"Rock",0,0,"Rock","Abiotic_Cover"
"5104","C","3","L","3",196,"Bare",0,0,"Bare_Ground","Abiotic_Cover"
"5105","C","3","L","4",195,"ANBR",0,0,"Annual_Forb","Plant"
"5106","C","3","L","4",195,"ASAM",0,0,"Annual_Forb","Plant"
"5107","C","3","L","4",195,"Bromus",69,35.3846153846154,"Annual_Grass","Plant"
"5108","C","3","L","4",195,"CHER",0,0,"Annual_Forb","Plant"
"5109","C","3","L","4",195,"CRYPT",0,0,"Annual_Forb","Plant"
"5110","C","3","L","4",195,"CYAC",0,0,"Annual_Forb","Plant"
"5111","C","3","L","4",195,"DEAN",0,0,"Annual_Forb","Plant"
"5112","C","3","L","4",195,"DEPI",0,0,"Annual_Forb","Plant"
"5113","C","3","L","4",195,"Dark",0,0,"DkCy","Biocrust"
"5114","C","3","L","4",195,"ENFR",0,0,"Annual_Forb","Plant"
"5115","C","3","L","4",195,"EPHED",0,0,"Shrub","Plant"
"5116","C","3","L","4",195,"EPTO",0,0,"Shrub","Plant"
"5117","C","3","L","4",195,"EPVI",0,0,"Shrub","Plant"
"5118","C","3","L","4",195,"ERIN",0,0,"Annual_Forb","Plant"
"5119","C","3","L","4",195,"FEOC",1,0.512820512820513,"Annual_Grass","Plant"
"5120","C","3","L","4",195,"GAPI",1,0.512820512820513,"Annual_Forb","Plant"
"5121","C","3","L","4",195,"GIIN",0,0,"Annual_Forb","Plant"
"5122","C","3","L","4",195,"GUSA",0,0,"Shrub","Plant"
"5123","C","3","L","4",195,"HECO",0,0,"Perennial_Grass","Plant"
"5124","C","3","L","4",195,"IPPO",0,0,"Annual_Forb","Plant"
"5125","C","3","L","4",195,"KRLA",0,0,"Shrub","Plant"
"5126","C","3","L","4",195,"LEMO",0,0,"Annual_Forb","Plant"
"5127","C","3","L","4",195,"LEOC",0,0,"Annual_Forb","Plant"
"5128","C","3","L","4",195,"LYGR",0,0,"Annual_Forb","Plant"
"5129","C","3","L","4",195,"Lichen",0,0,"Lichen","Biocrust"
"5130","C","3","L","4",195,"Light",27,13.8461538461538,"LtCy","Biocrust"
"5131","C","3","L","4",195,"Litter",67,34.3589743589744,"Litter","Abiotic_Cover"
"5132","C","3","L","4",195,"MAAF",2,1.02564102564103,"Annual_Forb","Plant"
"5133","C","3","L","4",195,"Moss",6,3.07692307692308,"Moss","Biocrust"
"5134","C","3","L","4",195,"OECA",0,0,"Annual_Forb","Plant"
"5135","C","3","L","4",195,"OPUNT",0,0,"Cactus","Plant"
"5136","C","3","L","4",195,"PHCR",0,0,"Annual_Forb","Plant"
"5137","C","3","L","4",195,"PLPA",0,0,"Annual_Forb","Plant"
"5138","C","3","L","4",195,"SCWH",0,0,"Cactus","Plant"
"5139","C","3","L","4",195,"SPORO",0,0,"Perennial_Grass","Plant"
"5140","C","3","L","4",195,"TILA",0,0,"Annual_Forb","Plant"
"5141","C","3","L","4",195,"UNK1",0,0,"Annual_Forb","Plant"
"5142","C","3","L","4",195,"ATCO",0,0,"Shrub","Plant"
"5143","C","3","L","4",195,"HIJA",2,1.02564102564103,"Perennial_Grass","Plant"
"5144","C","3","L","4",195,"PlantBase",11,5.64102564102564,"Plant_Base","Plant"
"5145","C","3","L","4",195,"ACHY",9,4.61538461538462,"Perennial_Grass","Plant"
"5146","C","3","L","4",195,"Chamber",0,0,"Chamber","Abiotic_Cover"
"5147","C","3","L","4",195,"Rock",0,0,"Rock","Abiotic_Cover"
"5148","C","3","L","4",195,"Bare",0,0,"Bare_Ground","Abiotic_Cover"
"5149","C","3","LW","1",172,"ANBR",0,0,"Annual_Forb","Plant"
"5150","C","3","LW","1",172,"ASAM",0,0,"Annual_Forb","Plant"
"5151","C","3","LW","1",172,"Bromus",47,27.3255813953488,"Annual_Grass","Plant"
"5152","C","3","LW","1",172,"CHER",0,0,"Annual_Forb","Plant"
"5153","C","3","LW","1",172,"CRYPT",0,0,"Annual_Forb","Plant"
"5154","C","3","LW","1",172,"CYAC",3,1.74418604651163,"Annual_Forb","Plant"
"5155","C","3","LW","1",172,"DEAN",0,0,"Annual_Forb","Plant"
"5156","C","3","LW","1",172,"DEPI",0,0,"Annual_Forb","Plant"
"5157","C","3","LW","1",172,"Dark",12,6.97674418604651,"DkCy","Biocrust"
"5158","C","3","LW","1",172,"ENFR",0,0,"Annual_Forb","Plant"
"5159","C","3","LW","1",172,"EPHED",0,0,"Shrub","Plant"
"5160","C","3","LW","1",172,"EPTO",0,0,"Shrub","Plant"
"5161","C","3","LW","1",172,"EPVI",1,0.581395348837209,"Shrub","Plant"
"5162","C","3","LW","1",172,"ERIN",0,0,"Annual_Forb","Plant"
"5163","C","3","LW","1",172,"FEOC",0,0,"Annual_Grass","Plant"
"5164","C","3","LW","1",172,"GAPI",2,1.16279069767442,"Annual_Forb","Plant"
"5165","C","3","LW","1",172,"GIIN",2,1.16279069767442,"Annual_Forb","Plant"
"5166","C","3","LW","1",172,"GUSA",0,0,"Shrub","Plant"
"5167","C","3","LW","1",172,"HECO",0,0,"Perennial_Grass","Plant"
"5168","C","3","LW","1",172,"IPPO",0,0,"Annual_Forb","Plant"
"5169","C","3","LW","1",172,"KRLA",0,0,"Shrub","Plant"
"5170","C","3","LW","1",172,"LEMO",1,0.581395348837209,"Annual_Forb","Plant"
"5171","C","3","LW","1",172,"LEOC",0,0,"Annual_Forb","Plant"
"5172","C","3","LW","1",172,"LYGR",0,0,"Annual_Forb","Plant"
"5173","C","3","LW","1",172,"Lichen",8,4.65116279069767,"Lichen","Biocrust"
"5174","C","3","LW","1",172,"Light",22,12.7906976744186,"LtCy","Biocrust"
"5175","C","3","LW","1",172,"Litter",14,8.13953488372093,"Litter","Abiotic_Cover"
"5176","C","3","LW","1",172,"MAAF",0,0,"Annual_Forb","Plant"
"5177","C","3","LW","1",172,"Moss",47,27.3255813953488,"Moss","Biocrust"
"5178","C","3","LW","1",172,"OECA",0,0,"Annual_Forb","Plant"
"5179","C","3","LW","1",172,"OPUNT",0,0,"Cactus","Plant"
"5180","C","3","LW","1",172,"PHCR",0,0,"Annual_Forb","Plant"
"5181","C","3","LW","1",172,"PLPA",0,0,"Annual_Forb","Plant"
"5182","C","3","LW","1",172,"SCWH",0,0,"Cactus","Plant"
"5183","C","3","LW","1",172,"SPORO",0,0,"Perennial_Grass","Plant"
"5184","C","3","LW","1",172,"TILA",0,0,"Annual_Forb","Plant"
"5185","C","3","LW","1",172,"UNK1",0,0,"Annual_Forb","Plant"
"5186","C","3","LW","1",172,"ATCO",0,0,"Shrub","Plant"
"5187","C","3","LW","1",172,"HIJA",3,1.74418604651163,"Perennial_Grass","Plant"
"5188","C","3","LW","1",172,"PlantBase",4,2.32558139534884,"Plant_Base","Plant"
"5189","C","3","LW","1",172,"ACHY",3,1.74418604651163,"Perennial_Grass","Plant"
"5190","C","3","LW","1",172,"Chamber",0,0,"Chamber","Abiotic_Cover"
"5191","C","3","LW","1",172,"Rock",3,1.74418604651163,"Rock","Abiotic_Cover"
"5192","C","3","LW","1",172,"Bare",0,0,"Bare_Ground","Abiotic_Cover"
"5193","C","3","LW","2",200,"ANBR",0,0,"Annual_Forb","Plant"
"5194","C","3","LW","2",200,"ASAM",0,0,"Annual_Forb","Plant"
"5195","C","3","LW","2",200,"Bromus",63,31.5,"Annual_Grass","Plant"
"5196","C","3","LW","2",200,"CHER",0,0,"Annual_Forb","Plant"
"5197","C","3","LW","2",200,"CRYPT",0,0,"Annual_Forb","Plant"
"5198","C","3","LW","2",200,"CYAC",3,1.5,"Annual_Forb","Plant"
"5199","C","3","LW","2",200,"DEAN",0,0,"Annual_Forb","Plant"
"5200","C","3","LW","2",200,"DEPI",0,0,"Annual_Forb","Plant"
"5201","C","3","LW","2",200,"Dark",4,2,"DkCy","Biocrust"
"5202","C","3","LW","2",200,"ENFR",0,0,"Annual_Forb","Plant"
"5203","C","3","LW","2",200,"EPHED",0,0,"Shrub","Plant"
"5204","C","3","LW","2",200,"EPTO",0,0,"Shrub","Plant"
"5205","C","3","LW","2",200,"EPVI",0,0,"Shrub","Plant"
"5206","C","3","LW","2",200,"ERIN",0,0,"Annual_Forb","Plant"
"5207","C","3","LW","2",200,"FEOC",0,0,"Annual_Grass","Plant"
"5208","C","3","LW","2",200,"GAPI",2,1,"Annual_Forb","Plant"
"5209","C","3","LW","2",200,"GIIN",1,0.5,"Annual_Forb","Plant"
"5210","C","3","LW","2",200,"GUSA",0,0,"Shrub","Plant"
"5211","C","3","LW","2",200,"HECO",0,0,"Perennial_Grass","Plant"
"5212","C","3","LW","2",200,"IPPO",0,0,"Annual_Forb","Plant"
"5213","C","3","LW","2",200,"KRLA",0,0,"Shrub","Plant"
"5214","C","3","LW","2",200,"LEMO",0,0,"Annual_Forb","Plant"
"5215","C","3","LW","2",200,"LEOC",0,0,"Annual_Forb","Plant"
"5216","C","3","LW","2",200,"LYGR",0,0,"Annual_Forb","Plant"
"5217","C","3","LW","2",200,"Lichen",4,2,"Lichen","Biocrust"
"5218","C","3","LW","2",200,"Light",24,12,"LtCy","Biocrust"
"5219","C","3","LW","2",200,"Litter",46,23,"Litter","Abiotic_Cover"
"5220","C","3","LW","2",200,"MAAF",1,0.5,"Annual_Forb","Plant"
"5221","C","3","LW","2",200,"Moss",26,13,"Moss","Biocrust"
"5222","C","3","LW","2",200,"OECA",0,0,"Annual_Forb","Plant"
"5223","C","3","LW","2",200,"OPUNT",0,0,"Cactus","Plant"
"5224","C","3","LW","2",200,"PHCR",0,0,"Annual_Forb","Plant"
"5225","C","3","LW","2",200,"PLPA",0,0,"Annual_Forb","Plant"
"5226","C","3","LW","2",200,"SCWH",0,0,"Cactus","Plant"
"5227","C","3","LW","2",200,"SPORO",0,0,"Perennial_Grass","Plant"
"5228","C","3","LW","2",200,"TILA",0,0,"Annual_Forb","Plant"
"5229","C","3","LW","2",200,"UNK1",0,0,"Annual_Forb","Plant"
"5230","C","3","LW","2",200,"ATCO",0,0,"Shrub","Plant"
"5231","C","3","LW","2",200,"HIJA",17,8.5,"Perennial_Grass","Plant"
"5232","C","3","LW","2",200,"PlantBase",9,4.5,"Plant_Base","Plant"
"5233","C","3","LW","2",200,"ACHY",0,0,"Perennial_Grass","Plant"
"5234","C","3","LW","2",200,"Chamber",0,0,"Chamber","Abiotic_Cover"
"5235","C","3","LW","2",200,"Rock",0,0,"Rock","Abiotic_Cover"
"5236","C","3","LW","2",200,"Bare",0,0,"Bare_Ground","Abiotic_Cover"
"5237","C","3","LW","3",185,"ANBR",0,0,"Annual_Forb","Plant"
"5238","C","3","LW","3",185,"ASAM",0,0,"Annual_Forb","Plant"
"5239","C","3","LW","3",185,"Bromus",42,22.7027027027027,"Annual_Grass","Plant"
"5240","C","3","LW","3",185,"CHER",0,0,"Annual_Forb","Plant"
"5241","C","3","LW","3",185,"CRYPT",0,0,"Annual_Forb","Plant"
"5242","C","3","LW","3",185,"CYAC",0,0,"Annual_Forb","Plant"
"5243","C","3","LW","3",185,"DEAN",0,0,"Annual_Forb","Plant"
"5244","C","3","LW","3",185,"DEPI",0,0,"Annual_Forb","Plant"
"5245","C","3","LW","3",185,"Dark",2,1.08108108108108,"DkCy","Biocrust"
"5246","C","3","LW","3",185,"ENFR",0,0,"Annual_Forb","Plant"
"5247","C","3","LW","3",185,"EPHED",0,0,"Shrub","Plant"
"5248","C","3","LW","3",185,"EPTO",0,0,"Shrub","Plant"
"5249","C","3","LW","3",185,"EPVI",0,0,"Shrub","Plant"
"5250","C","3","LW","3",185,"ERIN",0,0,"Annual_Forb","Plant"
"5251","C","3","LW","3",185,"FEOC",0,0,"Annual_Grass","Plant"
"5252","C","3","LW","3",185,"GAPI",0,0,"Annual_Forb","Plant"
"5253","C","3","LW","3",185,"GIIN",0,0,"Annual_Forb","Plant"
"5254","C","3","LW","3",185,"GUSA",0,0,"Shrub","Plant"
"5255","C","3","LW","3",185,"HECO",0,0,"Perennial_Grass","Plant"
"5256","C","3","LW","3",185,"IPPO",0,0,"Annual_Forb","Plant"
"5257","C","3","LW","3",185,"KRLA",0,0,"Shrub","Plant"
"5258","C","3","LW","3",185,"LEMO",0,0,"Annual_Forb","Plant"
"5259","C","3","LW","3",185,"LEOC",0,0,"Annual_Forb","Plant"
"5260","C","3","LW","3",185,"LYGR",0,0,"Annual_Forb","Plant"
"5261","C","3","LW","3",185,"Lichen",0,0,"Lichen","Biocrust"
"5262","C","3","LW","3",185,"Light",17,9.18918918918919,"LtCy","Biocrust"
"5263","C","3","LW","3",185,"Litter",35,18.9189189189189,"Litter","Abiotic_Cover"
"5264","C","3","LW","3",185,"MAAF",0,0,"Annual_Forb","Plant"
"5265","C","3","LW","3",185,"Moss",10,5.40540540540541,"Moss","Biocrust"
"5266","C","3","LW","3",185,"OECA",0,0,"Annual_Forb","Plant"
"5267","C","3","LW","3",185,"OPUNT",0,0,"Cactus","Plant"
"5268","C","3","LW","3",185,"PHCR",0,0,"Annual_Forb","Plant"
"5269","C","3","LW","3",185,"PLPA",0,0,"Annual_Forb","Plant"
"5270","C","3","LW","3",185,"SCWH",0,0,"Cactus","Plant"
"5271","C","3","LW","3",185,"SPORO",0,0,"Perennial_Grass","Plant"
"5272","C","3","LW","3",185,"TILA",0,0,"Annual_Forb","Plant"
"5273","C","3","LW","3",185,"UNK1",0,0,"Annual_Forb","Plant"
"5274","C","3","LW","3",185,"ATCO",0,0,"Shrub","Plant"
"5275","C","3","LW","3",185,"HIJA",18,9.72972972972973,"Perennial_Grass","Plant"
"5276","C","3","LW","3",185,"PlantBase",16,8.64864864864865,"Plant_Base","Plant"
"5277","C","3","LW","3",185,"ACHY",3,1.62162162162162,"Perennial_Grass","Plant"
"5278","C","3","LW","3",185,"Chamber",0,0,"Chamber","Abiotic_Cover"
"5279","C","3","LW","3",185,"Rock",42,22.7027027027027,"Rock","Abiotic_Cover"
"5280","C","3","LW","3",185,"Bare",0,0,"Bare_Ground","Abiotic_Cover"
"5281","C","3","LW","4",195,"ANBR",0,0,"Annual_Forb","Plant"
"5282","C","3","LW","4",195,"ASAM",0,0,"Annual_Forb","Plant"
"5283","C","3","LW","4",195,"Bromus",52,26.6666666666667,"Annual_Grass","Plant"
"5284","C","3","LW","4",195,"CHER",0,0,"Annual_Forb","Plant"
"5285","C","3","LW","4",195,"CRYPT",0,0,"Annual_Forb","Plant"
"5286","C","3","LW","4",195,"CYAC",0,0,"Annual_Forb","Plant"
"5287","C","3","LW","4",195,"DEAN",0,0,"Annual_Forb","Plant"
"5288","C","3","LW","4",195,"DEPI",0,0,"Annual_Forb","Plant"
"5289","C","3","LW","4",195,"Dark",4,2.05128205128205,"DkCy","Biocrust"
"5290","C","3","LW","4",195,"ENFR",0,0,"Annual_Forb","Plant"
"5291","C","3","LW","4",195,"EPHED",0,0,"Shrub","Plant"
"5292","C","3","LW","4",195,"EPTO",0,0,"Shrub","Plant"
"5293","C","3","LW","4",195,"EPVI",0,0,"Shrub","Plant"
"5294","C","3","LW","4",195,"ERIN",0,0,"Annual_Forb","Plant"
"5295","C","3","LW","4",195,"FEOC",0,0,"Annual_Grass","Plant"
"5296","C","3","LW","4",195,"GAPI",0,0,"Annual_Forb","Plant"
"5297","C","3","LW","4",195,"GIIN",1,0.512820512820513,"Annual_Forb","Plant"
"5298","C","3","LW","4",195,"GUSA",0,0,"Shrub","Plant"
"5299","C","3","LW","4",195,"HECO",0,0,"Perennial_Grass","Plant"
"5300","C","3","LW","4",195,"IPPO",0,0,"Annual_Forb","Plant"
"5301","C","3","LW","4",195,"KRLA",0,0,"Shrub","Plant"
"5302","C","3","LW","4",195,"LEMO",0,0,"Annual_Forb","Plant"
"5303","C","3","LW","4",195,"LEOC",0,0,"Annual_Forb","Plant"
"5304","C","3","LW","4",195,"LYGR",0,0,"Annual_Forb","Plant"
"5305","C","3","LW","4",195,"Lichen",3,1.53846153846154,"Lichen","Biocrust"
"5306","C","3","LW","4",195,"Light",9,4.61538461538462,"LtCy","Biocrust"
"5307","C","3","LW","4",195,"Litter",57,29.2307692307692,"Litter","Abiotic_Cover"
"5308","C","3","LW","4",195,"MAAF",0,0,"Annual_Forb","Plant"
"5309","C","3","LW","4",195,"Moss",9,4.61538461538462,"Moss","Biocrust"
"5310","C","3","LW","4",195,"OECA",0,0,"Annual_Forb","Plant"
"5311","C","3","LW","4",195,"OPUNT",0,0,"Cactus","Plant"
"5312","C","3","LW","4",195,"PHCR",0,0,"Annual_Forb","Plant"
"5313","C","3","LW","4",195,"PLPA",0,0,"Annual_Forb","Plant"
"5314","C","3","LW","4",195,"SCWH",0,0,"Cactus","Plant"
"5315","C","3","LW","4",195,"SPORO",0,0,"Perennial_Grass","Plant"
"5316","C","3","LW","4",195,"TILA",0,0,"Annual_Forb","Plant"
"5317","C","3","LW","4",195,"UNK1",0,0,"Annual_Forb","Plant"
"5318","C","3","LW","4",195,"ATCO",8,4.1025641025641,"Shrub","Plant"
"5319","C","3","LW","4",195,"HIJA",13,6.66666666666667,"Perennial_Grass","Plant"
"5320","C","3","LW","4",195,"PlantBase",6,3.07692307692308,"Plant_Base","Plant"
"5321","C","3","LW","4",195,"ACHY",0,0,"Perennial_Grass","Plant"
"5322","C","3","LW","4",195,"Chamber",0,0,"Chamber","Abiotic_Cover"
"5323","C","3","LW","4",195,"Rock",33,16.9230769230769,"Rock","Abiotic_Cover"
"5324","C","3","LW","4",195,"Bare",0,0,"Bare_Ground","Abiotic_Cover"
"5325","C","3","W","1",216,"ANBR",0,0,"Annual_Forb","Plant"
"5326","C","3","W","1",216,"ASAM",0,0,"Annual_Forb","Plant"
"5327","C","3","W","1",216,"Bromus",58,26.8518518518519,"Annual_Grass","Plant"
"5328","C","3","W","1",216,"CHER",0,0,"Annual_Forb","Plant"
"5329","C","3","W","1",216,"CRYPT",0,0,"Annual_Forb","Plant"
"5330","C","3","W","1",216,"CYAC",1,0.462962962962963,"Annual_Forb","Plant"
"5331","C","3","W","1",216,"DEAN",0,0,"Annual_Forb","Plant"
"5332","C","3","W","1",216,"DEPI",0,0,"Annual_Forb","Plant"
"5333","C","3","W","1",216,"Dark",0,0,"DkCy","Biocrust"
"5334","C","3","W","1",216,"ENFR",0,0,"Annual_Forb","Plant"
"5335","C","3","W","1",216,"EPHED",0,0,"Shrub","Plant"
"5336","C","3","W","1",216,"EPTO",0,0,"Shrub","Plant"
"5337","C","3","W","1",216,"EPVI",0,0,"Shrub","Plant"
"5338","C","3","W","1",216,"ERIN",3,1.38888888888889,"Annual_Forb","Plant"
"5339","C","3","W","1",216,"FEOC",0,0,"Annual_Grass","Plant"
"5340","C","3","W","1",216,"GAPI",1,0.462962962962963,"Annual_Forb","Plant"
"5341","C","3","W","1",216,"GIIN",1,0.462962962962963,"Annual_Forb","Plant"
"5342","C","3","W","1",216,"GUSA",0,0,"Shrub","Plant"
"5343","C","3","W","1",216,"HECO",0,0,"Perennial_Grass","Plant"
"5344","C","3","W","1",216,"IPPO",0,0,"Annual_Forb","Plant"
"5345","C","3","W","1",216,"KRLA",0,0,"Shrub","Plant"
"5346","C","3","W","1",216,"LEMO",0,0,"Annual_Forb","Plant"
"5347","C","3","W","1",216,"LEOC",0,0,"Annual_Forb","Plant"
"5348","C","3","W","1",216,"LYGR",1,0.462962962962963,"Annual_Forb","Plant"
"5349","C","3","W","1",216,"Lichen",5,2.31481481481481,"Lichen","Biocrust"
"5350","C","3","W","1",216,"Light",26,12.037037037037,"LtCy","Biocrust"
"5351","C","3","W","1",216,"Litter",55,25.462962962963,"Litter","Abiotic_Cover"
"5352","C","3","W","1",216,"MAAF",0,0,"Annual_Forb","Plant"
"5353","C","3","W","1",216,"Moss",22,10.1851851851852,"Moss","Biocrust"
"5354","C","3","W","1",216,"OECA",0,0,"Annual_Forb","Plant"
"5355","C","3","W","1",216,"OPUNT",0,0,"Cactus","Plant"
"5356","C","3","W","1",216,"PHCR",0,0,"Annual_Forb","Plant"
"5357","C","3","W","1",216,"PLPA",0,0,"Annual_Forb","Plant"
"5358","C","3","W","1",216,"SCWH",0,0,"Cactus","Plant"
"5359","C","3","W","1",216,"SPORO",0,0,"Perennial_Grass","Plant"
"5360","C","3","W","1",216,"TILA",0,0,"Annual_Forb","Plant"
"5361","C","3","W","1",216,"UNK1",0,0,"Annual_Forb","Plant"
"5362","C","3","W","1",216,"ATCO",0,0,"Shrub","Plant"
"5363","C","3","W","1",216,"HIJA",4,1.85185185185185,"Perennial_Grass","Plant"
"5364","C","3","W","1",216,"PlantBase",4,1.85185185185185,"Plant_Base","Plant"
"5365","C","3","W","1",216,"ACHY",34,15.7407407407407,"Perennial_Grass","Plant"
"5366","C","3","W","1",216,"Chamber",0,0,"Chamber","Abiotic_Cover"
"5367","C","3","W","1",216,"Rock",1,0.462962962962963,"Rock","Abiotic_Cover"
"5368","C","3","W","1",216,"Bare",0,0,"Bare_Ground","Abiotic_Cover"
"5369","C","3","W","2",167,"ANBR",0,0,"Annual_Forb","Plant"
"5370","C","3","W","2",167,"ASAM",0,0,"Annual_Forb","Plant"
"5371","C","3","W","2",167,"Bromus",30,17.9640718562874,"Annual_Grass","Plant"
"5372","C","3","W","2",167,"CHER",0,0,"Annual_Forb","Plant"
"5373","C","3","W","2",167,"CRYPT",0,0,"Annual_Forb","Plant"
"5374","C","3","W","2",167,"CYAC",1,0.598802395209581,"Annual_Forb","Plant"
"5375","C","3","W","2",167,"DEAN",0,0,"Annual_Forb","Plant"
"5376","C","3","W","2",167,"DEPI",1,0.598802395209581,"Annual_Forb","Plant"
"5377","C","3","W","2",167,"Dark",0,0,"DkCy","Biocrust"
"5378","C","3","W","2",167,"ENFR",0,0,"Annual_Forb","Plant"
"5379","C","3","W","2",167,"EPHED",0,0,"Shrub","Plant"
"5380","C","3","W","2",167,"EPTO",0,0,"Shrub","Plant"
"5381","C","3","W","2",167,"EPVI",0,0,"Shrub","Plant"
"5382","C","3","W","2",167,"ERIN",1,0.598802395209581,"Annual_Forb","Plant"
"5383","C","3","W","2",167,"FEOC",0,0,"Annual_Grass","Plant"
"5384","C","3","W","2",167,"GAPI",2,1.19760479041916,"Annual_Forb","Plant"
"5385","C","3","W","2",167,"GIIN",1,0.598802395209581,"Annual_Forb","Plant"
"5386","C","3","W","2",167,"GUSA",9,5.38922155688623,"Shrub","Plant"
"5387","C","3","W","2",167,"HECO",0,0,"Perennial_Grass","Plant"
"5388","C","3","W","2",167,"IPPO",0,0,"Annual_Forb","Plant"
"5389","C","3","W","2",167,"KRLA",0,0,"Shrub","Plant"
"5390","C","3","W","2",167,"LEMO",0,0,"Annual_Forb","Plant"
"5391","C","3","W","2",167,"LEOC",0,0,"Annual_Forb","Plant"
"5392","C","3","W","2",167,"LYGR",4,2.39520958083832,"Annual_Forb","Plant"
"5393","C","3","W","2",167,"Lichen",4,2.39520958083832,"Lichen","Biocrust"
"5394","C","3","W","2",167,"Light",50,29.940119760479,"LtCy","Biocrust"
"5395","C","3","W","2",167,"Litter",41,24.5508982035928,"Litter","Abiotic_Cover"
"5396","C","3","W","2",167,"MAAF",0,0,"Annual_Forb","Plant"
"5397","C","3","W","2",167,"Moss",9,5.38922155688623,"Moss","Biocrust"
"5398","C","3","W","2",167,"OECA",0,0,"Annual_Forb","Plant"
"5399","C","3","W","2",167,"OPUNT",0,0,"Cactus","Plant"
"5400","C","3","W","2",167,"PHCR",2,1.19760479041916,"Annual_Forb","Plant"
"5401","C","3","W","2",167,"PLPA",0,0,"Annual_Forb","Plant"
"5402","C","3","W","2",167,"SCWH",0,0,"Cactus","Plant"
"5403","C","3","W","2",167,"SPORO",0,0,"Perennial_Grass","Plant"
"5404","C","3","W","2",167,"TILA",0,0,"Annual_Forb","Plant"
"5405","C","3","W","2",167,"UNK1",0,0,"Annual_Forb","Plant"
"5406","C","3","W","2",167,"ATCO",0,0,"Shrub","Plant"
"5407","C","3","W","2",167,"HIJA",4,2.39520958083832,"Perennial_Grass","Plant"
"5408","C","3","W","2",167,"PlantBase",6,3.59281437125748,"Plant_Base","Plant"
"5409","C","3","W","2",167,"ACHY",0,0,"Perennial_Grass","Plant"
"5410","C","3","W","2",167,"Chamber",0,0,"Chamber","Abiotic_Cover"
"5411","C","3","W","2",167,"Rock",2,1.19760479041916,"Rock","Abiotic_Cover"
"5412","C","3","W","2",167,"Bare",0,0,"Bare_Ground","Abiotic_Cover"
"5413","C","3","W","3",218,"ANBR",0,0,"Annual_Forb","Plant"
"5414","C","3","W","3",218,"ASAM",0,0,"Annual_Forb","Plant"
"5415","C","3","W","3",218,"Bromus",83,38.0733944954128,"Annual_Grass","Plant"
"5416","C","3","W","3",218,"CHER",0,0,"Annual_Forb","Plant"
"5417","C","3","W","3",218,"CRYPT",0,0,"Annual_Forb","Plant"
"5418","C","3","W","3",218,"CYAC",1,0.458715596330275,"Annual_Forb","Plant"
"5419","C","3","W","3",218,"DEAN",0,0,"Annual_Forb","Plant"
"5420","C","3","W","3",218,"DEPI",0,0,"Annual_Forb","Plant"
"5421","C","3","W","3",218,"Dark",0,0,"DkCy","Biocrust"
"5422","C","3","W","3",218,"ENFR",0,0,"Annual_Forb","Plant"
"5423","C","3","W","3",218,"EPHED",0,0,"Shrub","Plant"
"5424","C","3","W","3",218,"EPTO",0,0,"Shrub","Plant"
"5425","C","3","W","3",218,"EPVI",0,0,"Shrub","Plant"
"5426","C","3","W","3",218,"ERIN",0,0,"Annual_Forb","Plant"
"5427","C","3","W","3",218,"FEOC",0,0,"Annual_Grass","Plant"
"5428","C","3","W","3",218,"GAPI",0,0,"Annual_Forb","Plant"
"5429","C","3","W","3",218,"GIIN",0,0,"Annual_Forb","Plant"
"5430","C","3","W","3",218,"GUSA",4,1.8348623853211,"Shrub","Plant"
"5431","C","3","W","3",218,"HECO",0,0,"Perennial_Grass","Plant"
"5432","C","3","W","3",218,"IPPO",0,0,"Annual_Forb","Plant"
"5433","C","3","W","3",218,"KRLA",0,0,"Shrub","Plant"
"5434","C","3","W","3",218,"LEMO",2,0.917431192660551,"Annual_Forb","Plant"
"5435","C","3","W","3",218,"LEOC",0,0,"Annual_Forb","Plant"
"5436","C","3","W","3",218,"LYGR",16,7.3394495412844,"Annual_Forb","Plant"
"5437","C","3","W","3",218,"Lichen",0,0,"Lichen","Biocrust"
"5438","C","3","W","3",218,"Light",7,3.21100917431193,"LtCy","Biocrust"
"5439","C","3","W","3",218,"Litter",85,38.9908256880734,"Litter","Abiotic_Cover"
"5440","C","3","W","3",218,"MAAF",0,0,"Annual_Forb","Plant"
"5441","C","3","W","3",218,"Moss",6,2.75229357798165,"Moss","Biocrust"
"5442","C","3","W","3",218,"OECA",0,0,"Annual_Forb","Plant"
"5443","C","3","W","3",218,"OPUNT",0,0,"Cactus","Plant"
"5444","C","3","W","3",218,"PHCR",0,0,"Annual_Forb","Plant"
"5445","C","3","W","3",218,"PLPA",0,0,"Annual_Forb","Plant"
"5446","C","3","W","3",218,"SCWH",0,0,"Cactus","Plant"
"5447","C","3","W","3",218,"SPORO",0,0,"Perennial_Grass","Plant"
"5448","C","3","W","3",218,"TILA",0,0,"Annual_Forb","Plant"
"5449","C","3","W","3",218,"UNK1",0,0,"Annual_Forb","Plant"
"5450","C","3","W","3",218,"ATCO",0,0,"Shrub","Plant"
"5451","C","3","W","3",218,"HIJA",2,0.917431192660551,"Perennial_Grass","Plant"
"5452","C","3","W","3",218,"PlantBase",6,2.75229357798165,"Plant_Base","Plant"
"5453","C","3","W","3",218,"ACHY",0,0,"Perennial_Grass","Plant"
"5454","C","3","W","3",218,"Chamber",0,0,"Chamber","Abiotic_Cover"
"5455","C","3","W","3",218,"Rock",6,2.75229357798165,"Rock","Abiotic_Cover"
"5456","C","3","W","3",218,"Bare",0,0,"Bare_Ground","Abiotic_Cover"
"5457","C","3","W","4",219,"ANBR",0,0,"Annual_Forb","Plant"
"5458","C","3","W","4",219,"ASAM",0,0,"Annual_Forb","Plant"
"5459","C","3","W","4",219,"Bromus",74,33.7899543378995,"Annual_Grass","Plant"
"5460","C","3","W","4",219,"CHER",0,0,"Annual_Forb","Plant"
"5461","C","3","W","4",219,"CRYPT",0,0,"Annual_Forb","Plant"
"5462","C","3","W","4",219,"CYAC",0,0,"Annual_Forb","Plant"
"5463","C","3","W","4",219,"DEAN",0,0,"Annual_Forb","Plant"
"5464","C","3","W","4",219,"DEPI",0,0,"Annual_Forb","Plant"
"5465","C","3","W","4",219,"Dark",0,0,"DkCy","Biocrust"
"5466","C","3","W","4",219,"ENFR",0,0,"Annual_Forb","Plant"
"5467","C","3","W","4",219,"EPHED",0,0,"Shrub","Plant"
"5468","C","3","W","4",219,"EPTO",0,0,"Shrub","Plant"
"5469","C","3","W","4",219,"EPVI",0,0,"Shrub","Plant"
"5470","C","3","W","4",219,"ERIN",0,0,"Annual_Forb","Plant"
"5471","C","3","W","4",219,"FEOC",0,0,"Annual_Grass","Plant"
"5472","C","3","W","4",219,"GAPI",3,1.36986301369863,"Annual_Forb","Plant"
"5473","C","3","W","4",219,"GIIN",0,0,"Annual_Forb","Plant"
"5474","C","3","W","4",219,"GUSA",12,5.47945205479452,"Shrub","Plant"
"5475","C","3","W","4",219,"HECO",0,0,"Perennial_Grass","Plant"
"5476","C","3","W","4",219,"IPPO",0,0,"Annual_Forb","Plant"
"5477","C","3","W","4",219,"KRLA",0,0,"Shrub","Plant"
"5478","C","3","W","4",219,"LEMO",0,0,"Annual_Forb","Plant"
"5479","C","3","W","4",219,"LEOC",0,0,"Annual_Forb","Plant"
"5480","C","3","W","4",219,"LYGR",2,0.91324200913242,"Annual_Forb","Plant"
"5481","C","3","W","4",219,"Lichen",1,0.45662100456621,"Lichen","Biocrust"
"5482","C","3","W","4",219,"Light",6,2.73972602739726,"LtCy","Biocrust"
"5483","C","3","W","4",219,"Litter",90,41.0958904109589,"Litter","Abiotic_Cover"
"5484","C","3","W","4",219,"MAAF",0,0,"Annual_Forb","Plant"
"5485","C","3","W","4",219,"Moss",13,5.93607305936073,"Moss","Biocrust"
"5486","C","3","W","4",219,"OECA",0,0,"Annual_Forb","Plant"
"5487","C","3","W","4",219,"OPUNT",0,0,"Cactus","Plant"
"5488","C","3","W","4",219,"PHCR",0,0,"Annual_Forb","Plant"
"5489","C","3","W","4",219,"PLPA",0,0,"Annual_Forb","Plant"
"5490","C","3","W","4",219,"SCWH",0,0,"Cactus","Plant"
"5491","C","3","W","4",219,"SPORO",8,3.65296803652968,"Perennial_Grass","Plant"
"5492","C","3","W","4",219,"TILA",0,0,"Annual_Forb","Plant"
"5493","C","3","W","4",219,"UNK1",0,0,"Annual_Forb","Plant"
"5494","C","3","W","4",219,"ATCO",0,0,"Shrub","Plant"
"5495","C","3","W","4",219,"HIJA",0,0,"Perennial_Grass","Plant"
"5496","C","3","W","4",219,"PlantBase",3,1.36986301369863,"Plant_Base","Plant"
"5497","C","3","W","4",219,"ACHY",0,0,"Perennial_Grass","Plant"
"5498","C","3","W","4",219,"Chamber",0,0,"Chamber","Abiotic_Cover"
"5499","C","3","W","4",219,"Rock",7,3.19634703196347,"Rock","Abiotic_Cover"
"5500","C","3","W","4",219,"Bare",0,0,"Bare_Ground","Abiotic_Cover"
"5501","C","4","C","1",265,"ANBR",0,0,"Annual_Forb","Plant"
"5502","C","4","C","1",265,"ASAM",0,0,"Annual_Forb","Plant"
"5503","C","4","C","1",265,"Bromus",95,35.8490566037736,"Annual_Grass","Plant"
"5504","C","4","C","1",265,"CHER",0,0,"Annual_Forb","Plant"
"5505","C","4","C","1",265,"CRYPT",0,0,"Annual_Forb","Plant"
"5506","C","4","C","1",265,"CYAC",0,0,"Annual_Forb","Plant"
"5507","C","4","C","1",265,"DEAN",0,0,"Annual_Forb","Plant"
"5508","C","4","C","1",265,"DEPI",1,0.377358490566038,"Annual_Forb","Plant"
"5509","C","4","C","1",265,"Dark",0,0,"DkCy","Biocrust"
"5510","C","4","C","1",265,"ENFR",0,0,"Annual_Forb","Plant"
"5511","C","4","C","1",265,"EPHED",0,0,"Shrub","Plant"
"5512","C","4","C","1",265,"EPTO",0,0,"Shrub","Plant"
"5513","C","4","C","1",265,"EPVI",0,0,"Shrub","Plant"
"5514","C","4","C","1",265,"ERIN",0,0,"Annual_Forb","Plant"
"5515","C","4","C","1",265,"FEOC",1,0.377358490566038,"Annual_Grass","Plant"
"5516","C","4","C","1",265,"GAPI",0,0,"Annual_Forb","Plant"
"5517","C","4","C","1",265,"GIIN",0,0,"Annual_Forb","Plant"
"5518","C","4","C","1",265,"GUSA",0,0,"Shrub","Plant"
"5519","C","4","C","1",265,"HECO",0,0,"Perennial_Grass","Plant"
"5520","C","4","C","1",265,"IPPO",0,0,"Annual_Forb","Plant"
"5521","C","4","C","1",265,"KRLA",0,0,"Shrub","Plant"
"5522","C","4","C","1",265,"LEMO",1,0.377358490566038,"Annual_Forb","Plant"
"5523","C","4","C","1",265,"LEOC",0,0,"Annual_Forb","Plant"
"5524","C","4","C","1",265,"LYGR",0,0,"Annual_Forb","Plant"
"5525","C","4","C","1",265,"Lichen",0,0,"Lichen","Biocrust"
"5526","C","4","C","1",265,"Light",2,0.754716981132076,"LtCy","Biocrust"
"5527","C","4","C","1",265,"Litter",94,35.4716981132075,"Litter","Abiotic_Cover"
"5528","C","4","C","1",265,"MAAF",0,0,"Annual_Forb","Plant"
"5529","C","4","C","1",265,"Moss",1,0.377358490566038,"Moss","Biocrust"
"5530","C","4","C","1",265,"OECA",0,0,"Annual_Forb","Plant"
"5531","C","4","C","1",265,"OPUNT",0,0,"Cactus","Plant"
"5532","C","4","C","1",265,"PHCR",0,0,"Annual_Forb","Plant"
"5533","C","4","C","1",265,"PLPA",0,0,"Annual_Forb","Plant"
"5534","C","4","C","1",265,"SCWH",0,0,"Cactus","Plant"
"5535","C","4","C","1",265,"SPORO",0,0,"Perennial_Grass","Plant"
"5536","C","4","C","1",265,"TILA",0,0,"Annual_Forb","Plant"
"5537","C","4","C","1",265,"UNK1",0,0,"Annual_Forb","Plant"
"5538","C","4","C","1",265,"ATCO",38,14.3396226415094,"Shrub","Plant"
"5539","C","4","C","1",265,"HIJA",10,3.77358490566038,"Perennial_Grass","Plant"
"5540","C","4","C","1",265,"PlantBase",13,4.90566037735849,"Plant_Base","Plant"
"5541","C","4","C","1",265,"ACHY",9,3.39622641509434,"Perennial_Grass","Plant"
"5542","C","4","C","1",265,"Chamber",0,0,"Chamber","Abiotic_Cover"
"5543","C","4","C","1",265,"Rock",0,0,"Rock","Abiotic_Cover"
"5544","C","4","C","1",265,"Bare",0,0,"Bare_Ground","Abiotic_Cover"
"5545","C","4","C","2",285,"ANBR",0,0,"Annual_Forb","Plant"
"5546","C","4","C","2",285,"ASAM",0,0,"Annual_Forb","Plant"
"5547","C","4","C","2",285,"Bromus",91,31.9298245614035,"Annual_Grass","Plant"
"5548","C","4","C","2",285,"CHER",0,0,"Annual_Forb","Plant"
"5549","C","4","C","2",285,"CRYPT",0,0,"Annual_Forb","Plant"
"5550","C","4","C","2",285,"CYAC",0,0,"Annual_Forb","Plant"
"5551","C","4","C","2",285,"DEAN",0,0,"Annual_Forb","Plant"
"5552","C","4","C","2",285,"DEPI",0,0,"Annual_Forb","Plant"
"5553","C","4","C","2",285,"Dark",0,0,"DkCy","Biocrust"
"5554","C","4","C","2",285,"ENFR",0,0,"Annual_Forb","Plant"
"5555","C","4","C","2",285,"EPHED",0,0,"Shrub","Plant"
"5556","C","4","C","2",285,"EPTO",0,0,"Shrub","Plant"
"5557","C","4","C","2",285,"EPVI",0,0,"Shrub","Plant"
"5558","C","4","C","2",285,"ERIN",0,0,"Annual_Forb","Plant"
"5559","C","4","C","2",285,"FEOC",1,0.350877192982456,"Annual_Grass","Plant"
"5560","C","4","C","2",285,"GAPI",4,1.40350877192982,"Annual_Forb","Plant"
"5561","C","4","C","2",285,"GIIN",0,0,"Annual_Forb","Plant"
"5562","C","4","C","2",285,"GUSA",0,0,"Shrub","Plant"
"5563","C","4","C","2",285,"HECO",0,0,"Perennial_Grass","Plant"
"5564","C","4","C","2",285,"IPPO",0,0,"Annual_Forb","Plant"
"5565","C","4","C","2",285,"KRLA",0,0,"Shrub","Plant"
"5566","C","4","C","2",285,"LEMO",0,0,"Annual_Forb","Plant"
"5567","C","4","C","2",285,"LEOC",0,0,"Annual_Forb","Plant"
"5568","C","4","C","2",285,"LYGR",0,0,"Annual_Forb","Plant"
"5569","C","4","C","2",285,"Lichen",0,0,"Lichen","Biocrust"
"5570","C","4","C","2",285,"Light",1,0.350877192982456,"LtCy","Biocrust"
"5571","C","4","C","2",285,"Litter",89,31.2280701754386,"Litter","Abiotic_Cover"
"5572","C","4","C","2",285,"MAAF",0,0,"Annual_Forb","Plant"
"5573","C","4","C","2",285,"Moss",0,0,"Moss","Biocrust"
"5574","C","4","C","2",285,"OECA",0,0,"Annual_Forb","Plant"
"5575","C","4","C","2",285,"OPUNT",0,0,"Cactus","Plant"
"5576","C","4","C","2",285,"PHCR",0,0,"Annual_Forb","Plant"
"5577","C","4","C","2",285,"PLPA",0,0,"Annual_Forb","Plant"
"5578","C","4","C","2",285,"SCWH",0,0,"Cactus","Plant"
"5579","C","4","C","2",285,"SPORO",0,0,"Perennial_Grass","Plant"
"5580","C","4","C","2",285,"TILA",0,0,"Annual_Forb","Plant"
"5581","C","4","C","2",285,"UNK1",0,0,"Annual_Forb","Plant"
"5582","C","4","C","2",285,"ATCO",45,15.7894736842105,"Shrub","Plant"
"5583","C","4","C","2",285,"HIJA",6,2.10526315789474,"Perennial_Grass","Plant"
"5584","C","4","C","2",285,"PlantBase",20,7.01754385964912,"Plant_Base","Plant"
"5585","C","4","C","2",285,"ACHY",28,9.82456140350877,"Perennial_Grass","Plant"
"5586","C","4","C","2",285,"Chamber",0,0,"Chamber","Abiotic_Cover"
"5587","C","4","C","2",285,"Rock",0,0,"Rock","Abiotic_Cover"
"5588","C","4","C","2",285,"Bare",0,0,"Bare_Ground","Abiotic_Cover"
"5589","C","4","C","3",259,"ANBR",0,0,"Annual_Forb","Plant"
"5590","C","4","C","3",259,"ASAM",0,0,"Annual_Forb","Plant"
"5591","C","4","C","3",259,"Bromus",92,35.5212355212355,"Annual_Grass","Plant"
"5592","C","4","C","3",259,"CHER",0,0,"Annual_Forb","Plant"
"5593","C","4","C","3",259,"CRYPT",0,0,"Annual_Forb","Plant"
"5594","C","4","C","3",259,"CYAC",0,0,"Annual_Forb","Plant"
"5595","C","4","C","3",259,"DEAN",0,0,"Annual_Forb","Plant"
"5596","C","4","C","3",259,"DEPI",0,0,"Annual_Forb","Plant"
"5597","C","4","C","3",259,"Dark",5,1.93050193050193,"DkCy","Biocrust"
"5598","C","4","C","3",259,"ENFR",0,0,"Annual_Forb","Plant"
"5599","C","4","C","3",259,"EPHED",0,0,"Shrub","Plant"
"5600","C","4","C","3",259,"EPTO",0,0,"Shrub","Plant"
"5601","C","4","C","3",259,"EPVI",0,0,"Shrub","Plant"
"5602","C","4","C","3",259,"ERIN",0,0,"Annual_Forb","Plant"
"5603","C","4","C","3",259,"FEOC",0,0,"Annual_Grass","Plant"
"5604","C","4","C","3",259,"GAPI",1,0.386100386100386,"Annual_Forb","Plant"
"5605","C","4","C","3",259,"GIIN",0,0,"Annual_Forb","Plant"
"5606","C","4","C","3",259,"GUSA",0,0,"Shrub","Plant"
"5607","C","4","C","3",259,"HECO",0,0,"Perennial_Grass","Plant"
"5608","C","4","C","3",259,"IPPO",0,0,"Annual_Forb","Plant"
"5609","C","4","C","3",259,"KRLA",0,0,"Shrub","Plant"
"5610","C","4","C","3",259,"LEMO",0,0,"Annual_Forb","Plant"
"5611","C","4","C","3",259,"LEOC",0,0,"Annual_Forb","Plant"
"5612","C","4","C","3",259,"LYGR",0,0,"Annual_Forb","Plant"
"5613","C","4","C","3",259,"Lichen",0,0,"Lichen","Biocrust"
"5614","C","4","C","3",259,"Light",3,1.15830115830116,"LtCy","Biocrust"
"5615","C","4","C","3",259,"Litter",62,23.9382239382239,"Litter","Abiotic_Cover"
"5616","C","4","C","3",259,"MAAF",0,0,"Annual_Forb","Plant"
"5617","C","4","C","3",259,"Moss",44,16.988416988417,"Moss","Biocrust"
"5618","C","4","C","3",259,"OECA",0,0,"Annual_Forb","Plant"
"5619","C","4","C","3",259,"OPUNT",0,0,"Cactus","Plant"
"5620","C","4","C","3",259,"PHCR",0,0,"Annual_Forb","Plant"
"5621","C","4","C","3",259,"PLPA",0,0,"Annual_Forb","Plant"
"5622","C","4","C","3",259,"SCWH",0,0,"Cactus","Plant"
"5623","C","4","C","3",259,"SPORO",0,0,"Perennial_Grass","Plant"
"5624","C","4","C","3",259,"TILA",0,0,"Annual_Forb","Plant"
"5625","C","4","C","3",259,"UNK1",0,0,"Annual_Forb","Plant"
"5626","C","4","C","3",259,"ATCO",0,0,"Shrub","Plant"
"5627","C","4","C","3",259,"HIJA",30,11.5830115830116,"Perennial_Grass","Plant"
"5628","C","4","C","3",259,"PlantBase",19,7.33590733590734,"Plant_Base","Plant"
"5629","C","4","C","3",259,"ACHY",3,1.15830115830116,"Perennial_Grass","Plant"
"5630","C","4","C","3",259,"Chamber",0,0,"Chamber","Abiotic_Cover"
"5631","C","4","C","3",259,"Rock",0,0,"Rock","Abiotic_Cover"
"5632","C","4","C","3",259,"Bare",0,0,"Bare_Ground","Abiotic_Cover"
"5633","C","4","C","4",275,"ANBR",0,0,"Annual_Forb","Plant"
"5634","C","4","C","4",275,"ASAM",0,0,"Annual_Forb","Plant"
"5635","C","4","C","4",275,"Bromus",119,43.2727272727273,"Annual_Grass","Plant"
"5636","C","4","C","4",275,"CHER",0,0,"Annual_Forb","Plant"
"5637","C","4","C","4",275,"CRYPT",0,0,"Annual_Forb","Plant"
"5638","C","4","C","4",275,"CYAC",0,0,"Annual_Forb","Plant"
"5639","C","4","C","4",275,"DEAN",0,0,"Annual_Forb","Plant"
"5640","C","4","C","4",275,"DEPI",0,0,"Annual_Forb","Plant"
"5641","C","4","C","4",275,"Dark",0,0,"DkCy","Biocrust"
"5642","C","4","C","4",275,"ENFR",0,0,"Annual_Forb","Plant"
"5643","C","4","C","4",275,"EPHED",0,0,"Shrub","Plant"
"5644","C","4","C","4",275,"EPTO",0,0,"Shrub","Plant"
"5645","C","4","C","4",275,"EPVI",0,0,"Shrub","Plant"
"5646","C","4","C","4",275,"ERIN",0,0,"Annual_Forb","Plant"
"5647","C","4","C","4",275,"FEOC",3,1.09090909090909,"Annual_Grass","Plant"
"5648","C","4","C","4",275,"GAPI",4,1.45454545454545,"Annual_Forb","Plant"
"5649","C","4","C","4",275,"GIIN",0,0,"Annual_Forb","Plant"
"5650","C","4","C","4",275,"GUSA",0,0,"Shrub","Plant"
"5651","C","4","C","4",275,"HECO",0,0,"Perennial_Grass","Plant"
"5652","C","4","C","4",275,"IPPO",1,0.363636363636364,"Annual_Forb","Plant"
"5653","C","4","C","4",275,"KRLA",0,0,"Shrub","Plant"
"5654","C","4","C","4",275,"LEMO",1,0.363636363636364,"Annual_Forb","Plant"
"5655","C","4","C","4",275,"LEOC",0,0,"Annual_Forb","Plant"
"5656","C","4","C","4",275,"LYGR",0,0,"Annual_Forb","Plant"
"5657","C","4","C","4",275,"Lichen",1,0.363636363636364,"Lichen","Biocrust"
"5658","C","4","C","4",275,"Light",9,3.27272727272727,"LtCy","Biocrust"
"5659","C","4","C","4",275,"Litter",70,25.4545454545455,"Litter","Abiotic_Cover"
"5660","C","4","C","4",275,"MAAF",0,0,"Annual_Forb","Plant"
"5661","C","4","C","4",275,"Moss",41,14.9090909090909,"Moss","Biocrust"
"5662","C","4","C","4",275,"OECA",0,0,"Annual_Forb","Plant"
"5663","C","4","C","4",275,"OPUNT",0,0,"Cactus","Plant"
"5664","C","4","C","4",275,"PHCR",0,0,"Annual_Forb","Plant"
"5665","C","4","C","4",275,"PLPA",0,0,"Annual_Forb","Plant"
"5666","C","4","C","4",275,"SCWH",0,0,"Cactus","Plant"
"5667","C","4","C","4",275,"SPORO",0,0,"Perennial_Grass","Plant"
"5668","C","4","C","4",275,"TILA",0,0,"Annual_Forb","Plant"
"5669","C","4","C","4",275,"UNK1",0,0,"Annual_Forb","Plant"
"5670","C","4","C","4",275,"ATCO",0,0,"Shrub","Plant"
"5671","C","4","C","4",275,"HIJA",8,2.90909090909091,"Perennial_Grass","Plant"
"5672","C","4","C","4",275,"PlantBase",11,4,"Plant_Base","Plant"
"5673","C","4","C","4",275,"ACHY",7,2.54545454545455,"Perennial_Grass","Plant"
"5674","C","4","C","4",275,"Chamber",0,0,"Chamber","Abiotic_Cover"
"5675","C","4","C","4",275,"Rock",0,0,"Rock","Abiotic_Cover"
"5676","C","4","C","4",275,"Bare",0,0,"Bare_Ground","Abiotic_Cover"
"5677","C","4","L","1",289,"ANBR",0,0,"Annual_Forb","Plant"
"5678","C","4","L","1",289,"ASAM",0,0,"Annual_Forb","Plant"
"5679","C","4","L","1",289,"Bromus",97,33.5640138408304,"Annual_Grass","Plant"
"5680","C","4","L","1",289,"CHER",0,0,"Annual_Forb","Plant"
"5681","C","4","L","1",289,"CRYPT",0,0,"Annual_Forb","Plant"
"5682","C","4","L","1",289,"CYAC",0,0,"Annual_Forb","Plant"
"5683","C","4","L","1",289,"DEAN",0,0,"Annual_Forb","Plant"
"5684","C","4","L","1",289,"DEPI",2,0.69204152249135,"Annual_Forb","Plant"
"5685","C","4","L","1",289,"Dark",1,0.346020761245675,"DkCy","Biocrust"
"5686","C","4","L","1",289,"ENFR",0,0,"Annual_Forb","Plant"
"5687","C","4","L","1",289,"EPHED",0,0,"Shrub","Plant"
"5688","C","4","L","1",289,"EPTO",43,14.878892733564,"Shrub","Plant"
"5689","C","4","L","1",289,"EPVI",0,0,"Shrub","Plant"
"5690","C","4","L","1",289,"ERIN",0,0,"Annual_Forb","Plant"
"5691","C","4","L","1",289,"FEOC",0,0,"Annual_Grass","Plant"
"5692","C","4","L","1",289,"GAPI",2,0.69204152249135,"Annual_Forb","Plant"
"5693","C","4","L","1",289,"GIIN",0,0,"Annual_Forb","Plant"
"5694","C","4","L","1",289,"GUSA",0,0,"Shrub","Plant"
"5695","C","4","L","1",289,"HECO",0,0,"Perennial_Grass","Plant"
"5696","C","4","L","1",289,"IPPO",0,0,"Annual_Forb","Plant"
"5697","C","4","L","1",289,"KRLA",0,0,"Shrub","Plant"
"5698","C","4","L","1",289,"LEMO",0,0,"Annual_Forb","Plant"
"5699","C","4","L","1",289,"LEOC",0,0,"Annual_Forb","Plant"
"5700","C","4","L","1",289,"LYGR",0,0,"Annual_Forb","Plant"
"5701","C","4","L","1",289,"Lichen",0,0,"Lichen","Biocrust"
"5702","C","4","L","1",289,"Light",6,2.07612456747405,"LtCy","Biocrust"
"5703","C","4","L","1",289,"Litter",93,32.1799307958478,"Litter","Abiotic_Cover"
"5704","C","4","L","1",289,"MAAF",0,0,"Annual_Forb","Plant"
"5705","C","4","L","1",289,"Moss",10,3.46020761245675,"Moss","Biocrust"
"5706","C","4","L","1",289,"OECA",0,0,"Annual_Forb","Plant"
"5707","C","4","L","1",289,"OPUNT",0,0,"Cactus","Plant"
"5708","C","4","L","1",289,"PHCR",0,0,"Annual_Forb","Plant"
"5709","C","4","L","1",289,"PLPA",0,0,"Annual_Forb","Plant"
"5710","C","4","L","1",289,"SCWH",0,0,"Cactus","Plant"
"5711","C","4","L","1",289,"SPORO",0,0,"Perennial_Grass","Plant"
"5712","C","4","L","1",289,"TILA",0,0,"Annual_Forb","Plant"
"5713","C","4","L","1",289,"UNK1",0,0,"Annual_Forb","Plant"
"5714","C","4","L","1",289,"ATCO",0,0,"Shrub","Plant"
"5715","C","4","L","1",289,"HIJA",3,1.03806228373702,"Perennial_Grass","Plant"
"5716","C","4","L","1",289,"PlantBase",10,3.46020761245675,"Plant_Base","Plant"
"5717","C","4","L","1",289,"ACHY",21,7.26643598615917,"Perennial_Grass","Plant"
"5718","C","4","L","1",289,"Chamber",0,0,"Chamber","Abiotic_Cover"
"5719","C","4","L","1",289,"Rock",1,0.346020761245675,"Rock","Abiotic_Cover"
"5720","C","4","L","1",289,"Bare",0,0,"Bare_Ground","Abiotic_Cover"
"5721","C","4","L","2",233,"ANBR",0,0,"Annual_Forb","Plant"
"5722","C","4","L","2",233,"ASAM",0,0,"Annual_Forb","Plant"
"5723","C","4","L","2",233,"Bromus",95,40.7725321888412,"Annual_Grass","Plant"
"5724","C","4","L","2",233,"CHER",0,0,"Annual_Forb","Plant"
"5725","C","4","L","2",233,"CRYPT",0,0,"Annual_Forb","Plant"
"5726","C","4","L","2",233,"CYAC",0,0,"Annual_Forb","Plant"
"5727","C","4","L","2",233,"DEAN",0,0,"Annual_Forb","Plant"
"5728","C","4","L","2",233,"DEPI",1,0.429184549356223,"Annual_Forb","Plant"
"5729","C","4","L","2",233,"Dark",8,3.43347639484979,"DkCy","Biocrust"
"5730","C","4","L","2",233,"ENFR",0,0,"Annual_Forb","Plant"
"5731","C","4","L","2",233,"EPHED",0,0,"Shrub","Plant"
"5732","C","4","L","2",233,"EPTO",0,0,"Shrub","Plant"
"5733","C","4","L","2",233,"EPVI",0,0,"Shrub","Plant"
"5734","C","4","L","2",233,"ERIN",0,0,"Annual_Forb","Plant"
"5735","C","4","L","2",233,"FEOC",0,0,"Annual_Grass","Plant"
"5736","C","4","L","2",233,"GAPI",8,3.43347639484979,"Annual_Forb","Plant"
"5737","C","4","L","2",233,"GIIN",0,0,"Annual_Forb","Plant"
"5738","C","4","L","2",233,"GUSA",0,0,"Shrub","Plant"
"5739","C","4","L","2",233,"HECO",0,0,"Perennial_Grass","Plant"
"5740","C","4","L","2",233,"IPPO",0,0,"Annual_Forb","Plant"
"5741","C","4","L","2",233,"KRLA",0,0,"Shrub","Plant"
"5742","C","4","L","2",233,"LEMO",0,0,"Annual_Forb","Plant"
"5743","C","4","L","2",233,"LEOC",0,0,"Annual_Forb","Plant"
"5744","C","4","L","2",233,"LYGR",0,0,"Annual_Forb","Plant"
"5745","C","4","L","2",233,"Lichen",2,0.858369098712446,"Lichen","Biocrust"
"5746","C","4","L","2",233,"Light",26,11.1587982832618,"LtCy","Biocrust"
"5747","C","4","L","2",233,"Litter",51,21.8884120171674,"Litter","Abiotic_Cover"
"5748","C","4","L","2",233,"MAAF",0,0,"Annual_Forb","Plant"
"5749","C","4","L","2",233,"Moss",6,2.57510729613734,"Moss","Biocrust"
"5750","C","4","L","2",233,"OECA",0,0,"Annual_Forb","Plant"
"5751","C","4","L","2",233,"OPUNT",0,0,"Cactus","Plant"
"5752","C","4","L","2",233,"PHCR",0,0,"Annual_Forb","Plant"
"5753","C","4","L","2",233,"PLPA",0,0,"Annual_Forb","Plant"
"5754","C","4","L","2",233,"SCWH",0,0,"Cactus","Plant"
"5755","C","4","L","2",233,"SPORO",0,0,"Perennial_Grass","Plant"
"5756","C","4","L","2",233,"TILA",0,0,"Annual_Forb","Plant"
"5757","C","4","L","2",233,"UNK1",0,0,"Annual_Forb","Plant"
"5758","C","4","L","2",233,"ATCO",0,0,"Shrub","Plant"
"5759","C","4","L","2",233,"HIJA",1,0.429184549356223,"Perennial_Grass","Plant"
"5760","C","4","L","2",233,"PlantBase",18,7.72532188841202,"Plant_Base","Plant"
"5761","C","4","L","2",233,"ACHY",17,7.29613733905579,"Perennial_Grass","Plant"
"5762","C","4","L","2",233,"Chamber",0,0,"Chamber","Abiotic_Cover"
"5763","C","4","L","2",233,"Rock",0,0,"Rock","Abiotic_Cover"
"5764","C","4","L","2",233,"Bare",0,0,"Bare_Ground","Abiotic_Cover"
"5765","C","4","L","3",263,"ANBR",0,0,"Annual_Forb","Plant"
"5766","C","4","L","3",263,"ASAM",0,0,"Annual_Forb","Plant"
"5767","C","4","L","3",263,"Bromus",99,37.6425855513308,"Annual_Grass","Plant"
"5768","C","4","L","3",263,"CHER",0,0,"Annual_Forb","Plant"
"5769","C","4","L","3",263,"CRYPT",2,0.760456273764259,"Annual_Forb","Plant"
"5770","C","4","L","3",263,"CYAC",0,0,"Annual_Forb","Plant"
"5771","C","4","L","3",263,"DEAN",0,0,"Annual_Forb","Plant"
"5772","C","4","L","3",263,"DEPI",0,0,"Annual_Forb","Plant"
"5773","C","4","L","3",263,"Dark",13,4.94296577946768,"DkCy","Biocrust"
"5774","C","4","L","3",263,"ENFR",0,0,"Annual_Forb","Plant"
"5775","C","4","L","3",263,"EPHED",0,0,"Shrub","Plant"
"5776","C","4","L","3",263,"EPTO",0,0,"Shrub","Plant"
"5777","C","4","L","3",263,"EPVI",0,0,"Shrub","Plant"
"5778","C","4","L","3",263,"ERIN",0,0,"Annual_Forb","Plant"
"5779","C","4","L","3",263,"FEOC",0,0,"Annual_Grass","Plant"
"5780","C","4","L","3",263,"GAPI",3,1.14068441064639,"Annual_Forb","Plant"
"5781","C","4","L","3",263,"GIIN",0,0,"Annual_Forb","Plant"
"5782","C","4","L","3",263,"GUSA",0,0,"Shrub","Plant"
"5783","C","4","L","3",263,"HECO",0,0,"Perennial_Grass","Plant"
"5784","C","4","L","3",263,"IPPO",1,0.380228136882129,"Annual_Forb","Plant"
"5785","C","4","L","3",263,"KRLA",4,1.52091254752852,"Shrub","Plant"
"5786","C","4","L","3",263,"LEMO",0,0,"Annual_Forb","Plant"
"5787","C","4","L","3",263,"LEOC",0,0,"Annual_Forb","Plant"
"5788","C","4","L","3",263,"LYGR",0,0,"Annual_Forb","Plant"
"5789","C","4","L","3",263,"Lichen",6,2.28136882129278,"Lichen","Biocrust"
"5790","C","4","L","3",263,"Light",19,7.22433460076046,"LtCy","Biocrust"
"5791","C","4","L","3",263,"Litter",59,22.4334600760456,"Litter","Abiotic_Cover"
"5792","C","4","L","3",263,"MAAF",0,0,"Annual_Forb","Plant"
"5793","C","4","L","3",263,"Moss",17,6.4638783269962,"Moss","Biocrust"
"5794","C","4","L","3",263,"OECA",0,0,"Annual_Forb","Plant"
"5795","C","4","L","3",263,"OPUNT",0,0,"Cactus","Plant"
"5796","C","4","L","3",263,"PHCR",0,0,"Annual_Forb","Plant"
"5797","C","4","L","3",263,"PLPA",0,0,"Annual_Forb","Plant"
"5798","C","4","L","3",263,"SCWH",0,0,"Cactus","Plant"
"5799","C","4","L","3",263,"SPORO",0,0,"Perennial_Grass","Plant"
"5800","C","4","L","3",263,"TILA",0,0,"Annual_Forb","Plant"
"5801","C","4","L","3",263,"UNK1",0,0,"Annual_Forb","Plant"
"5802","C","4","L","3",263,"ATCO",7,2.6615969581749,"Shrub","Plant"
"5803","C","4","L","3",263,"HIJA",12,4.56273764258555,"Perennial_Grass","Plant"
"5804","C","4","L","3",263,"PlantBase",21,7.98479087452472,"Plant_Base","Plant"
"5805","C","4","L","3",263,"ACHY",0,0,"Perennial_Grass","Plant"
"5806","C","4","L","3",263,"Chamber",0,0,"Chamber","Abiotic_Cover"
"5807","C","4","L","3",263,"Rock",0,0,"Rock","Abiotic_Cover"
"5808","C","4","L","3",263,"Bare",0,0,"Bare_Ground","Abiotic_Cover"
"5809","C","4","L","4",293,"ANBR",0,0,"Annual_Forb","Plant"
"5810","C","4","L","4",293,"ASAM",0,0,"Annual_Forb","Plant"
"5811","C","4","L","4",293,"Bromus",108,36.8600682593857,"Annual_Grass","Plant"
"5812","C","4","L","4",293,"CHER",0,0,"Annual_Forb","Plant"
"5813","C","4","L","4",293,"CRYPT",0,0,"Annual_Forb","Plant"
"5814","C","4","L","4",293,"CYAC",1,0.341296928327645,"Annual_Forb","Plant"
"5815","C","4","L","4",293,"DEAN",0,0,"Annual_Forb","Plant"
"5816","C","4","L","4",293,"DEPI",0,0,"Annual_Forb","Plant"
"5817","C","4","L","4",293,"Dark",4,1.36518771331058,"DkCy","Biocrust"
"5818","C","4","L","4",293,"ENFR",0,0,"Annual_Forb","Plant"
"5819","C","4","L","4",293,"EPHED",0,0,"Shrub","Plant"
"5820","C","4","L","4",293,"EPTO",0,0,"Shrub","Plant"
"5821","C","4","L","4",293,"EPVI",0,0,"Shrub","Plant"
"5822","C","4","L","4",293,"ERIN",0,0,"Annual_Forb","Plant"
"5823","C","4","L","4",293,"FEOC",0,0,"Annual_Grass","Plant"
"5824","C","4","L","4",293,"GAPI",13,4.43686006825939,"Annual_Forb","Plant"
"5825","C","4","L","4",293,"GIIN",0,0,"Annual_Forb","Plant"
"5826","C","4","L","4",293,"GUSA",0,0,"Shrub","Plant"
"5827","C","4","L","4",293,"HECO",0,0,"Perennial_Grass","Plant"
"5828","C","4","L","4",293,"IPPO",0,0,"Annual_Forb","Plant"
"5829","C","4","L","4",293,"KRLA",0,0,"Shrub","Plant"
"5830","C","4","L","4",293,"LEMO",0,0,"Annual_Forb","Plant"
"5831","C","4","L","4",293,"LEOC",0,0,"Annual_Forb","Plant"
"5832","C","4","L","4",293,"LYGR",0,0,"Annual_Forb","Plant"
"5833","C","4","L","4",293,"Lichen",5,1.70648464163823,"Lichen","Biocrust"
"5834","C","4","L","4",293,"Light",12,4.09556313993174,"LtCy","Biocrust"
"5835","C","4","L","4",293,"Litter",94,32.0819112627986,"Litter","Abiotic_Cover"
"5836","C","4","L","4",293,"MAAF",0,0,"Annual_Forb","Plant"
"5837","C","4","L","4",293,"Moss",5,1.70648464163823,"Moss","Biocrust"
"5838","C","4","L","4",293,"OECA",0,0,"Annual_Forb","Plant"
"5839","C","4","L","4",293,"OPUNT",0,0,"Cactus","Plant"
"5840","C","4","L","4",293,"PHCR",0,0,"Annual_Forb","Plant"
"5841","C","4","L","4",293,"PLPA",0,0,"Annual_Forb","Plant"
"5842","C","4","L","4",293,"SCWH",0,0,"Cactus","Plant"
"5843","C","4","L","4",293,"SPORO",0,0,"Perennial_Grass","Plant"
"5844","C","4","L","4",293,"TILA",0,0,"Annual_Forb","Plant"
"5845","C","4","L","4",293,"UNK1",0,0,"Annual_Forb","Plant"
"5846","C","4","L","4",293,"ATCO",30,10.2389078498294,"Shrub","Plant"
"5847","C","4","L","4",293,"HIJA",11,3.7542662116041,"Perennial_Grass","Plant"
"5848","C","4","L","4",293,"PlantBase",10,3.41296928327645,"Plant_Base","Plant"
"5849","C","4","L","4",293,"ACHY",0,0,"Perennial_Grass","Plant"
"5850","C","4","L","4",293,"Chamber",0,0,"Chamber","Abiotic_Cover"
"5851","C","4","L","4",293,"Rock",0,0,"Rock","Abiotic_Cover"
"5852","C","4","L","4",293,"Bare",0,0,"Bare_Ground","Abiotic_Cover"
"5853","C","4","LW","1",241,"ANBR",0,0,"Annual_Forb","Plant"
"5854","C","4","LW","1",241,"ASAM",0,0,"Annual_Forb","Plant"
"5855","C","4","LW","1",241,"Bromus",87,36.0995850622407,"Annual_Grass","Plant"
"5856","C","4","LW","1",241,"CHER",0,0,"Annual_Forb","Plant"
"5857","C","4","LW","1",241,"CRYPT",0,0,"Annual_Forb","Plant"
"5858","C","4","LW","1",241,"CYAC",0,0,"Annual_Forb","Plant"
"5859","C","4","LW","1",241,"DEAN",0,0,"Annual_Forb","Plant"
"5860","C","4","LW","1",241,"DEPI",3,1.2448132780083,"Annual_Forb","Plant"
"5861","C","4","LW","1",241,"Dark",0,0,"DkCy","Biocrust"
"5862","C","4","LW","1",241,"ENFR",0,0,"Annual_Forb","Plant"
"5863","C","4","LW","1",241,"EPHED",0,0,"Shrub","Plant"
"5864","C","4","LW","1",241,"EPTO",0,0,"Shrub","Plant"
"5865","C","4","LW","1",241,"EPVI",0,0,"Shrub","Plant"
"5866","C","4","LW","1",241,"ERIN",0,0,"Annual_Forb","Plant"
"5867","C","4","LW","1",241,"FEOC",1,0.4149377593361,"Annual_Grass","Plant"
"5868","C","4","LW","1",241,"GAPI",1,0.4149377593361,"Annual_Forb","Plant"
"5869","C","4","LW","1",241,"GIIN",1,0.4149377593361,"Annual_Forb","Plant"
"5870","C","4","LW","1",241,"GUSA",0,0,"Shrub","Plant"
"5871","C","4","LW","1",241,"HECO",0,0,"Perennial_Grass","Plant"
"5872","C","4","LW","1",241,"IPPO",0,0,"Annual_Forb","Plant"
"5873","C","4","LW","1",241,"KRLA",0,0,"Shrub","Plant"
"5874","C","4","LW","1",241,"LEMO",0,0,"Annual_Forb","Plant"
"5875","C","4","LW","1",241,"LEOC",0,0,"Annual_Forb","Plant"
"5876","C","4","LW","1",241,"LYGR",0,0,"Annual_Forb","Plant"
"5877","C","4","LW","1",241,"Lichen",5,2.0746887966805,"Lichen","Biocrust"
"5878","C","4","LW","1",241,"Light",21,8.71369294605809,"LtCy","Biocrust"
"5879","C","4","LW","1",241,"Litter",64,26.5560165975104,"Litter","Abiotic_Cover"
"5880","C","4","LW","1",241,"MAAF",1,0.4149377593361,"Annual_Forb","Plant"
"5881","C","4","LW","1",241,"Moss",15,6.22406639004149,"Moss","Biocrust"
"5882","C","4","LW","1",241,"OECA",0,0,"Annual_Forb","Plant"
"5883","C","4","LW","1",241,"OPUNT",0,0,"Cactus","Plant"
"5884","C","4","LW","1",241,"PHCR",0,0,"Annual_Forb","Plant"
"5885","C","4","LW","1",241,"PLPA",0,0,"Annual_Forb","Plant"
"5886","C","4","LW","1",241,"SCWH",0,0,"Cactus","Plant"
"5887","C","4","LW","1",241,"SPORO",0,0,"Perennial_Grass","Plant"
"5888","C","4","LW","1",241,"TILA",0,0,"Annual_Forb","Plant"
"5889","C","4","LW","1",241,"UNK1",0,0,"Annual_Forb","Plant"
"5890","C","4","LW","1",241,"ATCO",14,5.80912863070539,"Shrub","Plant"
"5891","C","4","LW","1",241,"HIJA",4,1.6597510373444,"Perennial_Grass","Plant"
"5892","C","4","LW","1",241,"PlantBase",16,6.63900414937759,"Plant_Base","Plant"
"5893","C","4","LW","1",241,"ACHY",7,2.9045643153527,"Perennial_Grass","Plant"
"5894","C","4","LW","1",241,"Chamber",0,0,"Chamber","Abiotic_Cover"
"5895","C","4","LW","1",241,"Rock",1,0.4149377593361,"Rock","Abiotic_Cover"
"5896","C","4","LW","1",241,"Bare",0,0,"Bare_Ground","Abiotic_Cover"
"5897","C","4","LW","2",205,"ANBR",0,0,"Annual_Forb","Plant"
"5898","C","4","LW","2",205,"ASAM",0,0,"Annual_Forb","Plant"
"5899","C","4","LW","2",205,"Bromus",81,39.5121951219512,"Annual_Grass","Plant"
"5900","C","4","LW","2",205,"CHER",0,0,"Annual_Forb","Plant"
"5901","C","4","LW","2",205,"CRYPT",0,0,"Annual_Forb","Plant"
"5902","C","4","LW","2",205,"CYAC",2,0.975609756097561,"Annual_Forb","Plant"
"5903","C","4","LW","2",205,"DEAN",2,0.975609756097561,"Annual_Forb","Plant"
"5904","C","4","LW","2",205,"DEPI",0,0,"Annual_Forb","Plant"
"5905","C","4","LW","2",205,"Dark",0,0,"DkCy","Biocrust"
"5906","C","4","LW","2",205,"ENFR",0,0,"Annual_Forb","Plant"
"5907","C","4","LW","2",205,"EPHED",0,0,"Shrub","Plant"
"5908","C","4","LW","2",205,"EPTO",0,0,"Shrub","Plant"
"5909","C","4","LW","2",205,"EPVI",0,0,"Shrub","Plant"
"5910","C","4","LW","2",205,"ERIN",0,0,"Annual_Forb","Plant"
"5911","C","4","LW","2",205,"FEOC",0,0,"Annual_Grass","Plant"
"5912","C","4","LW","2",205,"GAPI",3,1.46341463414634,"Annual_Forb","Plant"
"5913","C","4","LW","2",205,"GIIN",0,0,"Annual_Forb","Plant"
"5914","C","4","LW","2",205,"GUSA",0,0,"Shrub","Plant"
"5915","C","4","LW","2",205,"HECO",0,0,"Perennial_Grass","Plant"
"5916","C","4","LW","2",205,"IPPO",0,0,"Annual_Forb","Plant"
"5917","C","4","LW","2",205,"KRLA",0,0,"Shrub","Plant"
"5918","C","4","LW","2",205,"LEMO",0,0,"Annual_Forb","Plant"
"5919","C","4","LW","2",205,"LEOC",0,0,"Annual_Forb","Plant"
"5920","C","4","LW","2",205,"LYGR",0,0,"Annual_Forb","Plant"
"5921","C","4","LW","2",205,"Lichen",9,4.39024390243902,"Lichen","Biocrust"
"5922","C","4","LW","2",205,"Light",24,11.7073170731707,"LtCy","Biocrust"
"5923","C","4","LW","2",205,"Litter",52,25.3658536585366,"Litter","Abiotic_Cover"
"5924","C","4","LW","2",205,"MAAF",0,0,"Annual_Forb","Plant"
"5925","C","4","LW","2",205,"Moss",20,9.75609756097561,"Moss","Biocrust"
"5926","C","4","LW","2",205,"OECA",0,0,"Annual_Forb","Plant"
"5927","C","4","LW","2",205,"OPUNT",0,0,"Cactus","Plant"
"5928","C","4","LW","2",205,"PHCR",1,0.48780487804878,"Annual_Forb","Plant"
"5929","C","4","LW","2",205,"PLPA",0,0,"Annual_Forb","Plant"
"5930","C","4","LW","2",205,"SCWH",0,0,"Cactus","Plant"
"5931","C","4","LW","2",205,"SPORO",0,0,"Perennial_Grass","Plant"
"5932","C","4","LW","2",205,"TILA",0,0,"Annual_Forb","Plant"
"5933","C","4","LW","2",205,"UNK1",0,0,"Annual_Forb","Plant"
"5934","C","4","LW","2",205,"ATCO",0,0,"Shrub","Plant"
"5935","C","4","LW","2",205,"HIJA",0,0,"Perennial_Grass","Plant"
"5936","C","4","LW","2",205,"PlantBase",7,3.41463414634146,"Plant_Base","Plant"
"5937","C","4","LW","2",205,"ACHY",2,0.975609756097561,"Perennial_Grass","Plant"
"5938","C","4","LW","2",205,"Chamber",0,0,"Chamber","Abiotic_Cover"
"5939","C","4","LW","2",205,"Rock",2,0.975609756097561,"Rock","Abiotic_Cover"
"5940","C","4","LW","2",205,"Bare",0,0,"Bare_Ground","Abiotic_Cover"
"5941","C","4","LW","3",234,"ANBR",0,0,"Annual_Forb","Plant"
"5942","C","4","LW","3",234,"ASAM",0,0,"Annual_Forb","Plant"
"5943","C","4","LW","3",234,"Bromus",77,32.9059829059829,"Annual_Grass","Plant"
"5944","C","4","LW","3",234,"CHER",0,0,"Annual_Forb","Plant"
"5945","C","4","LW","3",234,"CRYPT",0,0,"Annual_Forb","Plant"
"5946","C","4","LW","3",234,"CYAC",1,0.427350427350427,"Annual_Forb","Plant"
"5947","C","4","LW","3",234,"DEAN",0,0,"Annual_Forb","Plant"
"5948","C","4","LW","3",234,"DEPI",0,0,"Annual_Forb","Plant"
"5949","C","4","LW","3",234,"Dark",0,0,"DkCy","Biocrust"
"5950","C","4","LW","3",234,"ENFR",0,0,"Annual_Forb","Plant"
"5951","C","4","LW","3",234,"EPHED",0,0,"Shrub","Plant"
"5952","C","4","LW","3",234,"EPTO",0,0,"Shrub","Plant"
"5953","C","4","LW","3",234,"EPVI",0,0,"Shrub","Plant"
"5954","C","4","LW","3",234,"ERIN",0,0,"Annual_Forb","Plant"
"5955","C","4","LW","3",234,"FEOC",1,0.427350427350427,"Annual_Grass","Plant"
"5956","C","4","LW","3",234,"GAPI",3,1.28205128205128,"Annual_Forb","Plant"
"5957","C","4","LW","3",234,"GIIN",0,0,"Annual_Forb","Plant"
"5958","C","4","LW","3",234,"GUSA",0,0,"Shrub","Plant"
"5959","C","4","LW","3",234,"HECO",0,0,"Perennial_Grass","Plant"
"5960","C","4","LW","3",234,"IPPO",0,0,"Annual_Forb","Plant"
"5961","C","4","LW","3",234,"KRLA",0,0,"Shrub","Plant"
"5962","C","4","LW","3",234,"LEMO",0,0,"Annual_Forb","Plant"
"5963","C","4","LW","3",234,"LEOC",0,0,"Annual_Forb","Plant"
"5964","C","4","LW","3",234,"LYGR",0,0,"Annual_Forb","Plant"
"5965","C","4","LW","3",234,"Lichen",3,1.28205128205128,"Lichen","Biocrust"
"5966","C","4","LW","3",234,"Light",8,3.41880341880342,"LtCy","Biocrust"
"5967","C","4","LW","3",234,"Litter",83,35.4700854700855,"Litter","Abiotic_Cover"
"5968","C","4","LW","3",234,"MAAF",0,0,"Annual_Forb","Plant"
"5969","C","4","LW","3",234,"Moss",15,6.41025641025641,"Moss","Biocrust"
"5970","C","4","LW","3",234,"OECA",0,0,"Annual_Forb","Plant"
"5971","C","4","LW","3",234,"OPUNT",0,0,"Cactus","Plant"
"5972","C","4","LW","3",234,"PHCR",0,0,"Annual_Forb","Plant"
"5973","C","4","LW","3",234,"PLPA",0,0,"Annual_Forb","Plant"
"5974","C","4","LW","3",234,"SCWH",2,0.854700854700855,"Cactus","Plant"
"5975","C","4","LW","3",234,"SPORO",0,0,"Perennial_Grass","Plant"
"5976","C","4","LW","3",234,"TILA",0,0,"Annual_Forb","Plant"
"5977","C","4","LW","3",234,"UNK1",0,0,"Annual_Forb","Plant"
"5978","C","4","LW","3",234,"ATCO",19,8.11965811965812,"Shrub","Plant"
"5979","C","4","LW","3",234,"HIJA",9,3.84615384615385,"Perennial_Grass","Plant"
"5980","C","4","LW","3",234,"PlantBase",13,5.55555555555556,"Plant_Base","Plant"
"5981","C","4","LW","3",234,"ACHY",0,0,"Perennial_Grass","Plant"
"5982","C","4","LW","3",234,"Chamber",0,0,"Chamber","Abiotic_Cover"
"5983","C","4","LW","3",234,"Rock",0,0,"Rock","Abiotic_Cover"
"5984","C","4","LW","3",234,"Bare",0,0,"Bare_Ground","Abiotic_Cover"
"5985","C","4","LW","4",233,"ANBR",0,0,"Annual_Forb","Plant"
"5986","C","4","LW","4",233,"ASAM",0,0,"Annual_Forb","Plant"
"5987","C","4","LW","4",233,"Bromus",55,23.6051502145923,"Annual_Grass","Plant"
"5988","C","4","LW","4",233,"CHER",0,0,"Annual_Forb","Plant"
"5989","C","4","LW","4",233,"CRYPT",0,0,"Annual_Forb","Plant"
"5990","C","4","LW","4",233,"CYAC",0,0,"Annual_Forb","Plant"
"5991","C","4","LW","4",233,"DEAN",0,0,"Annual_Forb","Plant"
"5992","C","4","LW","4",233,"DEPI",1,0.429184549356223,"Annual_Forb","Plant"
"5993","C","4","LW","4",233,"Dark",0,0,"DkCy","Biocrust"
"5994","C","4","LW","4",233,"ENFR",0,0,"Annual_Forb","Plant"
"5995","C","4","LW","4",233,"EPHED",0,0,"Shrub","Plant"
"5996","C","4","LW","4",233,"EPTO",0,0,"Shrub","Plant"
"5997","C","4","LW","4",233,"EPVI",0,0,"Shrub","Plant"
"5998","C","4","LW","4",233,"ERIN",0,0,"Annual_Forb","Plant"
"5999","C","4","LW","4",233,"FEOC",0,0,"Annual_Grass","Plant"
"6000","C","4","LW","4",233,"GAPI",3,1.28755364806867,"Annual_Forb","Plant"
"6001","C","4","LW","4",233,"GIIN",5,2.14592274678112,"Annual_Forb","Plant"
"6002","C","4","LW","4",233,"GUSA",0,0,"Shrub","Plant"
"6003","C","4","LW","4",233,"HECO",0,0,"Perennial_Grass","Plant"
"6004","C","4","LW","4",233,"IPPO",0,0,"Annual_Forb","Plant"
"6005","C","4","LW","4",233,"KRLA",2,0.858369098712446,"Shrub","Plant"
"6006","C","4","LW","4",233,"LEMO",0,0,"Annual_Forb","Plant"
"6007","C","4","LW","4",233,"LEOC",0,0,"Annual_Forb","Plant"
"6008","C","4","LW","4",233,"LYGR",0,0,"Annual_Forb","Plant"
"6009","C","4","LW","4",233,"Lichen",11,4.72103004291846,"Lichen","Biocrust"
"6010","C","4","LW","4",233,"Light",35,15.0214592274678,"LtCy","Biocrust"
"6011","C","4","LW","4",233,"Litter",62,26.6094420600858,"Litter","Abiotic_Cover"
"6012","C","4","LW","4",233,"MAAF",0,0,"Annual_Forb","Plant"
"6013","C","4","LW","4",233,"Moss",6,2.57510729613734,"Moss","Biocrust"
"6014","C","4","LW","4",233,"OECA",0,0,"Annual_Forb","Plant"
"6015","C","4","LW","4",233,"OPUNT",0,0,"Cactus","Plant"
"6016","C","4","LW","4",233,"PHCR",0,0,"Annual_Forb","Plant"
"6017","C","4","LW","4",233,"PLPA",0,0,"Annual_Forb","Plant"
"6018","C","4","LW","4",233,"SCWH",1,0.429184549356223,"Cactus","Plant"
"6019","C","4","LW","4",233,"SPORO",0,0,"Perennial_Grass","Plant"
"6020","C","4","LW","4",233,"TILA",0,0,"Annual_Forb","Plant"
"6021","C","4","LW","4",233,"UNK1",0,0,"Annual_Forb","Plant"
"6022","C","4","LW","4",233,"ATCO",36,15.450643776824,"Shrub","Plant"
"6023","C","4","LW","4",233,"HIJA",0,0,"Perennial_Grass","Plant"
"6024","C","4","LW","4",233,"PlantBase",16,6.86695278969957,"Plant_Base","Plant"
"6025","C","4","LW","4",233,"ACHY",0,0,"Perennial_Grass","Plant"
"6026","C","4","LW","4",233,"Chamber",0,0,"Chamber","Abiotic_Cover"
"6027","C","4","LW","4",233,"Rock",0,0,"Rock","Abiotic_Cover"
"6028","C","4","LW","4",233,"Bare",0,0,"Bare_Ground","Abiotic_Cover"
"6029","C","4","W","1",260,"ANBR",0,0,"Annual_Forb","Plant"
"6030","C","4","W","1",260,"ASAM",0,0,"Annual_Forb","Plant"
"6031","C","4","W","1",260,"Bromus",92,35.3846153846154,"Annual_Grass","Plant"
"6032","C","4","W","1",260,"CHER",0,0,"Annual_Forb","Plant"
"6033","C","4","W","1",260,"CRYPT",0,0,"Annual_Forb","Plant"
"6034","C","4","W","1",260,"CYAC",0,0,"Annual_Forb","Plant"
"6035","C","4","W","1",260,"DEAN",0,0,"Annual_Forb","Plant"
"6036","C","4","W","1",260,"DEPI",0,0,"Annual_Forb","Plant"
"6037","C","4","W","1",260,"Dark",2,0.769230769230769,"DkCy","Biocrust"
"6038","C","4","W","1",260,"ENFR",0,0,"Annual_Forb","Plant"
"6039","C","4","W","1",260,"EPHED",0,0,"Shrub","Plant"
"6040","C","4","W","1",260,"EPTO",0,0,"Shrub","Plant"
"6041","C","4","W","1",260,"EPVI",0,0,"Shrub","Plant"
"6042","C","4","W","1",260,"ERIN",0,0,"Annual_Forb","Plant"
"6043","C","4","W","1",260,"FEOC",0,0,"Annual_Grass","Plant"
"6044","C","4","W","1",260,"GAPI",0,0,"Annual_Forb","Plant"
"6045","C","4","W","1",260,"GIIN",0,0,"Annual_Forb","Plant"
"6046","C","4","W","1",260,"GUSA",2,0.769230769230769,"Shrub","Plant"
"6047","C","4","W","1",260,"HECO",0,0,"Perennial_Grass","Plant"
"6048","C","4","W","1",260,"IPPO",0,0,"Annual_Forb","Plant"
"6049","C","4","W","1",260,"KRLA",0,0,"Shrub","Plant"
"6050","C","4","W","1",260,"LEMO",0,0,"Annual_Forb","Plant"
"6051","C","4","W","1",260,"LEOC",0,0,"Annual_Forb","Plant"
"6052","C","4","W","1",260,"LYGR",0,0,"Annual_Forb","Plant"
"6053","C","4","W","1",260,"Lichen",2,0.769230769230769,"Lichen","Biocrust"
"6054","C","4","W","1",260,"Light",1,0.384615384615385,"LtCy","Biocrust"
"6055","C","4","W","1",260,"Litter",87,33.4615384615385,"Litter","Abiotic_Cover"
"6056","C","4","W","1",260,"MAAF",0,0,"Annual_Forb","Plant"
"6057","C","4","W","1",260,"Moss",36,13.8461538461538,"Moss","Biocrust"
"6058","C","4","W","1",260,"OECA",0,0,"Annual_Forb","Plant"
"6059","C","4","W","1",260,"OPUNT",0,0,"Cactus","Plant"
"6060","C","4","W","1",260,"PHCR",0,0,"Annual_Forb","Plant"
"6061","C","4","W","1",260,"PLPA",0,0,"Annual_Forb","Plant"
"6062","C","4","W","1",260,"SCWH",0,0,"Cactus","Plant"
"6063","C","4","W","1",260,"SPORO",0,0,"Perennial_Grass","Plant"
"6064","C","4","W","1",260,"TILA",0,0,"Annual_Forb","Plant"
"6065","C","4","W","1",260,"UNK1",0,0,"Annual_Forb","Plant"
"6066","C","4","W","1",260,"ATCO",21,8.07692307692308,"Shrub","Plant"
"6067","C","4","W","1",260,"HIJA",13,5,"Perennial_Grass","Plant"
"6068","C","4","W","1",260,"PlantBase",4,1.53846153846154,"Plant_Base","Plant"
"6069","C","4","W","1",260,"ACHY",0,0,"Perennial_Grass","Plant"
"6070","C","4","W","1",260,"Chamber",0,0,"Chamber","Abiotic_Cover"
"6071","C","4","W","1",260,"Rock",0,0,"Rock","Abiotic_Cover"
"6072","C","4","W","1",260,"Bare",0,0,"Bare_Ground","Abiotic_Cover"
"6073","C","4","W","2",230,"ANBR",0,0,"Annual_Forb","Plant"
"6074","C","4","W","2",230,"ASAM",0,0,"Annual_Forb","Plant"
"6075","C","4","W","2",230,"Bromus",78,33.9130434782609,"Annual_Grass","Plant"
"6076","C","4","W","2",230,"CHER",0,0,"Annual_Forb","Plant"
"6077","C","4","W","2",230,"CRYPT",0,0,"Annual_Forb","Plant"
"6078","C","4","W","2",230,"CYAC",0,0,"Annual_Forb","Plant"
"6079","C","4","W","2",230,"DEAN",0,0,"Annual_Forb","Plant"
"6080","C","4","W","2",230,"DEPI",0,0,"Annual_Forb","Plant"
"6081","C","4","W","2",230,"Dark",1,0.434782608695652,"DkCy","Biocrust"
"6082","C","4","W","2",230,"ENFR",0,0,"Annual_Forb","Plant"
"6083","C","4","W","2",230,"EPHED",0,0,"Shrub","Plant"
"6084","C","4","W","2",230,"EPTO",0,0,"Shrub","Plant"
"6085","C","4","W","2",230,"EPVI",0,0,"Shrub","Plant"
"6086","C","4","W","2",230,"ERIN",0,0,"Annual_Forb","Plant"
"6087","C","4","W","2",230,"FEOC",0,0,"Annual_Grass","Plant"
"6088","C","4","W","2",230,"GAPI",2,0.869565217391304,"Annual_Forb","Plant"
"6089","C","4","W","2",230,"GIIN",0,0,"Annual_Forb","Plant"
"6090","C","4","W","2",230,"GUSA",0,0,"Shrub","Plant"
"6091","C","4","W","2",230,"HECO",0,0,"Perennial_Grass","Plant"
"6092","C","4","W","2",230,"IPPO",0,0,"Annual_Forb","Plant"
"6093","C","4","W","2",230,"KRLA",0,0,"Shrub","Plant"
"6094","C","4","W","2",230,"LEMO",0,0,"Annual_Forb","Plant"
"6095","C","4","W","2",230,"LEOC",0,0,"Annual_Forb","Plant"
"6096","C","4","W","2",230,"LYGR",0,0,"Annual_Forb","Plant"
"6097","C","4","W","2",230,"Lichen",2,0.869565217391304,"Lichen","Biocrust"
"6098","C","4","W","2",230,"Light",10,4.34782608695652,"LtCy","Biocrust"
"6099","C","4","W","2",230,"Litter",78,33.9130434782609,"Litter","Abiotic_Cover"
"6100","C","4","W","2",230,"MAAF",0,0,"Annual_Forb","Plant"
"6101","C","4","W","2",230,"Moss",23,10,"Moss","Biocrust"
"6102","C","4","W","2",230,"OECA",0,0,"Annual_Forb","Plant"
"6103","C","4","W","2",230,"OPUNT",0,0,"Cactus","Plant"
"6104","C","4","W","2",230,"PHCR",0,0,"Annual_Forb","Plant"
"6105","C","4","W","2",230,"PLPA",0,0,"Annual_Forb","Plant"
"6106","C","4","W","2",230,"SCWH",0,0,"Cactus","Plant"
"6107","C","4","W","2",230,"SPORO",0,0,"Perennial_Grass","Plant"
"6108","C","4","W","2",230,"TILA",0,0,"Annual_Forb","Plant"
"6109","C","4","W","2",230,"UNK1",0,0,"Annual_Forb","Plant"
"6110","C","4","W","2",230,"ATCO",3,1.30434782608696,"Shrub","Plant"
"6111","C","4","W","2",230,"HIJA",6,2.60869565217391,"Perennial_Grass","Plant"
"6112","C","4","W","2",230,"PlantBase",8,3.47826086956522,"Plant_Base","Plant"
"6113","C","4","W","2",230,"ACHY",18,7.82608695652174,"Perennial_Grass","Plant"
"6114","C","4","W","2",230,"Chamber",0,0,"Chamber","Abiotic_Cover"
"6115","C","4","W","2",230,"Rock",0,0,"Rock","Abiotic_Cover"
"6116","C","4","W","2",230,"Bare",1,0.434782608695652,"Bare_Ground","Abiotic_Cover"
"6117","C","4","W","3",250,"ANBR",0,0,"Annual_Forb","Plant"
"6118","C","4","W","3",250,"ASAM",0,0,"Annual_Forb","Plant"
"6119","C","4","W","3",250,"Bromus",80,32,"Annual_Grass","Plant"
"6120","C","4","W","3",250,"CHER",0,0,"Annual_Forb","Plant"
"6121","C","4","W","3",250,"CRYPT",0,0,"Annual_Forb","Plant"
"6122","C","4","W","3",250,"CYAC",0,0,"Annual_Forb","Plant"
"6123","C","4","W","3",250,"DEAN",0,0,"Annual_Forb","Plant"
"6124","C","4","W","3",250,"DEPI",0,0,"Annual_Forb","Plant"
"6125","C","4","W","3",250,"Dark",6,2.4,"DkCy","Biocrust"
"6126","C","4","W","3",250,"ENFR",0,0,"Annual_Forb","Plant"
"6127","C","4","W","3",250,"EPHED",0,0,"Shrub","Plant"
"6128","C","4","W","3",250,"EPTO",0,0,"Shrub","Plant"
"6129","C","4","W","3",250,"EPVI",0,0,"Shrub","Plant"
"6130","C","4","W","3",250,"ERIN",0,0,"Annual_Forb","Plant"
"6131","C","4","W","3",250,"FEOC",4,1.6,"Annual_Grass","Plant"
"6132","C","4","W","3",250,"GAPI",1,0.4,"Annual_Forb","Plant"
"6133","C","4","W","3",250,"GIIN",0,0,"Annual_Forb","Plant"
"6134","C","4","W","3",250,"GUSA",1,0.4,"Shrub","Plant"
"6135","C","4","W","3",250,"HECO",0,0,"Perennial_Grass","Plant"
"6136","C","4","W","3",250,"IPPO",0,0,"Annual_Forb","Plant"
"6137","C","4","W","3",250,"KRLA",0,0,"Shrub","Plant"
"6138","C","4","W","3",250,"LEMO",1,0.4,"Annual_Forb","Plant"
"6139","C","4","W","3",250,"LEOC",0,0,"Annual_Forb","Plant"
"6140","C","4","W","3",250,"LYGR",0,0,"Annual_Forb","Plant"
"6141","C","4","W","3",250,"Lichen",4,1.6,"Lichen","Biocrust"
"6142","C","4","W","3",250,"Light",11,4.4,"LtCy","Biocrust"
"6143","C","4","W","3",250,"Litter",75,30,"Litter","Abiotic_Cover"
"6144","C","4","W","3",250,"MAAF",0,0,"Annual_Forb","Plant"
"6145","C","4","W","3",250,"Moss",22,8.8,"Moss","Biocrust"
"6146","C","4","W","3",250,"OECA",0,0,"Annual_Forb","Plant"
"6147","C","4","W","3",250,"OPUNT",0,0,"Cactus","Plant"
"6148","C","4","W","3",250,"PHCR",0,0,"Annual_Forb","Plant"
"6149","C","4","W","3",250,"PLPA",0,0,"Annual_Forb","Plant"
"6150","C","4","W","3",250,"SCWH",0,0,"Cactus","Plant"
"6151","C","4","W","3",250,"SPORO",0,0,"Perennial_Grass","Plant"
"6152","C","4","W","3",250,"TILA",0,0,"Annual_Forb","Plant"
"6153","C","4","W","3",250,"UNK1",0,0,"Annual_Forb","Plant"
"6154","C","4","W","3",250,"ATCO",16,6.4,"Shrub","Plant"
"6155","C","4","W","3",250,"HIJA",17,6.8,"Perennial_Grass","Plant"
"6156","C","4","W","3",250,"PlantBase",12,4.8,"Plant_Base","Plant"
"6157","C","4","W","3",250,"ACHY",0,0,"Perennial_Grass","Plant"
"6158","C","4","W","3",250,"Chamber",0,0,"Chamber","Abiotic_Cover"
"6159","C","4","W","3",250,"Rock",0,0,"Rock","Abiotic_Cover"
"6160","C","4","W","3",250,"Bare",0,0,"Bare_Ground","Abiotic_Cover"
"6161","C","4","W","4",282,"ANBR",0,0,"Annual_Forb","Plant"
"6162","C","4","W","4",282,"ASAM",0,0,"Annual_Forb","Plant"
"6163","C","4","W","4",282,"Bromus",106,37.5886524822695,"Annual_Grass","Plant"
"6164","C","4","W","4",282,"CHER",0,0,"Annual_Forb","Plant"
"6165","C","4","W","4",282,"CRYPT",0,0,"Annual_Forb","Plant"
"6166","C","4","W","4",282,"CYAC",0,0,"Annual_Forb","Plant"
"6167","C","4","W","4",282,"DEAN",0,0,"Annual_Forb","Plant"
"6168","C","4","W","4",282,"DEPI",0,0,"Annual_Forb","Plant"
"6169","C","4","W","4",282,"Dark",3,1.06382978723404,"DkCy","Biocrust"
"6170","C","4","W","4",282,"ENFR",0,0,"Annual_Forb","Plant"
"6171","C","4","W","4",282,"EPHED",0,0,"Shrub","Plant"
"6172","C","4","W","4",282,"EPTO",0,0,"Shrub","Plant"
"6173","C","4","W","4",282,"EPVI",0,0,"Shrub","Plant"
"6174","C","4","W","4",282,"ERIN",0,0,"Annual_Forb","Plant"
"6175","C","4","W","4",282,"FEOC",1,0.354609929078014,"Annual_Grass","Plant"
"6176","C","4","W","4",282,"GAPI",3,1.06382978723404,"Annual_Forb","Plant"
"6177","C","4","W","4",282,"GIIN",1,0.354609929078014,"Annual_Forb","Plant"
"6178","C","4","W","4",282,"GUSA",0,0,"Shrub","Plant"
"6179","C","4","W","4",282,"HECO",0,0,"Perennial_Grass","Plant"
"6180","C","4","W","4",282,"IPPO",0,0,"Annual_Forb","Plant"
"6181","C","4","W","4",282,"KRLA",0,0,"Shrub","Plant"
"6182","C","4","W","4",282,"LEMO",0,0,"Annual_Forb","Plant"
"6183","C","4","W","4",282,"LEOC",0,0,"Annual_Forb","Plant"
"6184","C","4","W","4",282,"LYGR",0,0,"Annual_Forb","Plant"
"6185","C","4","W","4",282,"Lichen",1,0.354609929078014,"Lichen","Biocrust"
"6186","C","4","W","4",282,"Light",17,6.02836879432624,"LtCy","Biocrust"
"6187","C","4","W","4",282,"Litter",83,29.4326241134752,"Litter","Abiotic_Cover"
"6188","C","4","W","4",282,"MAAF",0,0,"Annual_Forb","Plant"
"6189","C","4","W","4",282,"Moss",22,7.80141843971631,"Moss","Biocrust"
"6190","C","4","W","4",282,"OECA",0,0,"Annual_Forb","Plant"
"6191","C","4","W","4",282,"OPUNT",0,0,"Cactus","Plant"
"6192","C","4","W","4",282,"PHCR",0,0,"Annual_Forb","Plant"
"6193","C","4","W","4",282,"PLPA",0,0,"Annual_Forb","Plant"
"6194","C","4","W","4",282,"SCWH",0,0,"Cactus","Plant"
"6195","C","4","W","4",282,"SPORO",0,0,"Perennial_Grass","Plant"
"6196","C","4","W","4",282,"TILA",0,0,"Annual_Forb","Plant"
"6197","C","4","W","4",282,"UNK1",0,0,"Annual_Forb","Plant"
"6198","C","4","W","4",282,"ATCO",10,3.54609929078014,"Shrub","Plant"
"6199","C","4","W","4",282,"HIJA",14,4.9645390070922,"Perennial_Grass","Plant"
"6200","C","4","W","4",282,"PlantBase",12,4.25531914893617,"Plant_Base","Plant"
"6201","C","4","W","4",282,"ACHY",9,3.19148936170213,"Perennial_Grass","Plant"
"6202","C","4","W","4",282,"Chamber",0,0,"Chamber","Abiotic_Cover"
"6203","C","4","W","4",282,"Rock",0,0,"Rock","Abiotic_Cover"
"6204","C","4","W","4",282,"Bare",0,0,"Bare_Ground","Abiotic_Cover"
"6205","C","5","C","1",173,"ANBR",0,0,"Annual_Forb","Plant"
"6206","C","5","C","1",173,"ASAM",0,0,"Annual_Forb","Plant"
"6207","C","5","C","1",173,"Bromus",36,20.8092485549133,"Annual_Grass","Plant"
"6208","C","5","C","1",173,"CHER",0,0,"Annual_Forb","Plant"
"6209","C","5","C","1",173,"CRYPT",0,0,"Annual_Forb","Plant"
"6210","C","5","C","1",173,"CYAC",0,0,"Annual_Forb","Plant"
"6211","C","5","C","1",173,"DEAN",0,0,"Annual_Forb","Plant"
"6212","C","5","C","1",173,"DEPI",0,0,"Annual_Forb","Plant"
"6213","C","5","C","1",173,"Dark",0,0,"DkCy","Biocrust"
"6214","C","5","C","1",173,"ENFR",0,0,"Annual_Forb","Plant"
"6215","C","5","C","1",173,"EPHED",0,0,"Shrub","Plant"
"6216","C","5","C","1",173,"EPTO",0,0,"Shrub","Plant"
"6217","C","5","C","1",173,"EPVI",0,0,"Shrub","Plant"
"6218","C","5","C","1",173,"ERIN",0,0,"Annual_Forb","Plant"
"6219","C","5","C","1",173,"FEOC",0,0,"Annual_Grass","Plant"
"6220","C","5","C","1",173,"GAPI",1,0.578034682080925,"Annual_Forb","Plant"
"6221","C","5","C","1",173,"GIIN",1,0.578034682080925,"Annual_Forb","Plant"
"6222","C","5","C","1",173,"GUSA",3,1.73410404624277,"Shrub","Plant"
"6223","C","5","C","1",173,"HECO",0,0,"Perennial_Grass","Plant"
"6224","C","5","C","1",173,"IPPO",4,2.3121387283237,"Annual_Forb","Plant"
"6225","C","5","C","1",173,"KRLA",0,0,"Shrub","Plant"
"6226","C","5","C","1",173,"LEMO",0,0,"Annual_Forb","Plant"
"6227","C","5","C","1",173,"LEOC",0,0,"Annual_Forb","Plant"
"6228","C","5","C","1",173,"LYGR",0,0,"Annual_Forb","Plant"
"6229","C","5","C","1",173,"Lichen",6,3.46820809248555,"Lichen","Biocrust"
"6230","C","5","C","1",173,"Light",17,9.82658959537572,"LtCy","Biocrust"
"6231","C","5","C","1",173,"Litter",49,28.3236994219653,"Litter","Abiotic_Cover"
"6232","C","5","C","1",173,"MAAF",0,0,"Annual_Forb","Plant"
"6233","C","5","C","1",173,"Moss",29,16.7630057803468,"Moss","Biocrust"
"6234","C","5","C","1",173,"OECA",0,0,"Annual_Forb","Plant"
"6235","C","5","C","1",173,"OPUNT",0,0,"Cactus","Plant"
"6236","C","5","C","1",173,"PHCR",0,0,"Annual_Forb","Plant"
"6237","C","5","C","1",173,"PLPA",0,0,"Annual_Forb","Plant"
"6238","C","5","C","1",173,"SCWH",0,0,"Cactus","Plant"
"6239","C","5","C","1",173,"SPORO",0,0,"Perennial_Grass","Plant"
"6240","C","5","C","1",173,"TILA",0,0,"Annual_Forb","Plant"
"6241","C","5","C","1",173,"UNK1",0,0,"Annual_Forb","Plant"
"6242","C","5","C","1",173,"ATCO",3,1.73410404624277,"Shrub","Plant"
"6243","C","5","C","1",173,"HIJA",5,2.89017341040462,"Perennial_Grass","Plant"
"6244","C","5","C","1",173,"PlantBase",9,5.20231213872832,"Plant_Base","Plant"
"6245","C","5","C","1",173,"ACHY",8,4.6242774566474,"Perennial_Grass","Plant"
"6246","C","5","C","1",173,"Chamber",0,0,"Chamber","Abiotic_Cover"
"6247","C","5","C","1",173,"Rock",2,1.15606936416185,"Rock","Abiotic_Cover"
"6248","C","5","C","1",173,"Bare",0,0,"Bare_Ground","Abiotic_Cover"
"6249","C","5","C","2",170,"ANBR",0,0,"Annual_Forb","Plant"
"6250","C","5","C","2",170,"ASAM",0,0,"Annual_Forb","Plant"
"6251","C","5","C","2",170,"Bromus",15,8.82352941176471,"Annual_Grass","Plant"
"6252","C","5","C","2",170,"CHER",0,0,"Annual_Forb","Plant"
"6253","C","5","C","2",170,"CRYPT",0,0,"Annual_Forb","Plant"
"6254","C","5","C","2",170,"CYAC",0,0,"Annual_Forb","Plant"
"6255","C","5","C","2",170,"DEAN",0,0,"Annual_Forb","Plant"
"6256","C","5","C","2",170,"DEPI",0,0,"Annual_Forb","Plant"
"6257","C","5","C","2",170,"Dark",0,0,"DkCy","Biocrust"
"6258","C","5","C","2",170,"ENFR",0,0,"Annual_Forb","Plant"
"6259","C","5","C","2",170,"EPHED",0,0,"Shrub","Plant"
"6260","C","5","C","2",170,"EPTO",0,0,"Shrub","Plant"
"6261","C","5","C","2",170,"EPVI",0,0,"Shrub","Plant"
"6262","C","5","C","2",170,"ERIN",3,1.76470588235294,"Annual_Forb","Plant"
"6263","C","5","C","2",170,"FEOC",0,0,"Annual_Grass","Plant"
"6264","C","5","C","2",170,"GAPI",1,0.588235294117647,"Annual_Forb","Plant"
"6265","C","5","C","2",170,"GIIN",3,1.76470588235294,"Annual_Forb","Plant"
"6266","C","5","C","2",170,"GUSA",10,5.88235294117647,"Shrub","Plant"
"6267","C","5","C","2",170,"HECO",0,0,"Perennial_Grass","Plant"
"6268","C","5","C","2",170,"IPPO",3,1.76470588235294,"Annual_Forb","Plant"
"6269","C","5","C","2",170,"KRLA",0,0,"Shrub","Plant"
"6270","C","5","C","2",170,"LEMO",0,0,"Annual_Forb","Plant"
"6271","C","5","C","2",170,"LEOC",0,0,"Annual_Forb","Plant"
"6272","C","5","C","2",170,"LYGR",0,0,"Annual_Forb","Plant"
"6273","C","5","C","2",170,"Lichen",4,2.35294117647059,"Lichen","Biocrust"
"6274","C","5","C","2",170,"Light",42,24.7058823529412,"LtCy","Biocrust"
"6275","C","5","C","2",170,"Litter",46,27.0588235294118,"Litter","Abiotic_Cover"
"6276","C","5","C","2",170,"MAAF",0,0,"Annual_Forb","Plant"
"6277","C","5","C","2",170,"Moss",9,5.29411764705882,"Moss","Biocrust"
"6278","C","5","C","2",170,"OECA",0,0,"Annual_Forb","Plant"
"6279","C","5","C","2",170,"OPUNT",0,0,"Cactus","Plant"
"6280","C","5","C","2",170,"PHCR",0,0,"Annual_Forb","Plant"
"6281","C","5","C","2",170,"PLPA",0,0,"Annual_Forb","Plant"
"6282","C","5","C","2",170,"SCWH",0,0,"Cactus","Plant"
"6283","C","5","C","2",170,"SPORO",0,0,"Perennial_Grass","Plant"
"6284","C","5","C","2",170,"TILA",0,0,"Annual_Forb","Plant"
"6285","C","5","C","2",170,"UNK1",0,0,"Annual_Forb","Plant"
"6286","C","5","C","2",170,"ATCO",24,14.1176470588235,"Shrub","Plant"
"6287","C","5","C","2",170,"HIJA",1,0.588235294117647,"Perennial_Grass","Plant"
"6288","C","5","C","2",170,"PlantBase",5,2.94117647058824,"Plant_Base","Plant"
"6289","C","5","C","2",170,"ACHY",0,0,"Perennial_Grass","Plant"
"6290","C","5","C","2",170,"Chamber",0,0,"Chamber","Abiotic_Cover"
"6291","C","5","C","2",170,"Rock",4,2.35294117647059,"Rock","Abiotic_Cover"
"6292","C","5","C","2",170,"Bare",0,0,"Bare_Ground","Abiotic_Cover"
"6293","C","5","C","3",195,"ANBR",0,0,"Annual_Forb","Plant"
"6294","C","5","C","3",195,"ASAM",0,0,"Annual_Forb","Plant"
"6295","C","5","C","3",195,"Bromus",36,18.4615384615385,"Annual_Grass","Plant"
"6296","C","5","C","3",195,"CHER",0,0,"Annual_Forb","Plant"
"6297","C","5","C","3",195,"CRYPT",0,0,"Annual_Forb","Plant"
"6298","C","5","C","3",195,"CYAC",0,0,"Annual_Forb","Plant"
"6299","C","5","C","3",195,"DEAN",0,0,"Annual_Forb","Plant"
"6300","C","5","C","3",195,"DEPI",0,0,"Annual_Forb","Plant"
"6301","C","5","C","3",195,"Dark",0,0,"DkCy","Biocrust"
"6302","C","5","C","3",195,"ENFR",0,0,"Annual_Forb","Plant"
"6303","C","5","C","3",195,"EPHED",0,0,"Shrub","Plant"
"6304","C","5","C","3",195,"EPTO",0,0,"Shrub","Plant"
"6305","C","5","C","3",195,"EPVI",0,0,"Shrub","Plant"
"6306","C","5","C","3",195,"ERIN",0,0,"Annual_Forb","Plant"
"6307","C","5","C","3",195,"FEOC",0,0,"Annual_Grass","Plant"
"6308","C","5","C","3",195,"GAPI",1,0.512820512820513,"Annual_Forb","Plant"
"6309","C","5","C","3",195,"GIIN",2,1.02564102564103,"Annual_Forb","Plant"
"6310","C","5","C","3",195,"GUSA",0,0,"Shrub","Plant"
"6311","C","5","C","3",195,"HECO",0,0,"Perennial_Grass","Plant"
"6312","C","5","C","3",195,"IPPO",1,0.512820512820513,"Annual_Forb","Plant"
"6313","C","5","C","3",195,"KRLA",0,0,"Shrub","Plant"
"6314","C","5","C","3",195,"LEMO",0,0,"Annual_Forb","Plant"
"6315","C","5","C","3",195,"LEOC",0,0,"Annual_Forb","Plant"
"6316","C","5","C","3",195,"LYGR",0,0,"Annual_Forb","Plant"
"6317","C","5","C","3",195,"Lichen",19,9.74358974358974,"Lichen","Biocrust"
"6318","C","5","C","3",195,"Light",21,10.7692307692308,"LtCy","Biocrust"
"6319","C","5","C","3",195,"Litter",44,22.5641025641026,"Litter","Abiotic_Cover"
"6320","C","5","C","3",195,"MAAF",0,0,"Annual_Forb","Plant"
"6321","C","5","C","3",195,"Moss",31,15.8974358974359,"Moss","Biocrust"
"6322","C","5","C","3",195,"OECA",0,0,"Annual_Forb","Plant"
"6323","C","5","C","3",195,"OPUNT",0,0,"Cactus","Plant"
"6324","C","5","C","3",195,"PHCR",0,0,"Annual_Forb","Plant"
"6325","C","5","C","3",195,"PLPA",0,0,"Annual_Forb","Plant"
"6326","C","5","C","3",195,"SCWH",0,0,"Cactus","Plant"
"6327","C","5","C","3",195,"SPORO",0,0,"Perennial_Grass","Plant"
"6328","C","5","C","3",195,"TILA",0,0,"Annual_Forb","Plant"
"6329","C","5","C","3",195,"UNK1",0,0,"Annual_Forb","Plant"
"6330","C","5","C","3",195,"ATCO",14,7.17948717948718,"Shrub","Plant"
"6331","C","5","C","3",195,"HIJA",17,8.71794871794872,"Perennial_Grass","Plant"
"6332","C","5","C","3",195,"PlantBase",7,3.58974358974359,"Plant_Base","Plant"
"6333","C","5","C","3",195,"ACHY",0,0,"Perennial_Grass","Plant"
"6334","C","5","C","3",195,"Chamber",0,0,"Chamber","Abiotic_Cover"
"6335","C","5","C","3",195,"Rock",2,1.02564102564103,"Rock","Abiotic_Cover"
"6336","C","5","C","3",195,"Bare",0,0,"Bare_Ground","Abiotic_Cover"
"6337","C","5","C","4",178,"ANBR",0,0,"Annual_Forb","Plant"
"6338","C","5","C","4",178,"ASAM",0,0,"Annual_Forb","Plant"
"6339","C","5","C","4",178,"Bromus",35,19.6629213483146,"Annual_Grass","Plant"
"6340","C","5","C","4",178,"CHER",0,0,"Annual_Forb","Plant"
"6341","C","5","C","4",178,"CRYPT",0,0,"Annual_Forb","Plant"
"6342","C","5","C","4",178,"CYAC",0,0,"Annual_Forb","Plant"
"6343","C","5","C","4",178,"DEAN",0,0,"Annual_Forb","Plant"
"6344","C","5","C","4",178,"DEPI",5,2.80898876404494,"Annual_Forb","Plant"
"6345","C","5","C","4",178,"Dark",0,0,"DkCy","Biocrust"
"6346","C","5","C","4",178,"ENFR",0,0,"Annual_Forb","Plant"
"6347","C","5","C","4",178,"EPHED",0,0,"Shrub","Plant"
"6348","C","5","C","4",178,"EPTO",0,0,"Shrub","Plant"
"6349","C","5","C","4",178,"EPVI",0,0,"Shrub","Plant"
"6350","C","5","C","4",178,"ERIN",0,0,"Annual_Forb","Plant"
"6351","C","5","C","4",178,"FEOC",0,0,"Annual_Grass","Plant"
"6352","C","5","C","4",178,"GAPI",0,0,"Annual_Forb","Plant"
"6353","C","5","C","4",178,"GIIN",3,1.68539325842697,"Annual_Forb","Plant"
"6354","C","5","C","4",178,"GUSA",2,1.12359550561798,"Shrub","Plant"
"6355","C","5","C","4",178,"HECO",0,0,"Perennial_Grass","Plant"
"6356","C","5","C","4",178,"IPPO",1,0.561797752808989,"Annual_Forb","Plant"
"6357","C","5","C","4",178,"KRLA",0,0,"Shrub","Plant"
"6358","C","5","C","4",178,"LEMO",1,0.561797752808989,"Annual_Forb","Plant"
"6359","C","5","C","4",178,"LEOC",0,0,"Annual_Forb","Plant"
"6360","C","5","C","4",178,"LYGR",0,0,"Annual_Forb","Plant"
"6361","C","5","C","4",178,"Lichen",19,10.6741573033708,"Lichen","Biocrust"
"6362","C","5","C","4",178,"Light",30,16.8539325842697,"LtCy","Biocrust"
"6363","C","5","C","4",178,"Litter",39,21.9101123595506,"Litter","Abiotic_Cover"
"6364","C","5","C","4",178,"MAAF",0,0,"Annual_Forb","Plant"
"6365","C","5","C","4",178,"Moss",30,16.8539325842697,"Moss","Biocrust"
"6366","C","5","C","4",178,"OECA",0,0,"Annual_Forb","Plant"
"6367","C","5","C","4",178,"OPUNT",0,0,"Cactus","Plant"
"6368","C","5","C","4",178,"PHCR",0,0,"Annual_Forb","Plant"
"6369","C","5","C","4",178,"PLPA",0,0,"Annual_Forb","Plant"
"6370","C","5","C","4",178,"SCWH",0,0,"Cactus","Plant"
"6371","C","5","C","4",178,"SPORO",0,0,"Perennial_Grass","Plant"
"6372","C","5","C","4",178,"TILA",0,0,"Annual_Forb","Plant"
"6373","C","5","C","4",178,"UNK1",0,0,"Annual_Forb","Plant"
"6374","C","5","C","4",178,"ATCO",1,0.561797752808989,"Shrub","Plant"
"6375","C","5","C","4",178,"HIJA",8,4.49438202247191,"Perennial_Grass","Plant"
"6376","C","5","C","4",178,"PlantBase",2,1.12359550561798,"Plant_Base","Plant"
"6377","C","5","C","4",178,"ACHY",0,0,"Perennial_Grass","Plant"
"6378","C","5","C","4",178,"Chamber",0,0,"Chamber","Abiotic_Cover"
"6379","C","5","C","4",178,"Rock",2,1.12359550561798,"Rock","Abiotic_Cover"
"6380","C","5","C","4",178,"Bare",0,0,"Bare_Ground","Abiotic_Cover"
"6381","C","5","L","1",238,"ANBR",0,0,"Annual_Forb","Plant"
"6382","C","5","L","1",238,"ASAM",0,0,"Annual_Forb","Plant"
"6383","C","5","L","1",238,"Bromus",60,25.2100840336134,"Annual_Grass","Plant"
"6384","C","5","L","1",238,"CHER",0,0,"Annual_Forb","Plant"
"6385","C","5","L","1",238,"CRYPT",0,0,"Annual_Forb","Plant"
"6386","C","5","L","1",238,"CYAC",1,0.420168067226891,"Annual_Forb","Plant"
"6387","C","5","L","1",238,"DEAN",0,0,"Annual_Forb","Plant"
"6388","C","5","L","1",238,"DEPI",7,2.94117647058824,"Annual_Forb","Plant"
"6389","C","5","L","1",238,"Dark",14,5.88235294117647,"DkCy","Biocrust"
"6390","C","5","L","1",238,"ENFR",0,0,"Annual_Forb","Plant"
"6391","C","5","L","1",238,"EPHED",0,0,"Shrub","Plant"
"6392","C","5","L","1",238,"EPTO",0,0,"Shrub","Plant"
"6393","C","5","L","1",238,"EPVI",0,0,"Shrub","Plant"
"6394","C","5","L","1",238,"ERIN",0,0,"Annual_Forb","Plant"
"6395","C","5","L","1",238,"FEOC",1,0.420168067226891,"Annual_Grass","Plant"
"6396","C","5","L","1",238,"GAPI",4,1.68067226890756,"Annual_Forb","Plant"
"6397","C","5","L","1",238,"GIIN",2,0.840336134453782,"Annual_Forb","Plant"
"6398","C","5","L","1",238,"GUSA",0,0,"Shrub","Plant"
"6399","C","5","L","1",238,"HECO",0,0,"Perennial_Grass","Plant"
"6400","C","5","L","1",238,"IPPO",1,0.420168067226891,"Annual_Forb","Plant"
"6401","C","5","L","1",238,"KRLA",0,0,"Shrub","Plant"
"6402","C","5","L","1",238,"LEMO",0,0,"Annual_Forb","Plant"
"6403","C","5","L","1",238,"LEOC",0,0,"Annual_Forb","Plant"
"6404","C","5","L","1",238,"LYGR",0,0,"Annual_Forb","Plant"
"6405","C","5","L","1",238,"Lichen",4,1.68067226890756,"Lichen","Biocrust"
"6406","C","5","L","1",238,"Light",17,7.14285714285714,"LtCy","Biocrust"
"6407","C","5","L","1",238,"Litter",46,19.327731092437,"Litter","Abiotic_Cover"
"6408","C","5","L","1",238,"MAAF",1,0.420168067226891,"Annual_Forb","Plant"
"6409","C","5","L","1",238,"Moss",24,10.0840336134454,"Moss","Biocrust"
"6410","C","5","L","1",238,"OECA",0,0,"Annual_Forb","Plant"
"6411","C","5","L","1",238,"OPUNT",0,0,"Cactus","Plant"
"6412","C","5","L","1",238,"PHCR",0,0,"Annual_Forb","Plant"
"6413","C","5","L","1",238,"PLPA",0,0,"Annual_Forb","Plant"
"6414","C","5","L","1",238,"SCWH",0,0,"Cactus","Plant"
"6415","C","5","L","1",238,"SPORO",5,2.10084033613445,"Perennial_Grass","Plant"
"6416","C","5","L","1",238,"TILA",0,0,"Annual_Forb","Plant"
"6417","C","5","L","1",238,"UNK1",0,0,"Annual_Forb","Plant"
"6418","C","5","L","1",238,"ATCO",0,0,"Shrub","Plant"
"6419","C","5","L","1",238,"HIJA",8,3.36134453781513,"Perennial_Grass","Plant"
"6420","C","5","L","1",238,"PlantBase",12,5.04201680672269,"Plant_Base","Plant"
"6421","C","5","L","1",238,"ACHY",23,9.66386554621849,"Perennial_Grass","Plant"
"6422","C","5","L","1",238,"Chamber",0,0,"Chamber","Abiotic_Cover"
"6423","C","5","L","1",238,"Rock",8,3.36134453781513,"Rock","Abiotic_Cover"
"6424","C","5","L","1",238,"Bare",0,0,"Bare_Ground","Abiotic_Cover"
"6425","C","5","L","2",217,"ANBR",0,0,"Annual_Forb","Plant"
"6426","C","5","L","2",217,"ASAM",0,0,"Annual_Forb","Plant"
"6427","C","5","L","2",217,"Bromus",68,31.3364055299539,"Annual_Grass","Plant"
"6428","C","5","L","2",217,"CHER",0,0,"Annual_Forb","Plant"
"6429","C","5","L","2",217,"CRYPT",0,0,"Annual_Forb","Plant"
"6430","C","5","L","2",217,"CYAC",3,1.38248847926267,"Annual_Forb","Plant"
"6431","C","5","L","2",217,"DEAN",0,0,"Annual_Forb","Plant"
"6432","C","5","L","2",217,"DEPI",6,2.76497695852535,"Annual_Forb","Plant"
"6433","C","5","L","2",217,"Dark",21,9.67741935483871,"DkCy","Biocrust"
"6434","C","5","L","2",217,"ENFR",0,0,"Annual_Forb","Plant"
"6435","C","5","L","2",217,"EPHED",0,0,"Shrub","Plant"
"6436","C","5","L","2",217,"EPTO",0,0,"Shrub","Plant"
"6437","C","5","L","2",217,"EPVI",0,0,"Shrub","Plant"
"6438","C","5","L","2",217,"ERIN",0,0,"Annual_Forb","Plant"
"6439","C","5","L","2",217,"FEOC",3,1.38248847926267,"Annual_Grass","Plant"
"6440","C","5","L","2",217,"GAPI",3,1.38248847926267,"Annual_Forb","Plant"
"6441","C","5","L","2",217,"GIIN",0,0,"Annual_Forb","Plant"
"6442","C","5","L","2",217,"GUSA",0,0,"Shrub","Plant"
"6443","C","5","L","2",217,"HECO",0,0,"Perennial_Grass","Plant"
"6444","C","5","L","2",217,"IPPO",0,0,"Annual_Forb","Plant"
"6445","C","5","L","2",217,"KRLA",0,0,"Shrub","Plant"
"6446","C","5","L","2",217,"LEMO",0,0,"Annual_Forb","Plant"
"6447","C","5","L","2",217,"LEOC",0,0,"Annual_Forb","Plant"
"6448","C","5","L","2",217,"LYGR",0,0,"Annual_Forb","Plant"
"6449","C","5","L","2",217,"Lichen",3,1.38248847926267,"Lichen","Biocrust"
"6450","C","5","L","2",217,"Light",17,7.83410138248848,"LtCy","Biocrust"
"6451","C","5","L","2",217,"Litter",41,18.8940092165899,"Litter","Abiotic_Cover"
"6452","C","5","L","2",217,"MAAF",1,0.460829493087558,"Annual_Forb","Plant"
"6453","C","5","L","2",217,"Moss",23,10.5990783410138,"Moss","Biocrust"
"6454","C","5","L","2",217,"OECA",0,0,"Annual_Forb","Plant"
"6455","C","5","L","2",217,"OPUNT",0,0,"Cactus","Plant"
"6456","C","5","L","2",217,"PHCR",0,0,"Annual_Forb","Plant"
"6457","C","5","L","2",217,"PLPA",0,0,"Annual_Forb","Plant"
"6458","C","5","L","2",217,"SCWH",0,0,"Cactus","Plant"
"6459","C","5","L","2",217,"SPORO",0,0,"Perennial_Grass","Plant"
"6460","C","5","L","2",217,"TILA",0,0,"Annual_Forb","Plant"
"6461","C","5","L","2",217,"UNK1",0,0,"Annual_Forb","Plant"
"6462","C","5","L","2",217,"ATCO",0,0,"Shrub","Plant"
"6463","C","5","L","2",217,"HIJA",8,3.68663594470046,"Perennial_Grass","Plant"
"6464","C","5","L","2",217,"PlantBase",8,3.68663594470046,"Plant_Base","Plant"
"6465","C","5","L","2",217,"ACHY",10,4.60829493087558,"Perennial_Grass","Plant"
"6466","C","5","L","2",217,"Chamber",0,0,"Chamber","Abiotic_Cover"
"6467","C","5","L","2",217,"Rock",2,0.921658986175115,"Rock","Abiotic_Cover"
"6468","C","5","L","2",217,"Bare",0,0,"Bare_Ground","Abiotic_Cover"
"6469","C","5","L","3",231,"ANBR",0,0,"Annual_Forb","Plant"
"6470","C","5","L","3",231,"ASAM",0,0,"Annual_Forb","Plant"
"6471","C","5","L","3",231,"Bromus",63,27.2727272727273,"Annual_Grass","Plant"
"6472","C","5","L","3",231,"CHER",0,0,"Annual_Forb","Plant"
"6473","C","5","L","3",231,"CRYPT",0,0,"Annual_Forb","Plant"
"6474","C","5","L","3",231,"CYAC",2,0.865800865800866,"Annual_Forb","Plant"
"6475","C","5","L","3",231,"DEAN",0,0,"Annual_Forb","Plant"
"6476","C","5","L","3",231,"DEPI",8,3.46320346320346,"Annual_Forb","Plant"
"6477","C","5","L","3",231,"Dark",9,3.8961038961039,"DkCy","Biocrust"
"6478","C","5","L","3",231,"ENFR",0,0,"Annual_Forb","Plant"
"6479","C","5","L","3",231,"EPHED",0,0,"Shrub","Plant"
"6480","C","5","L","3",231,"EPTO",0,0,"Shrub","Plant"
"6481","C","5","L","3",231,"EPVI",0,0,"Shrub","Plant"
"6482","C","5","L","3",231,"ERIN",0,0,"Annual_Forb","Plant"
"6483","C","5","L","3",231,"FEOC",0,0,"Annual_Grass","Plant"
"6484","C","5","L","3",231,"GAPI",9,3.8961038961039,"Annual_Forb","Plant"
"6485","C","5","L","3",231,"GIIN",5,2.16450216450216,"Annual_Forb","Plant"
"6486","C","5","L","3",231,"GUSA",3,1.2987012987013,"Shrub","Plant"
"6487","C","5","L","3",231,"HECO",0,0,"Perennial_Grass","Plant"
"6488","C","5","L","3",231,"IPPO",0,0,"Annual_Forb","Plant"
"6489","C","5","L","3",231,"KRLA",0,0,"Shrub","Plant"
"6490","C","5","L","3",231,"LEMO",0,0,"Annual_Forb","Plant"
"6491","C","5","L","3",231,"LEOC",0,0,"Annual_Forb","Plant"
"6492","C","5","L","3",231,"LYGR",0,0,"Annual_Forb","Plant"
"6493","C","5","L","3",231,"Lichen",1,0.432900432900433,"Lichen","Biocrust"
"6494","C","5","L","3",231,"Light",11,4.76190476190476,"LtCy","Biocrust"
"6495","C","5","L","3",231,"Litter",67,29.004329004329,"Litter","Abiotic_Cover"
"6496","C","5","L","3",231,"MAAF",3,1.2987012987013,"Annual_Forb","Plant"
"6497","C","5","L","3",231,"Moss",7,3.03030303030303,"Moss","Biocrust"
"6498","C","5","L","3",231,"OECA",0,0,"Annual_Forb","Plant"
"6499","C","5","L","3",231,"OPUNT",0,0,"Cactus","Plant"
"6500","C","5","L","3",231,"PHCR",0,0,"Annual_Forb","Plant"
"6501","C","5","L","3",231,"PLPA",0,0,"Annual_Forb","Plant"
"6502","C","5","L","3",231,"SCWH",0,0,"Cactus","Plant"
"6503","C","5","L","3",231,"SPORO",0,0,"Perennial_Grass","Plant"
"6504","C","5","L","3",231,"TILA",0,0,"Annual_Forb","Plant"
"6505","C","5","L","3",231,"UNK1",0,0,"Annual_Forb","Plant"
"6506","C","5","L","3",231,"ATCO",1,0.432900432900433,"Shrub","Plant"
"6507","C","5","L","3",231,"HIJA",14,6.06060606060606,"Perennial_Grass","Plant"
"6508","C","5","L","3",231,"PlantBase",17,7.35930735930736,"Plant_Base","Plant"
"6509","C","5","L","3",231,"ACHY",3,1.2987012987013,"Perennial_Grass","Plant"
"6510","C","5","L","3",231,"Chamber",0,0,"Chamber","Abiotic_Cover"
"6511","C","5","L","3",231,"Rock",8,3.46320346320346,"Rock","Abiotic_Cover"
"6512","C","5","L","3",231,"Bare",0,0,"Bare_Ground","Abiotic_Cover"
"6513","C","5","L","4",213,"ANBR",0,0,"Annual_Forb","Plant"
"6514","C","5","L","4",213,"ASAM",0,0,"Annual_Forb","Plant"
"6515","C","5","L","4",213,"Bromus",43,20.18779342723,"Annual_Grass","Plant"
"6516","C","5","L","4",213,"CHER",0,0,"Annual_Forb","Plant"
"6517","C","5","L","4",213,"CRYPT",0,0,"Annual_Forb","Plant"
"6518","C","5","L","4",213,"CYAC",4,1.87793427230047,"Annual_Forb","Plant"
"6519","C","5","L","4",213,"DEAN",0,0,"Annual_Forb","Plant"
"6520","C","5","L","4",213,"DEPI",5,2.34741784037559,"Annual_Forb","Plant"
"6521","C","5","L","4",213,"Dark",13,6.10328638497653,"DkCy","Biocrust"
"6522","C","5","L","4",213,"ENFR",0,0,"Annual_Forb","Plant"
"6523","C","5","L","4",213,"EPHED",0,0,"Shrub","Plant"
"6524","C","5","L","4",213,"EPTO",0,0,"Shrub","Plant"
"6525","C","5","L","4",213,"EPVI",0,0,"Shrub","Plant"
"6526","C","5","L","4",213,"ERIN",0,0,"Annual_Forb","Plant"
"6527","C","5","L","4",213,"FEOC",1,0.469483568075117,"Annual_Grass","Plant"
"6528","C","5","L","4",213,"GAPI",8,3.75586854460094,"Annual_Forb","Plant"
"6529","C","5","L","4",213,"GIIN",3,1.40845070422535,"Annual_Forb","Plant"
"6530","C","5","L","4",213,"GUSA",0,0,"Shrub","Plant"
"6531","C","5","L","4",213,"HECO",0,0,"Perennial_Grass","Plant"
"6532","C","5","L","4",213,"IPPO",1,0.469483568075117,"Annual_Forb","Plant"
"6533","C","5","L","4",213,"KRLA",0,0,"Shrub","Plant"
"6534","C","5","L","4",213,"LEMO",0,0,"Annual_Forb","Plant"
"6535","C","5","L","4",213,"LEOC",0,0,"Annual_Forb","Plant"
"6536","C","5","L","4",213,"LYGR",0,0,"Annual_Forb","Plant"
"6537","C","5","L","4",213,"Lichen",13,6.10328638497653,"Lichen","Biocrust"
"6538","C","5","L","4",213,"Light",26,12.2065727699531,"LtCy","Biocrust"
"6539","C","5","L","4",213,"Litter",33,15.4929577464789,"Litter","Abiotic_Cover"
"6540","C","5","L","4",213,"MAAF",2,0.938967136150235,"Annual_Forb","Plant"
"6541","C","5","L","4",213,"Moss",8,3.75586854460094,"Moss","Biocrust"
"6542","C","5","L","4",213,"OECA",0,0,"Annual_Forb","Plant"
"6543","C","5","L","4",213,"OPUNT",0,0,"Cactus","Plant"
"6544","C","5","L","4",213,"PHCR",0,0,"Annual_Forb","Plant"
"6545","C","5","L","4",213,"PLPA",0,0,"Annual_Forb","Plant"
"6546","C","5","L","4",213,"SCWH",0,0,"Cactus","Plant"
"6547","C","5","L","4",213,"SPORO",0,0,"Perennial_Grass","Plant"
"6548","C","5","L","4",213,"TILA",0,0,"Annual_Forb","Plant"
"6549","C","5","L","4",213,"UNK1",1,0.469483568075117,"Annual_Forb","Plant"
"6550","C","5","L","4",213,"ATCO",0,0,"Shrub","Plant"
"6551","C","5","L","4",213,"HIJA",22,10.3286384976526,"Perennial_Grass","Plant"
"6552","C","5","L","4",213,"PlantBase",17,7.981220657277,"Plant_Base","Plant"
"6553","C","5","L","4",213,"ACHY",2,0.938967136150235,"Perennial_Grass","Plant"
"6554","C","5","L","4",213,"Chamber",0,0,"Chamber","Abiotic_Cover"
"6555","C","5","L","4",213,"Rock",11,5.16431924882629,"Rock","Abiotic_Cover"
"6556","C","5","L","4",213,"Bare",0,0,"Bare_Ground","Abiotic_Cover"
"6557","C","5","LW","1",188,"ANBR",0,0,"Annual_Forb","Plant"
"6558","C","5","LW","1",188,"ASAM",0,0,"Annual_Forb","Plant"
"6559","C","5","LW","1",188,"Bromus",27,14.3617021276596,"Annual_Grass","Plant"
"6560","C","5","LW","1",188,"CHER",0,0,"Annual_Forb","Plant"
"6561","C","5","LW","1",188,"CRYPT",0,0,"Annual_Forb","Plant"
"6562","C","5","LW","1",188,"CYAC",1,0.531914893617021,"Annual_Forb","Plant"
"6563","C","5","LW","1",188,"DEAN",0,0,"Annual_Forb","Plant"
"6564","C","5","LW","1",188,"DEPI",0,0,"Annual_Forb","Plant"
"6565","C","5","LW","1",188,"Dark",1,0.531914893617021,"DkCy","Biocrust"
"6566","C","5","LW","1",188,"ENFR",0,0,"Annual_Forb","Plant"
"6567","C","5","LW","1",188,"EPHED",0,0,"Shrub","Plant"
"6568","C","5","LW","1",188,"EPTO",0,0,"Shrub","Plant"
"6569","C","5","LW","1",188,"EPVI",0,0,"Shrub","Plant"
"6570","C","5","LW","1",188,"ERIN",0,0,"Annual_Forb","Plant"
"6571","C","5","LW","1",188,"FEOC",0,0,"Annual_Grass","Plant"
"6572","C","5","LW","1",188,"GAPI",0,0,"Annual_Forb","Plant"
"6573","C","5","LW","1",188,"GIIN",3,1.59574468085106,"Annual_Forb","Plant"
"6574","C","5","LW","1",188,"GUSA",0,0,"Shrub","Plant"
"6575","C","5","LW","1",188,"HECO",0,0,"Perennial_Grass","Plant"
"6576","C","5","LW","1",188,"IPPO",0,0,"Annual_Forb","Plant"
"6577","C","5","LW","1",188,"KRLA",0,0,"Shrub","Plant"
"6578","C","5","LW","1",188,"LEMO",0,0,"Annual_Forb","Plant"
"6579","C","5","LW","1",188,"LEOC",0,0,"Annual_Forb","Plant"
"6580","C","5","LW","1",188,"LYGR",0,0,"Annual_Forb","Plant"
"6581","C","5","LW","1",188,"Lichen",11,5.85106382978723,"Lichen","Biocrust"
"6582","C","5","LW","1",188,"Light",28,14.8936170212766,"LtCy","Biocrust"
"6583","C","5","LW","1",188,"Litter",39,20.7446808510638,"Litter","Abiotic_Cover"
"6584","C","5","LW","1",188,"MAAF",25,13.2978723404255,"Annual_Forb","Plant"
"6585","C","5","LW","1",188,"Moss",24,12.7659574468085,"Moss","Biocrust"
"6586","C","5","LW","1",188,"OECA",0,0,"Annual_Forb","Plant"
"6587","C","5","LW","1",188,"OPUNT",0,0,"Cactus","Plant"
"6588","C","5","LW","1",188,"PHCR",0,0,"Annual_Forb","Plant"
"6589","C","5","LW","1",188,"PLPA",0,0,"Annual_Forb","Plant"
"6590","C","5","LW","1",188,"SCWH",0,0,"Cactus","Plant"
"6591","C","5","LW","1",188,"SPORO",1,0.531914893617021,"Perennial_Grass","Plant"
"6592","C","5","LW","1",188,"TILA",0,0,"Annual_Forb","Plant"
"6593","C","5","LW","1",188,"UNK1",0,0,"Annual_Forb","Plant"
"6594","C","5","LW","1",188,"ATCO",6,3.19148936170213,"Shrub","Plant"
"6595","C","5","LW","1",188,"HIJA",9,4.78723404255319,"Perennial_Grass","Plant"
"6596","C","5","LW","1",188,"PlantBase",11,5.85106382978723,"Plant_Base","Plant"
"6597","C","5","LW","1",188,"ACHY",0,0,"Perennial_Grass","Plant"
"6598","C","5","LW","1",188,"Chamber",0,0,"Chamber","Abiotic_Cover"
"6599","C","5","LW","1",188,"Rock",2,1.06382978723404,"Rock","Abiotic_Cover"
"6600","C","5","LW","1",188,"Bare",0,0,"Bare_Ground","Abiotic_Cover"
"6601","C","5","LW","2",182,"ANBR",0,0,"Annual_Forb","Plant"
"6602","C","5","LW","2",182,"ASAM",0,0,"Annual_Forb","Plant"
"6603","C","5","LW","2",182,"Bromus",31,17.032967032967,"Annual_Grass","Plant"
"6604","C","5","LW","2",182,"CHER",0,0,"Annual_Forb","Plant"
"6605","C","5","LW","2",182,"CRYPT",0,0,"Annual_Forb","Plant"
"6606","C","5","LW","2",182,"CYAC",1,0.549450549450549,"Annual_Forb","Plant"
"6607","C","5","LW","2",182,"DEAN",0,0,"Annual_Forb","Plant"
"6608","C","5","LW","2",182,"DEPI",1,0.549450549450549,"Annual_Forb","Plant"
"6609","C","5","LW","2",182,"Dark",1,0.549450549450549,"DkCy","Biocrust"
"6610","C","5","LW","2",182,"ENFR",0,0,"Annual_Forb","Plant"
"6611","C","5","LW","2",182,"EPHED",0,0,"Shrub","Plant"
"6612","C","5","LW","2",182,"EPTO",0,0,"Shrub","Plant"
"6613","C","5","LW","2",182,"EPVI",0,0,"Shrub","Plant"
"6614","C","5","LW","2",182,"ERIN",0,0,"Annual_Forb","Plant"
"6615","C","5","LW","2",182,"FEOC",0,0,"Annual_Grass","Plant"
"6616","C","5","LW","2",182,"GAPI",1,0.549450549450549,"Annual_Forb","Plant"
"6617","C","5","LW","2",182,"GIIN",1,0.549450549450549,"Annual_Forb","Plant"
"6618","C","5","LW","2",182,"GUSA",0,0,"Shrub","Plant"
"6619","C","5","LW","2",182,"HECO",0,0,"Perennial_Grass","Plant"
"6620","C","5","LW","2",182,"IPPO",0,0,"Annual_Forb","Plant"
"6621","C","5","LW","2",182,"KRLA",0,0,"Shrub","Plant"
"6622","C","5","LW","2",182,"LEMO",0,0,"Annual_Forb","Plant"
"6623","C","5","LW","2",182,"LEOC",0,0,"Annual_Forb","Plant"
"6624","C","5","LW","2",182,"LYGR",0,0,"Annual_Forb","Plant"
"6625","C","5","LW","2",182,"Lichen",1,0.549450549450549,"Lichen","Biocrust"
"6626","C","5","LW","2",182,"Light",33,18.1318681318681,"LtCy","Biocrust"
"6627","C","5","LW","2",182,"Litter",45,24.7252747252747,"Litter","Abiotic_Cover"
"6628","C","5","LW","2",182,"MAAF",0,0,"Annual_Forb","Plant"
"6629","C","5","LW","2",182,"Moss",14,7.69230769230769,"Moss","Biocrust"
"6630","C","5","LW","2",182,"OECA",0,0,"Annual_Forb","Plant"
"6631","C","5","LW","2",182,"OPUNT",0,0,"Cactus","Plant"
"6632","C","5","LW","2",182,"PHCR",0,0,"Annual_Forb","Plant"
"6633","C","5","LW","2",182,"PLPA",0,0,"Annual_Forb","Plant"
"6634","C","5","LW","2",182,"SCWH",0,0,"Cactus","Plant"
"6635","C","5","LW","2",182,"SPORO",0,0,"Perennial_Grass","Plant"
"6636","C","5","LW","2",182,"TILA",0,0,"Annual_Forb","Plant"
"6637","C","5","LW","2",182,"UNK1",0,0,"Annual_Forb","Plant"
"6638","C","5","LW","2",182,"ATCO",19,10.4395604395604,"Shrub","Plant"
"6639","C","5","LW","2",182,"HIJA",18,9.89010989010989,"Perennial_Grass","Plant"
"6640","C","5","LW","2",182,"PlantBase",10,5.49450549450549,"Plant_Base","Plant"
"6641","C","5","LW","2",182,"ACHY",0,0,"Perennial_Grass","Plant"
"6642","C","5","LW","2",182,"Chamber",0,0,"Chamber","Abiotic_Cover"
"6643","C","5","LW","2",182,"Rock",6,3.2967032967033,"Rock","Abiotic_Cover"
"6644","C","5","LW","2",182,"Bare",0,0,"Bare_Ground","Abiotic_Cover"
"6645","C","5","LW","3",133,"ANBR",0,0,"Annual_Forb","Plant"
"6646","C","5","LW","3",133,"ASAM",0,0,"Annual_Forb","Plant"
"6647","C","5","LW","3",133,"Bromus",11,8.27067669172932,"Annual_Grass","Plant"
"6648","C","5","LW","3",133,"CHER",0,0,"Annual_Forb","Plant"
"6649","C","5","LW","3",133,"CRYPT",0,0,"Annual_Forb","Plant"
"6650","C","5","LW","3",133,"CYAC",0,0,"Annual_Forb","Plant"
"6651","C","5","LW","3",133,"DEAN",0,0,"Annual_Forb","Plant"
"6652","C","5","LW","3",133,"DEPI",2,1.50375939849624,"Annual_Forb","Plant"
"6653","C","5","LW","3",133,"Dark",1,0.75187969924812,"DkCy","Biocrust"
"6654","C","5","LW","3",133,"ENFR",0,0,"Annual_Forb","Plant"
"6655","C","5","LW","3",133,"EPHED",0,0,"Shrub","Plant"
"6656","C","5","LW","3",133,"EPTO",0,0,"Shrub","Plant"
"6657","C","5","LW","3",133,"EPVI",0,0,"Shrub","Plant"
"6658","C","5","LW","3",133,"ERIN",0,0,"Annual_Forb","Plant"
"6659","C","5","LW","3",133,"FEOC",0,0,"Annual_Grass","Plant"
"6660","C","5","LW","3",133,"GAPI",0,0,"Annual_Forb","Plant"
"6661","C","5","LW","3",133,"GIIN",1,0.75187969924812,"Annual_Forb","Plant"
"6662","C","5","LW","3",133,"GUSA",1,0.75187969924812,"Shrub","Plant"
"6663","C","5","LW","3",133,"HECO",0,0,"Perennial_Grass","Plant"
"6664","C","5","LW","3",133,"IPPO",0,0,"Annual_Forb","Plant"
"6665","C","5","LW","3",133,"KRLA",0,0,"Shrub","Plant"
"6666","C","5","LW","3",133,"LEMO",0,0,"Annual_Forb","Plant"
"6667","C","5","LW","3",133,"LEOC",0,0,"Annual_Forb","Plant"
"6668","C","5","LW","3",133,"LYGR",0,0,"Annual_Forb","Plant"
"6669","C","5","LW","3",133,"Lichen",0,0,"Lichen","Biocrust"
"6670","C","5","LW","3",133,"Light",71,53.3834586466165,"LtCy","Biocrust"
"6671","C","5","LW","3",133,"Litter",22,16.5413533834586,"Litter","Abiotic_Cover"
"6672","C","5","LW","3",133,"MAAF",0,0,"Annual_Forb","Plant"
"6673","C","5","LW","3",133,"Moss",15,11.2781954887218,"Moss","Biocrust"
"6674","C","5","LW","3",133,"OECA",0,0,"Annual_Forb","Plant"
"6675","C","5","LW","3",133,"OPUNT",0,0,"Cactus","Plant"
"6676","C","5","LW","3",133,"PHCR",0,0,"Annual_Forb","Plant"
"6677","C","5","LW","3",133,"PLPA",0,0,"Annual_Forb","Plant"
"6678","C","5","LW","3",133,"SCWH",0,0,"Cactus","Plant"
"6679","C","5","LW","3",133,"SPORO",0,0,"Perennial_Grass","Plant"
"6680","C","5","LW","3",133,"TILA",0,0,"Annual_Forb","Plant"
"6681","C","5","LW","3",133,"UNK1",0,0,"Annual_Forb","Plant"
"6682","C","5","LW","3",133,"ATCO",2,1.50375939849624,"Shrub","Plant"
"6683","C","5","LW","3",133,"HIJA",4,3.00751879699248,"Perennial_Grass","Plant"
"6684","C","5","LW","3",133,"PlantBase",3,2.25563909774436,"Plant_Base","Plant"
"6685","C","5","LW","3",133,"ACHY",0,0,"Perennial_Grass","Plant"
"6686","C","5","LW","3",133,"Chamber",0,0,"Chamber","Abiotic_Cover"
"6687","C","5","LW","3",133,"Rock",0,0,"Rock","Abiotic_Cover"
"6688","C","5","LW","3",133,"Bare",0,0,"Bare_Ground","Abiotic_Cover"
"6689","C","5","LW","4",177,"ANBR",0,0,"Annual_Forb","Plant"
"6690","C","5","LW","4",177,"ASAM",0,0,"Annual_Forb","Plant"
"6691","C","5","LW","4",177,"Bromus",34,19.2090395480226,"Annual_Grass","Plant"
"6692","C","5","LW","4",177,"CHER",0,0,"Annual_Forb","Plant"
"6693","C","5","LW","4",177,"CRYPT",1,0.564971751412429,"Annual_Forb","Plant"
"6694","C","5","LW","4",177,"CYAC",0,0,"Annual_Forb","Plant"
"6695","C","5","LW","4",177,"DEAN",0,0,"Annual_Forb","Plant"
"6696","C","5","LW","4",177,"DEPI",1,0.564971751412429,"Annual_Forb","Plant"
"6697","C","5","LW","4",177,"Dark",0,0,"DkCy","Biocrust"
"6698","C","5","LW","4",177,"ENFR",0,0,"Annual_Forb","Plant"
"6699","C","5","LW","4",177,"EPHED",0,0,"Shrub","Plant"
"6700","C","5","LW","4",177,"EPTO",0,0,"Shrub","Plant"
"6701","C","5","LW","4",177,"EPVI",0,0,"Shrub","Plant"
"6702","C","5","LW","4",177,"ERIN",0,0,"Annual_Forb","Plant"
"6703","C","5","LW","4",177,"FEOC",1,0.564971751412429,"Annual_Grass","Plant"
"6704","C","5","LW","4",177,"GAPI",1,0.564971751412429,"Annual_Forb","Plant"
"6705","C","5","LW","4",177,"GIIN",5,2.82485875706215,"Annual_Forb","Plant"
"6706","C","5","LW","4",177,"GUSA",0,0,"Shrub","Plant"
"6707","C","5","LW","4",177,"HECO",2,1.12994350282486,"Perennial_Grass","Plant"
"6708","C","5","LW","4",177,"IPPO",0,0,"Annual_Forb","Plant"
"6709","C","5","LW","4",177,"KRLA",0,0,"Shrub","Plant"
"6710","C","5","LW","4",177,"LEMO",0,0,"Annual_Forb","Plant"
"6711","C","5","LW","4",177,"LEOC",0,0,"Annual_Forb","Plant"
"6712","C","5","LW","4",177,"LYGR",0,0,"Annual_Forb","Plant"
"6713","C","5","LW","4",177,"Lichen",7,3.95480225988701,"Lichen","Biocrust"
"6714","C","5","LW","4",177,"Light",47,26.5536723163842,"LtCy","Biocrust"
"6715","C","5","LW","4",177,"Litter",40,22.5988700564972,"Litter","Abiotic_Cover"
"6716","C","5","LW","4",177,"MAAF",1,0.564971751412429,"Annual_Forb","Plant"
"6717","C","5","LW","4",177,"Moss",20,11.2994350282486,"Moss","Biocrust"
"6718","C","5","LW","4",177,"OECA",0,0,"Annual_Forb","Plant"
"6719","C","5","LW","4",177,"OPUNT",0,0,"Cactus","Plant"
"6720","C","5","LW","4",177,"PHCR",0,0,"Annual_Forb","Plant"
"6721","C","5","LW","4",177,"PLPA",0,0,"Annual_Forb","Plant"
"6722","C","5","LW","4",177,"SCWH",0,0,"Cactus","Plant"
"6723","C","5","LW","4",177,"SPORO",0,0,"Perennial_Grass","Plant"
"6724","C","5","LW","4",177,"TILA",0,0,"Annual_Forb","Plant"
"6725","C","5","LW","4",177,"UNK1",0,0,"Annual_Forb","Plant"
"6726","C","5","LW","4",177,"ATCO",2,1.12994350282486,"Shrub","Plant"
"6727","C","5","LW","4",177,"HIJA",9,5.08474576271187,"Perennial_Grass","Plant"
"6728","C","5","LW","4",177,"PlantBase",5,2.82485875706215,"Plant_Base","Plant"
"6729","C","5","LW","4",177,"ACHY",0,0,"Perennial_Grass","Plant"
"6730","C","5","LW","4",177,"Chamber",0,0,"Chamber","Abiotic_Cover"
"6731","C","5","LW","4",177,"Rock",1,0.564971751412429,"Rock","Abiotic_Cover"
"6732","C","5","LW","4",177,"Bare",0,0,"Bare_Ground","Abiotic_Cover"
"6733","C","5","W","1",159,"ANBR",0,0,"Annual_Forb","Plant"
"6734","C","5","W","1",159,"ASAM",0,0,"Annual_Forb","Plant"
"6735","C","5","W","1",159,"Bromus",33,20.7547169811321,"Annual_Grass","Plant"
"6736","C","5","W","1",159,"CHER",0,0,"Annual_Forb","Plant"
"6737","C","5","W","1",159,"CRYPT",0,0,"Annual_Forb","Plant"
"6738","C","5","W","1",159,"CYAC",2,1.25786163522013,"Annual_Forb","Plant"
"6739","C","5","W","1",159,"DEAN",0,0,"Annual_Forb","Plant"
"6740","C","5","W","1",159,"DEPI",2,1.25786163522013,"Annual_Forb","Plant"
"6741","C","5","W","1",159,"Dark",13,8.17610062893082,"DkCy","Biocrust"
"6742","C","5","W","1",159,"ENFR",0,0,"Annual_Forb","Plant"
"6743","C","5","W","1",159,"EPHED",0,0,"Shrub","Plant"
"6744","C","5","W","1",159,"EPTO",0,0,"Shrub","Plant"
"6745","C","5","W","1",159,"EPVI",1,0.628930817610063,"Shrub","Plant"
"6746","C","5","W","1",159,"ERIN",0,0,"Annual_Forb","Plant"
"6747","C","5","W","1",159,"FEOC",0,0,"Annual_Grass","Plant"
"6748","C","5","W","1",159,"GAPI",4,2.51572327044025,"Annual_Forb","Plant"
"6749","C","5","W","1",159,"GIIN",3,1.88679245283019,"Annual_Forb","Plant"
"6750","C","5","W","1",159,"GUSA",0,0,"Shrub","Plant"
"6751","C","5","W","1",159,"HECO",0,0,"Perennial_Grass","Plant"
"6752","C","5","W","1",159,"IPPO",0,0,"Annual_Forb","Plant"
"6753","C","5","W","1",159,"KRLA",0,0,"Shrub","Plant"
"6754","C","5","W","1",159,"LEMO",0,0,"Annual_Forb","Plant"
"6755","C","5","W","1",159,"LEOC",0,0,"Annual_Forb","Plant"
"6756","C","5","W","1",159,"LYGR",0,0,"Annual_Forb","Plant"
"6757","C","5","W","1",159,"Lichen",11,6.91823899371069,"Lichen","Biocrust"
"6758","C","5","W","1",159,"Light",20,12.5786163522013,"LtCy","Biocrust"
"6759","C","5","W","1",159,"Litter",29,18.2389937106918,"Litter","Abiotic_Cover"
"6760","C","5","W","1",159,"MAAF",0,0,"Annual_Forb","Plant"
"6761","C","5","W","1",159,"Moss",22,13.8364779874214,"Moss","Biocrust"
"6762","C","5","W","1",159,"OECA",0,0,"Annual_Forb","Plant"
"6763","C","5","W","1",159,"OPUNT",0,0,"Cactus","Plant"
"6764","C","5","W","1",159,"PHCR",0,0,"Annual_Forb","Plant"
"6765","C","5","W","1",159,"PLPA",0,0,"Annual_Forb","Plant"
"6766","C","5","W","1",159,"SCWH",0,0,"Cactus","Plant"
"6767","C","5","W","1",159,"SPORO",0,0,"Perennial_Grass","Plant"
"6768","C","5","W","1",159,"TILA",0,0,"Annual_Forb","Plant"
"6769","C","5","W","1",159,"UNK1",0,0,"Annual_Forb","Plant"
"6770","C","5","W","1",159,"ATCO",0,0,"Shrub","Plant"
"6771","C","5","W","1",159,"HIJA",11,6.91823899371069,"Perennial_Grass","Plant"
"6772","C","5","W","1",159,"PlantBase",6,3.77358490566038,"Plant_Base","Plant"
"6773","C","5","W","1",159,"ACHY",0,0,"Perennial_Grass","Plant"
"6774","C","5","W","1",159,"Chamber",0,0,"Chamber","Abiotic_Cover"
"6775","C","5","W","1",159,"Rock",2,1.25786163522013,"Rock","Abiotic_Cover"
"6776","C","5","W","1",159,"Bare",0,0,"Bare_Ground","Abiotic_Cover"
"6777","C","5","W","2",172,"ANBR",0,0,"Annual_Forb","Plant"
"6778","C","5","W","2",172,"ASAM",0,0,"Annual_Forb","Plant"
"6779","C","5","W","2",172,"Bromus",24,13.953488372093,"Annual_Grass","Plant"
"6780","C","5","W","2",172,"CHER",0,0,"Annual_Forb","Plant"
"6781","C","5","W","2",172,"CRYPT",0,0,"Annual_Forb","Plant"
"6782","C","5","W","2",172,"CYAC",0,0,"Annual_Forb","Plant"
"6783","C","5","W","2",172,"DEAN",0,0,"Annual_Forb","Plant"
"6784","C","5","W","2",172,"DEPI",1,0.581395348837209,"Annual_Forb","Plant"
"6785","C","5","W","2",172,"Dark",4,2.32558139534884,"DkCy","Biocrust"
"6786","C","5","W","2",172,"ENFR",0,0,"Annual_Forb","Plant"
"6787","C","5","W","2",172,"EPHED",0,0,"Shrub","Plant"
"6788","C","5","W","2",172,"EPTO",0,0,"Shrub","Plant"
"6789","C","5","W","2",172,"EPVI",29,16.8604651162791,"Shrub","Plant"
"6790","C","5","W","2",172,"ERIN",0,0,"Annual_Forb","Plant"
"6791","C","5","W","2",172,"FEOC",0,0,"Annual_Grass","Plant"
"6792","C","5","W","2",172,"GAPI",0,0,"Annual_Forb","Plant"
"6793","C","5","W","2",172,"GIIN",1,0.581395348837209,"Annual_Forb","Plant"
"6794","C","5","W","2",172,"GUSA",0,0,"Shrub","Plant"
"6795","C","5","W","2",172,"HECO",0,0,"Perennial_Grass","Plant"
"6796","C","5","W","2",172,"IPPO",0,0,"Annual_Forb","Plant"
"6797","C","5","W","2",172,"KRLA",0,0,"Shrub","Plant"
"6798","C","5","W","2",172,"LEMO",0,0,"Annual_Forb","Plant"
"6799","C","5","W","2",172,"LEOC",0,0,"Annual_Forb","Plant"
"6800","C","5","W","2",172,"LYGR",0,0,"Annual_Forb","Plant"
"6801","C","5","W","2",172,"Lichen",4,2.32558139534884,"Lichen","Biocrust"
"6802","C","5","W","2",172,"Light",24,13.953488372093,"LtCy","Biocrust"
"6803","C","5","W","2",172,"Litter",32,18.6046511627907,"Litter","Abiotic_Cover"
"6804","C","5","W","2",172,"MAAF",0,0,"Annual_Forb","Plant"
"6805","C","5","W","2",172,"Moss",25,14.5348837209302,"Moss","Biocrust"
"6806","C","5","W","2",172,"OECA",0,0,"Annual_Forb","Plant"
"6807","C","5","W","2",172,"OPUNT",0,0,"Cactus","Plant"
"6808","C","5","W","2",172,"PHCR",0,0,"Annual_Forb","Plant"
"6809","C","5","W","2",172,"PLPA",0,0,"Annual_Forb","Plant"
"6810","C","5","W","2",172,"SCWH",0,0,"Cactus","Plant"
"6811","C","5","W","2",172,"SPORO",0,0,"Perennial_Grass","Plant"
"6812","C","5","W","2",172,"TILA",0,0,"Annual_Forb","Plant"
"6813","C","5","W","2",172,"UNK1",0,0,"Annual_Forb","Plant"
"6814","C","5","W","2",172,"ATCO",0,0,"Shrub","Plant"
"6815","C","5","W","2",172,"HIJA",15,8.72093023255814,"Perennial_Grass","Plant"
"6816","C","5","W","2",172,"PlantBase",9,5.23255813953488,"Plant_Base","Plant"
"6817","C","5","W","2",172,"ACHY",0,0,"Perennial_Grass","Plant"
"6818","C","5","W","2",172,"Chamber",0,0,"Chamber","Abiotic_Cover"
"6819","C","5","W","2",172,"Rock",4,2.32558139534884,"Rock","Abiotic_Cover"
"6820","C","5","W","2",172,"Bare",0,0,"Bare_Ground","Abiotic_Cover"
"6821","C","5","W","3",185,"ANBR",0,0,"Annual_Forb","Plant"
"6822","C","5","W","3",185,"ASAM",0,0,"Annual_Forb","Plant"
"6823","C","5","W","3",185,"Bromus",34,18.3783783783784,"Annual_Grass","Plant"
"6824","C","5","W","3",185,"CHER",0,0,"Annual_Forb","Plant"
"6825","C","5","W","3",185,"CRYPT",0,0,"Annual_Forb","Plant"
"6826","C","5","W","3",185,"CYAC",1,0.540540540540541,"Annual_Forb","Plant"
"6827","C","5","W","3",185,"DEAN",0,0,"Annual_Forb","Plant"
"6828","C","5","W","3",185,"DEPI",2,1.08108108108108,"Annual_Forb","Plant"
"6829","C","5","W","3",185,"Dark",4,2.16216216216216,"DkCy","Biocrust"
"6830","C","5","W","3",185,"ENFR",0,0,"Annual_Forb","Plant"
"6831","C","5","W","3",185,"EPHED",0,0,"Shrub","Plant"
"6832","C","5","W","3",185,"EPTO",0,0,"Shrub","Plant"
"6833","C","5","W","3",185,"EPVI",0,0,"Shrub","Plant"
"6834","C","5","W","3",185,"ERIN",0,0,"Annual_Forb","Plant"
"6835","C","5","W","3",185,"FEOC",0,0,"Annual_Grass","Plant"
"6836","C","5","W","3",185,"GAPI",1,0.540540540540541,"Annual_Forb","Plant"
"6837","C","5","W","3",185,"GIIN",3,1.62162162162162,"Annual_Forb","Plant"
"6838","C","5","W","3",185,"GUSA",0,0,"Shrub","Plant"
"6839","C","5","W","3",185,"HECO",0,0,"Perennial_Grass","Plant"
"6840","C","5","W","3",185,"IPPO",0,0,"Annual_Forb","Plant"
"6841","C","5","W","3",185,"KRLA",0,0,"Shrub","Plant"
"6842","C","5","W","3",185,"LEMO",0,0,"Annual_Forb","Plant"
"6843","C","5","W","3",185,"LEOC",0,0,"Annual_Forb","Plant"
"6844","C","5","W","3",185,"LYGR",0,0,"Annual_Forb","Plant"
"6845","C","5","W","3",185,"Lichen",8,4.32432432432432,"Lichen","Biocrust"
"6846","C","5","W","3",185,"Light",10,5.40540540540541,"LtCy","Biocrust"
"6847","C","5","W","3",185,"Litter",57,30.8108108108108,"Litter","Abiotic_Cover"
"6848","C","5","W","3",185,"MAAF",0,0,"Annual_Forb","Plant"
"6849","C","5","W","3",185,"Moss",33,17.8378378378378,"Moss","Biocrust"
"6850","C","5","W","3",185,"OECA",0,0,"Annual_Forb","Plant"
"6851","C","5","W","3",185,"OPUNT",0,0,"Cactus","Plant"
"6852","C","5","W","3",185,"PHCR",1,0.540540540540541,"Annual_Forb","Plant"
"6853","C","5","W","3",185,"PLPA",0,0,"Annual_Forb","Plant"
"6854","C","5","W","3",185,"SCWH",0,0,"Cactus","Plant"
"6855","C","5","W","3",185,"SPORO",0,0,"Perennial_Grass","Plant"
"6856","C","5","W","3",185,"TILA",0,0,"Annual_Forb","Plant"
"6857","C","5","W","3",185,"UNK1",0,0,"Annual_Forb","Plant"
"6858","C","5","W","3",185,"ATCO",4,2.16216216216216,"Shrub","Plant"
"6859","C","5","W","3",185,"HIJA",16,8.64864864864865,"Perennial_Grass","Plant"
"6860","C","5","W","3",185,"PlantBase",10,5.40540540540541,"Plant_Base","Plant"
"6861","C","5","W","3",185,"ACHY",0,0,"Perennial_Grass","Plant"
"6862","C","5","W","3",185,"Chamber",0,0,"Chamber","Abiotic_Cover"
"6863","C","5","W","3",185,"Rock",1,0.540540540540541,"Rock","Abiotic_Cover"
"6864","C","5","W","3",185,"Bare",0,0,"Bare_Ground","Abiotic_Cover"
"6865","C","5","W","4",186,"ANBR",0,0,"Annual_Forb","Plant"
"6866","C","5","W","4",186,"ASAM",0,0,"Annual_Forb","Plant"
"6867","C","5","W","4",186,"Bromus",30,16.1290322580645,"Annual_Grass","Plant"
"6868","C","5","W","4",186,"CHER",0,0,"Annual_Forb","Plant"
"6869","C","5","W","4",186,"CRYPT",0,0,"Annual_Forb","Plant"
"6870","C","5","W","4",186,"CYAC",2,1.0752688172043,"Annual_Forb","Plant"
"6871","C","5","W","4",186,"DEAN",0,0,"Annual_Forb","Plant"
"6872","C","5","W","4",186,"DEPI",1,0.537634408602151,"Annual_Forb","Plant"
"6873","C","5","W","4",186,"Dark",4,2.1505376344086,"DkCy","Biocrust"
"6874","C","5","W","4",186,"ENFR",0,0,"Annual_Forb","Plant"
"6875","C","5","W","4",186,"EPHED",0,0,"Shrub","Plant"
"6876","C","5","W","4",186,"EPTO",0,0,"Shrub","Plant"
"6877","C","5","W","4",186,"EPVI",12,6.45161290322581,"Shrub","Plant"
"6878","C","5","W","4",186,"ERIN",0,0,"Annual_Forb","Plant"
"6879","C","5","W","4",186,"FEOC",1,0.537634408602151,"Annual_Grass","Plant"
"6880","C","5","W","4",186,"GAPI",1,0.537634408602151,"Annual_Forb","Plant"
"6881","C","5","W","4",186,"GIIN",2,1.0752688172043,"Annual_Forb","Plant"
"6882","C","5","W","4",186,"GUSA",1,0.537634408602151,"Shrub","Plant"
"6883","C","5","W","4",186,"HECO",0,0,"Perennial_Grass","Plant"
"6884","C","5","W","4",186,"IPPO",0,0,"Annual_Forb","Plant"
"6885","C","5","W","4",186,"KRLA",0,0,"Shrub","Plant"
"6886","C","5","W","4",186,"LEMO",0,0,"Annual_Forb","Plant"
"6887","C","5","W","4",186,"LEOC",0,0,"Annual_Forb","Plant"
"6888","C","5","W","4",186,"LYGR",0,0,"Annual_Forb","Plant"
"6889","C","5","W","4",186,"Lichen",2,1.0752688172043,"Lichen","Biocrust"
"6890","C","5","W","4",186,"Light",28,15.0537634408602,"LtCy","Biocrust"
"6891","C","5","W","4",186,"Litter",31,16.6666666666667,"Litter","Abiotic_Cover"
"6892","C","5","W","4",186,"MAAF",0,0,"Annual_Forb","Plant"
"6893","C","5","W","4",186,"Moss",47,25.2688172043011,"Moss","Biocrust"
"6894","C","5","W","4",186,"OECA",0,0,"Annual_Forb","Plant"
"6895","C","5","W","4",186,"OPUNT",0,0,"Cactus","Plant"
"6896","C","5","W","4",186,"PHCR",0,0,"Annual_Forb","Plant"
"6897","C","5","W","4",186,"PLPA",0,0,"Annual_Forb","Plant"
"6898","C","5","W","4",186,"SCWH",0,0,"Cactus","Plant"
"6899","C","5","W","4",186,"SPORO",0,0,"Perennial_Grass","Plant"
"6900","C","5","W","4",186,"TILA",0,0,"Annual_Forb","Plant"
"6901","C","5","W","4",186,"UNK1",0,0,"Annual_Forb","Plant"
"6902","C","5","W","4",186,"ATCO",0,0,"Shrub","Plant"
"6903","C","5","W","4",186,"HIJA",9,4.83870967741935,"Perennial_Grass","Plant"
"6904","C","5","W","4",186,"PlantBase",7,3.76344086021505,"Plant_Base","Plant"
"6905","C","5","W","4",186,"ACHY",5,2.68817204301075,"Perennial_Grass","Plant"
"6906","C","5","W","4",186,"Chamber",0,0,"Chamber","Abiotic_Cover"
"6907","C","5","W","4",186,"Rock",3,1.61290322580645,"Rock","Abiotic_Cover"
"6908","C","5","W","4",186,"Bare",0,0,"Bare_Ground","Abiotic_Cover"
