"ID","Plot","Treat","CBLUE","BLUE","GREEN","YELLOW","RED","REDEDGE","NIR","NDVI","CI1","CI2"
"B1_LC_1_1","B1","LC","0.0662553740028996","0.0823702216542352","0.117187506865145","0.191729294110243","0.219046381750524","0.248563827625458","0.277816747945875","0.1314382731968","0.381979262588883","0.0350977651754482"
"B1_LC_1_2","B1","LC","0.072870497988552","0.0902456182331957","0.129842967709829","0.217435558060675","0.248522729794819","0.277901416250698","0.305824494522631","0.115355256653476","0.383996444629364","0.0296334921549447"
"B1_LC_1_3","B1","LC","0.0610039587582946","0.0760048928433963","0.105978547853408","0.167613443674072","0.190611334797909","0.22528024039468","0.257383526365451","0.162848954753038","0.387271312467522","0.0483848829477969"
"B1_LC_2_1","B1","LC","0.0640737496454295","0.0779255819601398","0.108975560127754","0.177335774374488","0.20034583546891","0.221895733610399","0.242776537516739","0.107378309299511","0.361926675794717","0.0277889344613254"
"B1_LC_2_2","B1","LC","0.0630547411379896","0.0764864507532708","0.106752284318054","0.173357960242966","0.195762285217878","0.21710010894596","0.237658096080727","0.108227237979042","0.361432209212258","0.0282235645431917"
"B1_LC_2_3","B1","LC","0.0627342285755137","0.0761024898799176","0.10602101908318","0.171734104539855","0.193890068268482","0.215067658097719","0.235609798382646","0.108678145559871","0.360177757460831","0.028226502161239"
"B1_LC_3_1","B1","LC","0.0545070661778575","0.0654199076437847","0.0889618277323615","0.141330528101086","0.159318639817141","0.184176143044872","0.208609275492694","0.146804113992995","0.37600550293466","0.0441162660609637"
"B1_LC_3_2","B1","LC","0.054538441187491","0.0649552371039858","0.0869990910903839","0.134604778061582","0.151107633644254","0.176661683977045","0.202080376471546","0.157201715839608","0.368609376690815","0.047911855951318"
"B1_LC_3_3","B1","LC","0.0539518461821265","0.0644461061455768","0.0867110016192807","0.135332027108356","0.152136490171383","0.177603791369172","0.202628690531506","0.155240498994216","0.372253867510338","0.0473569776949355"
"B1_LC_4_1","B1","LC","0.0632429226727502","0.0782681539141937","0.112886626297308","0.190686099641499","0.217650807005564","0.250918786013494","0.279682826154034","0.136392663685104","0.404772369001247","0.0401463519113514"
"B1_LC_4_2","B1","LC","0.0676390469482056","0.0834974610561616","0.121472733200477","0.208176892180341","0.237941346158166","0.269468368374089","0.297327661643419","0.122517118806044","0.401838750106208","0.0339665622644915"
"B1_LC_4_3","B1","LC","0.0597807845343569","0.0739768663124111","0.105380979466834","0.174305198350758","0.198351431427025","0.233786642671053","0.263919905113964","0.154031615298842","0.406106334757616","0.047177704149897"
"B1_LC_5_1","B1","LC","0.0773300307860736","0.0953224755233522","0.139400507547105","0.241132839398331","0.275622087336389","0.304353418067268","0.329774772770895","0.100300414196797","0.391893557541509","0.0254056771892645"
"B1_LC_5_2","B1","LC","0.0769640293696792","0.0946945497000385","0.138476381036663","0.239906839124683","0.274101039165854","0.302694800108829","0.327816361462964","0.0997251401225154","0.392694234701791","0.0253740544286235"
"B1_LC_5_3","B1","LC","0.0746983557198123","0.0916767800412743","0.134072170357452","0.232973828791445","0.266282367621332","0.29422767091881","0.318760280266341","0.100465852846827","0.394616094540254","0.025535329379029"
"B1_LC_6_1","B1","LC","0.0647123895248619","0.07938089477418","0.116233913570682","0.203480999764454","0.233466570299497","0.260691228448857","0.284706289227635","0.110259614581483","0.405594814002338","0.0288595829496615"
"B1_LC_6_2","B1","LC","0.0605468450182904","0.0737042046652432","0.106251041734417","0.182271744250211","0.207900441226896","0.23357814744095","0.256403253933117","0.1155437761159","0.397691685724438","0.0314274566825645"
"B1_LC_6_3","B1","LC","0.0585411995389735","0.0706468248143289","0.100094540500107","0.167175362917767","0.189570964908272","0.214580501187417","0.237240473862577","0.123039624368709","0.387165088022599","0.0340325646267837"
"B1_LC_7_1","B1","LC","0.0592387589802506","0.0736733710200072","0.107703111049357","0.186287387800378","0.213379441615063","0.24409643173806","0.269970610561951","0.128971381176415","0.41240010263342","0.0368429114208504"
"B1_LC_7_2","B1","LC","0.0589949950168277","0.0734088813624462","0.107321637216264","0.185086540723316","0.212371136199803","0.245023690129586","0.272585959218449","0.13635097014589","0.416084974048892","0.0388484412613019"
"B1_LC_7_3","B1","LC","0.0593288278449752","0.0738372825983757","0.108008826723461","0.186575311478033","0.213988293737114","0.24622123876122","0.273388920646239","0.134062458907364","0.415187357083345","0.0381657934202614"
"B1_LC_8_1","B1","LC","0.073769185093525","0.0908973509032388","0.13126107575338","0.222103942226561","0.253658091378313","0.280697723047384","0.305839334557798","0.104679805024296","0.382367630625091","0.0261858814695942"
"B1_LC_8_2","B1","LC","0.0732405839065823","0.0902353336440715","0.130547899592001","0.221709066513411","0.25316360453064","0.279897517964773","0.304545617417757","0.103322553820208","0.383559256278476","0.0258293682417403"
"B1_LC_8_3","B1","LC","0.0733005889832895","0.0903625917528438","0.130619540582953","0.22138598664973","0.252744349576066","0.279546111989486","0.304306143290562","0.103931436961807","0.382793474229063","0.0260451435741124"
"B1_LC_9_1","B1","LC","0.0654302845308741","0.0793586898575796","0.112994294113579","0.189263239356418","0.214255704942986","0.241212347784925","0.264709030227397","0.116150204906262","0.38484235760436","0.0331196445503329"
"B1_LC_9_2","B1","LC","0.0532899901475187","0.0647164320094293","0.0889388817581832","0.139192668167864","0.155880333738384","0.186665021521056","0.212723724460351","0.165990550397417","0.383873602107549","0.0541899397429035"
"B1_LC_9_3","B1","LC","0.0543405137460875","0.0659214820377326","0.0914913922484843","0.146383862084495","0.164469565487037","0.194750671513971","0.220838987390536","0.158036950468557","0.389162624759196","0.0506853737457981"
"B1_LC_10_1","B1","LC","0.0633665655422508","0.0791490617073866","0.113422420828416","0.184767719454856","0.209255002063742","0.251404770012226","0.289120169337575","0.172276226210812","0.409863924262063","0.0604531951067464"
"B1_LC_10_2","B1","LC","0.0632715933309557","0.0788672209065032","0.111412198146844","0.175870379809482","0.198568499285434","0.244693675555102","0.284779790735919","0.19025613164444","0.407726774271204","0.06810262635656"
"B1_LC_10_3","B1","LC","0.0652712679266129","0.0813276047542779","0.116429494769237","0.189849815790692","0.215232938676348","0.257569877847485","0.295433182097971","0.169065188644632","0.407744252362271","0.0573364820601788"
"B1_LC_11_1","B1","LC","0.0640295417449576","0.0795027903954835","0.113524676371637","0.184571035510705","0.208828227952935","0.244203975558051","0.275785173999509","0.149852799991668","0.393426896805972","0.0508245400150254"
"B1_LC_11_2","B1","LC","0.0676461751210539","0.0834000646787626","0.117240752436819","0.188772308586091","0.214922367481418","0.245037446285168","0.273138678248394","0.132019530749353","0.375888101465422","0.0376526035370689"
"B1_LC_11_3","B1","LC","0.0642672495074467","0.079384680606824","0.112039507839306","0.180524944973934","0.204841927877122","0.235500978029654","0.263354194052964","0.137113036638605","0.380233253244747","0.0427107308788523"
"B1_LC_12_1","B1","LC","0.0668159989699341","0.0806118604504702","0.115413024184244","0.197586056845084","0.224316678736401","0.248610729936505","0.269075439062439","0.10063702748916","0.387853171490624","0.0277193357864913"
"B1_LC_12_2","B1","LC","0.0637483700526708","0.0770369527867035","0.109761452785983","0.186223268477198","0.210982661713765","0.235069337686299","0.255524560477628","0.105738541869931","0.385874939420039","0.0297220000077441"
"B1_LC_12_3","B1","LC","0.066999688999922","0.080983491778302","0.115954407411394","0.198414975476382","0.225286483086815","0.249783086312145","0.270370343597863","0.100833011151997","0.387710655227614","0.02790870563013"
"B1_LC_13_1","B1","LC","0.0558236737682226","0.0730180196473015","0.0979713512766611","0.14075008800164","0.158546535395372","0.192365788468606","0.223548923084405","0.185792383022703","0.351346347456585","0.051298516389207"
"B1_LC_13_2","B1","LC","0.0556029924707029","0.0732209014752693","0.0969752600955164","0.131073822746523","0.146577121787507","0.184575952561494","0.215505519764265","0.204759657426451","0.338152383093775","0.060659013785042"
"B1_LC_13_3","B1","LC","0.0579698759038993","0.075602213505306","0.100468040655084","0.135852018117643","0.151742901129564","0.193859055523229","0.226250225990766","0.210334950999187","0.345116198067139","0.0645890014277795"
"B1_LC_14_1","B1","LC","0.0609473460043813","0.0757419014798123","0.105356827464259","0.158901948899994","0.178694395552922","0.23830483639991","0.282167261088704","0.235791930741379","0.424191785727212","0.0852564798836828"
"B1_LC_14_2","B1","LC","0.0658572914945131","0.0816086400112615","0.11573909414667","0.184286079974402","0.209806237542986","0.261851415938439","0.302456882051145","0.19296765320361","0.418694484237996","0.0650971614473695"
"B1_LC_14_3","B1","LC","0.0614931467543814","0.0763368401890062","0.105946417031016","0.159681063127026","0.179748689004174","0.238300320640946","0.281327318026787","0.231622275818401","0.421200052586164","0.0836258422210919"
"B1_LC_15_1","B1","LC","0.0570322395888065","0.0692696256966934","0.0964777984944992","0.157776382498479","0.178911280833477","0.202611002142677","0.220671390806718","0.114445296811237","0.377492889106796","0.0342089076423959"
"B1_LC_15_2","B1","LC","0.0606218791344298","0.0739971962700787","0.103815816987778","0.171426382599023","0.19480019032624","0.219959755857208","0.239351467617134","0.112846277507179","0.380882078809049","0.0321616235685141"
"B1_LC_15_3","B1","LC","0.0615402161361613","0.0750251105630027","0.10565787817123","0.175480439938573","0.199813913395145","0.225615120366933","0.24527940230446","0.11234632319735","0.384092732758615","0.0314008544370449"
"B1_LW_1_1","B1","LW","0.059877896610432","0.0708322197210278","0.0899337730788606","0.125007904235558","0.138104759898736","0.166151181491108","0.194492015123245","0.183200463345226","0.32772455639431","0.0567833904390429"
"B1_LW_1_2","B1","LW","0.0588335218243121","0.0696419969005888","0.0890187573124868","0.125275104836416","0.138815884071893","0.167041809019846","0.195795265053319","0.184294987541129","0.335043546553536","0.0571098000627081"
"B1_LW_1_3","B1","LW","0.0590046046486039","0.0697753070596713","0.0885635298777295","0.123088665574407","0.136014241765167","0.163916333332231","0.192001192992948","0.184542343815387","0.328605415324457","0.0572542478319705"
"B1_LW_2_1","B1","LW","0.0748776562825491","0.0916523711896113","0.124955072311177","0.19172146937726","0.217032793790086","0.247738882075644","0.279648648510416","0.139799234361213","0.352286948480733","0.0382063064005541"
"B1_LW_2_2","B1","LW","0.0752827088677996","0.0922418016715542","0.125925408601987","0.193386108011796","0.218918363077239","0.250207327209565","0.282661024949082","0.140840857705076","0.353401388054931","0.038478563649648"
"B1_LW_2_3","B1","LW","0.0746174029234716","0.0916304235192665","0.126004555811652","0.195617979782106","0.221842082095123","0.253858066065095","0.286872316099806","0.141520180970858","0.35992684279404","0.0389884034071513"
"B1_LW_3_1","B1","LW","0.0565278904221804","0.0685761133941517","0.0962841041680733","0.158844288376086","0.180373043882583","0.207167219485922","0.232112567696215","0.13785188824943","0.392010879141833","0.0403239448486757"
"B1_LW_3_2","B1","LW","0.0559922262936196","0.0680956852895118","0.0953495951220581","0.156485808888929","0.177830315850929","0.204657698193786","0.230217790849142","0.141203801803413","0.3911134648669","0.0410346777059842"
"B1_LW_3_3","B1","LW","0.0548887337612848","0.0667059614964417","0.0929438660680949","0.151678593188331","0.1723458492972","0.198804107779759","0.224058797143574","0.143237746428577","0.389928611862702","0.0417662845399254"
"B1_LW_4_1","B1","LW","0.0653014759238232","0.0800962678566873","0.109230591255299","0.165921135400862","0.186345855884878","0.225215728390167","0.261549044077662","0.181081787693886","0.377228575949998","0.0585669055877384"
"B1_LW_4_2","B1","LW","0.0610815581170754","0.0746352343804233","0.0988322869654789","0.143157198217466","0.159441041684893","0.200309004718651","0.236948239766483","0.20849002195543","0.374667307779648","0.0731679264511971"
"B1_LW_4_3","B1","LW","0.0602136287707388","0.073651707393242","0.0978262939957044","0.142518123095284","0.158858603096371","0.199483615047054","0.235947270664553","0.208456073556978","0.377230439896631","0.0730776662316308"
"B1_LW_5_1","B1","LW","0.0729858706919926","0.0897245102657719","0.130340820018858","0.223005667226592","0.254172707547903","0.284890214089523","0.314108242120092","0.117166096238697","0.395516128095582","0.0317932273042562"
"B1_LW_5_2","B1","LW","0.0713718980232228","0.0878425625949394","0.127535564404876","0.218626530638214","0.249390536803862","0.280108875053464","0.308899933937944","0.118435510147935","0.397912585058964","0.0321812917693163"
"B1_LW_5_3","B1","LW","0.0698618371374281","0.0860527169169347","0.1247802657194","0.213866080677991","0.244314537393169","0.274856913185164","0.303427424215037","0.119876589638032","0.399458966427609","0.032631395244007"
"B1_LW_6_1","B1","LW","0.057090521154333","0.068819939875373","0.0962921573979191","0.158959929943251","0.179108484755811","0.203545491000725","0.227124183181253","0.129308047189331","0.384126212433921","0.0382969682978224"
"B1_LW_6_2","B1","LW","0.0576672561267163","0.069604646052439","0.0974842474534088","0.161049976381489","0.181513664865403","0.205719690393926","0.229274187435882","0.127578666865907","0.383113953513432","0.0375043696136871"
"B1_LW_6_3","B1","LW","0.0551138081940718","0.0663324912815637","0.0925467298054666","0.15252190499086","0.171823237390524","0.195620175460508","0.218545391813178","0.130952013514835","0.384504280945296","0.0392534404522172"
"B1_LW_7_1","B1","LW","0.0636410194106122","0.0821064455877682","0.116374567358873","0.182942012323802","0.209062456203607","0.251233752108569","0.289066079933581","0.175022159563063","0.394456190425483","0.0533642896914949"
"B1_LW_7_2","B1","LW","0.0627104595424873","0.0812811266342068","0.115666277702348","0.182917359952018","0.209440400534832","0.250688064397319","0.287686210246861","0.171593622733811","0.395800366454861","0.0518536283538376"
"B1_LW_7_3","B1","LW","0.0619351857269545","0.0803809527528899","0.114588394816791","0.181774306341449","0.208310848391373","0.24908995967754","0.285704682264652","0.171081358080303","0.397297655156746","0.0515791589788479"
"B1_LW_8_1","B1","LW","0.0760855205388779","0.0936290707772758","0.13611283188593","0.233441341594333","0.265708236007941","0.296616296484166","0.324196177742061","0.109836457327661","0.393045978953426","0.0299257260449379"
"B1_LW_8_2","B1","LW","0.0762267313296792","0.0938235388618041","0.136499004521868","0.234225180568026","0.266606987401527","0.297599092517906","0.325253223896619","0.109835860663356","0.393319608050289","0.0298098579466309"
"B1_LW_8_3","B1","LW","0.0774419143911408","0.0950876687337376","0.138015729416913","0.236601946091343","0.269118392898863","0.300002134157437","0.32751769657357","0.108552517313502","0.391963596586209","0.0294482651002263"
"B1_LW_9_1","B1","LW","0.0470869781139426","0.0574106410124752","0.0779482945280075","0.118632540693549","0.133272667665002","0.158588727751997","0.184039330420108","0.174510066543113","0.369790426056174","0.0528293937481181"
"B1_LW_9_2","B1","LW","0.0495944053158274","0.0604045384093362","0.0830026598329209","0.129233391040345","0.145259313377613","0.17067380813325","0.195842218400186","0.162239110914869","0.373342088970779","0.0486095158468446"
"B1_LW_9_3","B1","LW","0.0474288702433829","0.0582551276327396","0.0802420502892367","0.12439203510214","0.140310074847027","0.167103610496081","0.193986444088605","0.175314017160925","0.379953403713321","0.0525957771330596"
"B1_LW_10_1","B1","LW","0.06833279723196","0.0864147769349489","0.128316447792232","0.222738680925792","0.255991773073334","0.290895290457283","0.323431997385713","0.129509886363042","0.411798796740797","0.0347701333813438"
"B1_LW_10_2","B1","LW","0.0682260230761449","0.0862847890368531","0.128181888504577","0.222652316918497","0.255961112834659","0.291062621049296","0.323765663628028","0.130079844867677","0.412516442629859","0.0349347804207923"
"B1_LW_10_3","B1","LW","0.0683977242085471","0.0865102615674013","0.128548596082512","0.223340744653013","0.256787120378041","0.292192474996672","0.325182169528491","0.130717634242852","0.413014445081679","0.0349511530874572"
"B1_LW_11_1","B1","LW","0.0733541034070654","0.0899361089723826","0.130236085523181","0.222136100198767","0.25223802502273","0.280472407359313","0.306088044601883","0.107116091723775","0.387519258829041","0.028894469123176"
"B1_LW_11_2","B1","LW","0.0725738184438823","0.0888080881083129","0.128368265834198","0.218599539459423","0.24802854601255","0.276076834673365","0.301551343968252","0.108010786301182","0.387046349564089","0.0292158806754771"
"B1_LW_11_3","B1","LW","0.0720381549431349","0.0881490709932977","0.127345646539989","0.216695547314806","0.245837318787738","0.273809424034718","0.29914235467781","0.108414682908354","0.386958407598608","0.0295210885866114"
"B1_LW_12_1","B1","LW","0.0483556492372443","0.0588230557811394","0.0791000673049076","0.11757286014224","0.131026166439439","0.159213598225646","0.185365943162724","0.185426518391129","0.366099038120057","0.0590655535901071"
"B1_LW_12_2","B1","LW","0.048964389137449","0.059647567304887","0.0803004746670495","0.119649036781458","0.133303582096793","0.161437235671582","0.187711969492666","0.18325435441229","0.365244285664941","0.0579004159892583"
"B1_LW_12_3","B1","LW","0.0492856007402468","0.0600971233244028","0.0810072767319332","0.120954148496173","0.134833779012455","0.162964923722857","0.189360550941705","0.182056390666424","0.365373368497057","0.0572939817606616"
"B1_LW_13_1","B1","LW","0.0685352542824829","0.0868595458244779","0.127644321798416","0.216357489157158","0.248786299808259","0.290845298841702","0.328068806352487","0.150976245640045","0.416274772529857","0.0444219457297621"
"B1_LW_13_2","B1","LW","0.0663512160606676","0.0839433725064074","0.124234821477324","0.21338020676522","0.24542186990704","0.2852713592381","0.319955291707273","0.144740443411774","0.41911000209949","0.0423087735029965"
"B1_LW_13_3","B1","LW","0.0656203518277446","0.083107307492488","0.122774009951281","0.209533187582624","0.240839524497079","0.283316168168625","0.31989888053592","0.153839580041858","0.422812542710607","0.0473173485973119"
"B1_LW_14_1","B1","LW","0.0713413817053678","0.0881906234965611","0.127622306376935","0.21596402307755","0.245553804306858","0.276843890325361","0.304812233262423","0.118967969812508","0.391782095898677","0.0335263829504184"
"B1_LW_14_2","B1","LW","0.0710896942439632","0.0881689446434506","0.127526100128204","0.214678859281615","0.244168902819937","0.277182304366053","0.306710585803601","0.125109908965318","0.393343091444301","0.0358022406202218"
"B1_LW_14_3","B1","LW","0.0711391189062296","0.0883879652483951","0.127847514829783","0.21487888487713","0.244442073211519","0.278205459560225","0.308335572040415","0.127214564829036","0.394075365033074","0.0367396452483629"
"B1_LW_15_1","B1","LW","0.0474775247076081","0.0582359809524967","0.0797221378460727","0.123613975239312","0.139210452024642","0.165413939079239","0.191221528475406","0.171809225550769","0.378179505924514","0.050929327031683"
"B1_LW_15_2","B1","LW","0.0481282894269049","0.0594623861123529","0.0816152751741585","0.126773961125047","0.143001419635209","0.169642553405205","0.196150327475971","0.171349438249942","0.378751402692664","0.0503122963860924"
"B1_LW_15_3","B1","LW","0.0492388137728092","0.0614696770754359","0.084914548162713","0.132538601734105","0.149882110648414","0.177247270526631","0.205322282831309","0.170933464205533","0.379974056662744","0.0489010548690678"
"B1_CC_1_1","B1","CC","0.0498985121957343","0.0595076761784702","0.0729616491089005","0.0947203626391764","0.10493769522249","0.136456117234122","0.163605430500711","0.232253099930146","0.334168019100934","0.0647578018967434"
"B1_CC_1_2","B1","CC","0.0504184020206662","0.0596702410052091","0.072145184940704","0.0916176513688237","0.101054973483688","0.129188005020496","0.153458414949886","0.219700898810433","0.312589312898574","0.0612095758582262"
"B1_CC_1_3","B1","CC","0.0519449121719058","0.0611219584229145","0.073370713151489","0.0920874595049369","0.101309317602317","0.128324510820097","0.151576960980959","0.212036155733197","0.300584854721635","0.0588374421514211"
"B1_CC_2_1","B1","CC","0.0471906709730472","0.0558965903128572","0.0708259312087379","0.0966227724248783","0.107359544079368","0.146616622880064","0.180746868228459","0.270087547412043","0.384165796916833","0.0780005592742566"
"B1_CC_2_2","B1","CC","0.0474058399656259","0.0561511208783918","0.0711611395022738","0.0971817932249204","0.108021399971188","0.147190264728677","0.18132944727877","0.268611415206703","0.383573659887969","0.0774457530118193"
"B1_CC_2_3","B1","CC","0.0478054639044882","0.0566132472831897","0.0717078261682594","0.0979610560225787","0.108907723239232","0.147824374295043","0.181824231421225","0.26612261336863","0.382003872098109","0.076622743450492"
"B1_CC_3_1","B1","CC","0.0398660815404939","0.0474897355709818","0.0584573270375471","0.0778565600054969","0.0857009601469301","0.115034996345726","0.13999507242726","0.253572839289607","0.361356307120423","0.0737272653559504"
"B1_CC_3_2","B1","CC","0.0398317028437545","0.0474347143795061","0.0579097881755156","0.0759492919526139","0.0833927486991029","0.112999044990562","0.137981509986665","0.259465523934764","0.357847907604445","0.0754024902835496"
"B1_CC_3_3","B1","CC","0.0398316303370347","0.0474232006461991","0.0577395199245097","0.0754418371556115","0.08276623708802","0.111902716997479","0.136539112789776","0.258211197078613","0.354521414904311","0.0746182518123802"
"B1_CC_4_1","B1","CC","0.0462092884815525","0.0552521791323509","0.0720063266480457","0.104054420973191","0.116033647316553","0.150417935304095","0.187102818828242","0.251310550842644","0.387268175956753","0.0684009510898816"
"B1_CC_4_2","B1","CC","0.0473568287936894","0.0563602345496644","0.0724135859238595","0.102555724920709","0.113912029032941","0.146238178889063","0.181260033342517","0.245564636388844","0.371154467040739","0.0660123814388086"
"B1_CC_4_3","B1","CC","0.0478638821298634","0.0568797115666106","0.0728134474440154","0.102563830449867","0.113829288474266","0.145805561207758","0.180406618713003","0.243300760413332","0.367270940952071","0.065666127778584"
"B1_CC_5_1","B1","CC","0.0468189759541277","0.0556861773365548","0.0715132819156437","0.100688393488542","0.111193484317377","0.14110317373481","0.172025037111436","0.230978260363577","0.360151675376982","0.066292353185096"
"B1_CC_5_2","B1","CC","0.0472902949850472","0.0560300073990982","0.0716639979593403","0.100467314575872","0.11089599807246","0.140023085710936","0.170233386852658","0.227496009118534","0.355027905242091","0.0643394565542649"
"B1_CC_5_3","B1","CC","0.0473844035319083","0.0560901407286427","0.0716491540412361","0.100334327059713","0.110733103843648","0.139503650832038","0.169411288681209","0.225620404855734","0.353264041307139","0.0636814427745995"
"B1_CC_6_1","B1","CC","0.0410239214242314","0.0494608789845407","0.0663333318505202","0.101447780878058","0.114056319294448","0.140563076522745","0.165597121868426","0.199270756498385","0.388492192603847","0.0549996497490128"
"B1_CC_6_2","B1","CC","0.0392653926739756","0.0469804744773492","0.0610993993527572","0.089437031721707","0.0997403739492637","0.126856763136196","0.151193744817841","0.219535235746053","0.381568560465126","0.0627126158344686"
"B1_CC_6_3","B1","CC","0.0394803301452911","0.0472249141841169","0.0613592205476944","0.0897044434602495","0.100019926175522","0.127230224323303","0.151638620558067","0.219750546632837","0.381027142103155","0.0628587518361842"
"B1_CC_7_1","B1","CC","0.045225923364539","0.0556194158694959","0.0763479873126471","0.118423118006695","0.134242184848344","0.15923375961446","0.185515551861413","0.176472492950752","0.378227336047519","0.0460608303179985"
"B1_CC_7_2","B1","CC","0.0456767125462968","0.0560331970555701","0.076477114001078","0.117742696579203","0.133211844240046","0.158087894135743","0.184286997056857","0.176695300538378","0.374190144264","0.046164214767631"
"B1_CC_7_3","B1","CC","0.0458209918245986","0.0560471403088862","0.0760966801919875","0.116388368632178","0.131480394384609","0.156202023067305","0.182280365893423","0.177899573581713","0.37095731589144","0.0464109209882116"
"B1_CC_8_1","B1","CC","0.0415939780347259","0.0508524170163723","0.0657544022642012","0.0913602054096087","0.101104877508172","0.134077693949544","0.167499455891445","0.26442589733128","0.380820570836216","0.0854264478939177"
"B1_CC_8_2","B1","CC","0.0415159492025265","0.0510726731514724","0.0663608019974546","0.0925699759725692","0.102633366311966","0.136975350036528","0.171538442513886","0.268601465147826","0.387078836332859","0.0877846451800443"
"B1_CC_8_3","B1","CC","0.0411376118052732","0.0504973721541456","0.0655091290246189","0.0913134855161574","0.101178102460789","0.13506111812835","0.169156463941106","0.268678578569549","0.386802482182403","0.0879603459821799"
"B1_CC_9_1","B1","CC","0.0403429991294508","0.0475720155203492","0.0570617117326993","0.0712091790452444","0.0769440341687656","0.0915209844743227","0.104844504720185","0.164970330103098","0.253270641004532","0.0439915738432021"
"B1_CC_9_2","B1","CC","0.0380246617532922","0.045881542164048","0.0591433852529416","0.0847277853773451","0.0939359473233129","0.112436657563009","0.130442462546104","0.176715986160506","0.336235315529211","0.0467288429940501"
"B1_CC_9_3","B1","CC","0.0380143006600602","0.045750286088973","0.058385534018621","0.0822008149481412","0.0909111899368849","0.108919745808374","0.126287093565406","0.176463422622659","0.326937568596919","0.0468363217609457"
"B1_CC_10_1","B1","CC","0.0412258346481776","0.0517465955504988","0.0651053271265972","0.0848736189588543","0.0934655332873267","0.112304334654598","0.131411587372678","0.185141042259348","0.291292663386147","0.0524934722741152"
"B1_CC_10_2","B1","CC","0.0408949435187079","0.0512774501013871","0.0645764087949013","0.0845855953441607","0.0931558285699574","0.112367446954806","0.131831580417037","0.187864327054305","0.295686874997402","0.0531693668207834"
"B1_CC_10_3","B1","CC","0.0407386441934152","0.0509529428773472","0.0642959095376145","0.0846046015668984","0.0931656894463284","0.112786232022552","0.132691144595926","0.190780978461489","0.299976754829226","0.0542723191295562"
"B1_CC_11_1","B1","CC","0.0391544024207588","0.0483236797600303","0.0682512972521968","0.110702687021191","0.125740404341417","0.146727979480814","0.172845597254225","0.174896806938118","0.391408340908464","0.0429482617611034"
"B1_CC_11_2","B1","CC","0.0395973284219314","0.0489918480542733","0.0692743271099484","0.112482358332719","0.127880693973482","0.149118701644912","0.175689599945363","0.175071417357238","0.39221139027723","0.0432403078080218"
"B1_CC_11_3","B1","CC","0.0390425476794307","0.0479404619536912","0.0669477823067338","0.107387038763571","0.121561034512432","0.14212850983379","0.168084099213756","0.178155442791704","0.386525683997651","0.0441482880669719"
"B1_CC_12_1","B1","CC","0.0504962395091127","0.0678531929611694","0.0888848396253737","0.117086465829843","0.130178819033782","0.149582752471423","0.169454261154863","0.144779073398397","0.271858390245964","0.0383912745337924"
"B1_CC_12_2","B1","CC","0.050797959299764","0.0683013778480002","0.089460491300883","0.11774348238499","0.130904698082086","0.150370713505308","0.170309956924695","0.144496869431614","0.271187092353228","0.0385532206120881"
"B1_CC_12_3","B1","CC","0.0502440209767409","0.0675210667157576","0.0884353533215577","0.116582475711252","0.12961467216808","0.1488534731679","0.168600641130367","0.144255730570623","0.271927127909981","0.0386275895273883"
"B1_CC_13_1","B1","CC","0.050630763909698","0.0601476429176656","0.0745764611980357","0.0991702062940742","0.10871094177204","0.129317374070641","0.151021496108623","0.178391469335706","0.293554035341078","0.0475234968320211"
"B1_CC_13_2","B1","CC","0.0499516074913687","0.0592379249156754","0.0736652471055938","0.0984008936289873","0.107963229653825","0.12845605702936","0.150115939556774","0.178845755092699","0.295970380964876","0.0473116955943618"
"B1_CC_13_3","B1","CC","0.0504806263373564","0.0599149286124329","0.0742518371974407","0.0987358055717536","0.108211919574962","0.128601630013334","0.150060115666423","0.177439524780434","0.29296792937988","0.0470998642990445"
"B1_CC_14_1","B1","CC","0.0468186319434897","0.0575331226052882","0.0817625178325293","0.134336359837637","0.152465626910813","0.178430861961113","0.210278863235703","0.176196152627975","0.398489307694756","0.0437432572131868"
"B1_CC_14_2","B1","CC","0.0467642569110632","0.0574392853275948","0.0815255405911494","0.13368085019447","0.151666239774477","0.177540810971141","0.209269161543026","0.176279611600088","0.397523713644862","0.0436025434740855"
"B1_CC_14_3","B1","CC","0.0466862423228539","0.0572914731305406","0.0812170835741568","0.132972402908688","0.150815666790946","0.176554188488359","0.208187608373181","0.176764880960957","0.396796750270488","0.0436534056077551"
"B1_CC_15_1","B1","CC","0.0515770967282367","0.0642483157267821","0.0853191904015577","0.124706513087342","0.139896485672902","0.162268546650434","0.185268685909949","0.15418491523562","0.333753231442117","0.0404031600475496"
"B1_CC_15_2","B1","CC","0.0514521013115289","0.0641735960518241","0.085780410554933","0.126257719134425","0.141789700942292","0.164890121837665","0.188989974055682","0.157414803409341","0.339051561472331","0.0415529730608029"
"B1_CC_15_3","B1","CC","0.0511529903965786","0.0638744655208854","0.0856501866689277","0.126613990786055","0.142283455440769","0.165673466702335","0.190286113050993","0.159135331781124","0.342229281107359","0.0419912561895629"
"B1_CW_1_1","B1","CW","0.0504774579452271","0.0608350098999961","0.0779437879791432","0.110435673778563","0.122879005588955","0.150000405086447","0.185024151174034","0.220049389350863","0.350323137969648","0.0621532855134554"
"B1_CW_1_2","B1","CW","0.0506498666951394","0.061140927099558","0.0783557355335655","0.110994078100374","0.123529953005121","0.150863384779141","0.186078141594482","0.220230717796743","0.350537587176934","0.0622676786225003"
"B1_CW_1_3","B1","CW","0.0506768051150517","0.0612012824022634","0.0784165443965418","0.111002334605374","0.123554579664042","0.151061828726617","0.186338073401227","0.220628099328865","0.350913296473854","0.0626340999371134"
"B1_CW_2_1","B1","CW","0.0495975537161451","0.0602486929606873","0.0805130537285299","0.119291358776594","0.13283110920848","0.157886188613728","0.191664717169226","0.199403482770099","0.352440254806068","0.0504284716647609"
"B1_CW_2_2","B1","CW","0.0488541109824631","0.0594182932757851","0.0793386067822357","0.117440765825181","0.130711401956443","0.155604247619289","0.189284573429537","0.200993618245144","0.35283703063709","0.0513837489875491"
"B1_CW_2_3","B1","CW","0.0489362525539498","0.0595599023262658","0.0794662072286573","0.117395689581125","0.130615538905147","0.15564562118536","0.189488765209113","0.201943706441492","0.352483926723456","0.0517326477297664"
"B1_CW_3_1","B1","CW","0.0429175952366986","0.0518694879353658","0.0689447011853384","0.103568098788837","0.115422999456255","0.140536616967089","0.171049560746945","0.211214837998587","0.372872579179931","0.054209269655355"
"B1_CW_3_2","B1","CW","0.043081299463696","0.0520268591530932","0.0690456899146238","0.103501074630181","0.115340990227655","0.140550182532201","0.171369490914572","0.212718645349541","0.372576129196102","0.0546558313977965"
"B1_CW_3_3","B1","CW","0.0431728425983268","0.0522320897874643","0.0695291744765248","0.10459909043536","0.116630002420717","0.141928487488648","0.1730022650925","0.212056092969706","0.373875296143898","0.0546308103644474"
"B1_CW_4_1","B1","CW","0.0444701613642328","0.0518731504037311","0.0653087847051698","0.0906985017823225","0.0996914785266203","0.119264598905585","0.14521784141422","0.203725934228134","0.322082611199953","0.0538885540492711"
"B1_CW_4_2","B1","CW","0.0445747209567674","0.0520470993125437","0.0656187757425806","0.0912286617840184","0.100317484332254","0.119909747561708","0.146012770124529","0.203383856697036","0.322636742178414","0.0540489243868347"
"B1_CW_4_3","B1","CW","0.0447534098982435","0.0522744751723295","0.065928533404644","0.091706746117862","0.100855922457518","0.120625384658213","0.146905161387196","0.203665131147828","0.323282662128062","0.0541707378198924"
"B1_CW_5_1","B1","CW","0.0496599534602658","0.0606311972263134","0.0825947034339147","0.127220975194074","0.142710085331848","0.168922083342666","0.202961345880884","0.192152986477558","0.370343606795791","0.0470927970412429"
"B1_CW_5_2","B1","CW","0.0493551106126868","0.0602948896249739","0.0822319048378385","0.12692815737599","0.142451551176362","0.168818580396685","0.202860893045613","0.192745376425587","0.372036860458266","0.0473811458420954"
"B1_CW_5_3","B1","CW","0.0487613552121668","0.0595755330331286","0.0813835500433962","0.126009992349361","0.141455350741546","0.167642448795462","0.201516257116331","0.192818391103091","0.373723564526388","0.0473411902113002"
"B1_CW_6_1","B1","CW","0.0403686060100651","0.0490057666961107","0.0648371064560974","0.0965118713435218","0.107582051803034","0.131296657075607","0.158636331926736","0.208000962756494","0.36894741512779","0.0534940885929363"
"B1_CW_6_2","B1","CW","0.0409166513022793","0.0495785787005042","0.0658244191681093","0.0986185974326237","0.109907310863961","0.13360268904348","0.161546259958814","0.206326064454969","0.370042153313774","0.052337940773955"
"B1_CW_6_3","B1","CW","0.0408423233637006","0.0495041535571747","0.0656558548642849","0.0981486266706926","0.109371693308618","0.133034931792627","0.160793006862144","0.206614326137318","0.368992822244644","0.0524064456623809"
"B1_CW_7_1","B1","CW","0.0412684360241044","0.0491423983865918","0.0650875517168033","0.096658671458615","0.107019201154382","0.12730760063734","0.151257732984441","0.187162676880596","0.352135997727174","0.0513288112422013"
"B1_CW_7_2","B1","CW","0.0429897871944423","0.0513807510992098","0.0684940408792836","0.102537604171567","0.113834935736984","0.134486030472197","0.159178092077784","0.181726975865735","0.35349093913963","0.0494193557315715"
"B1_CW_7_3","B1","CW","0.0647596363654686","0.0772689915519097","0.0952336112315392","0.121343326663164","0.132014075652928","0.165519289829139","0.197619003365724","0.21311419870258","0.299708033482293","0.0651922696968328"
"B1_CW_8_1","B1","CW","0.0649359823325959","0.0774333566443461","0.0952043643949058","0.120885281721585","0.13132910047806","0.165304946730246","0.197790866753161","0.216341943079128","0.299776035306058","0.0665351507640919"
"B1_CW_8_2","B1","CW","0.0653035310422423","0.0776341660234699","0.0948129539948231","0.119234682627109","0.129067293371961","0.163708030876531","0.196641550265715","0.221514363368427","0.298222860766992","0.0693832403545384"
"B1_CW_8_3","B1","CW","0.044054619033915","0.0523188927617465","0.0677226826754937","0.0966879850541629","0.106427933014702","0.137226542694399","0.167747559378584","0.238724006952903","0.371694088904615","0.064553872420936"
"B1_CW_9_1","B1","CW","0.0430777550557016","0.0511009920270891","0.0659806681563638","0.0938863757367755","0.103291740912856","0.133626901454282","0.163416078537338","0.240464784031629","0.371566910321499","0.0648327238545407"
"B1_CW_9_2","B1","CW","0.0431312785219174","0.0511604951826216","0.0660757973341499","0.0940714925640896","0.103523027028709","0.133967436245922","0.163905722592116","0.240649807754243","0.372097574708626","0.0649325347082158"
"B1_CW_9_3","B1","CW","0.0514445700340446","0.0659560578623035","0.0801769522323025","0.095080772154702","0.0994962279518669","0.134483708757036","0.166501049758743","0.266921889103272","0.289214737197191","0.0802072544550501"
"B1_CW_10_1","B1","CW","0.0522328241184314","0.0669189410983912","0.0812761738499957","0.0960911145440335","0.100492025043636","0.135483728683871","0.167569686202396","0.265400995492547","0.286168963370703","0.0795938436938173"
"B1_CW_10_2","B1","CW","0.0544361247345267","0.0695896819431004","0.0842881462848027","0.0988699042598303","0.103213799546654","0.138383947195069","0.170797656107844","0.261736346796794","0.278296727193751","0.0778271427489249"
"B1_CW_10_3","B1","CW","0.0532859031013842","0.0606946789912753","0.0719579026136806","0.0893857204557743","0.0958338921756481","0.132377896380029","0.161678521427811","0.26668731559396","0.338845393511683","0.0946669226501459"
"B1_CW_11_1","B1","CW","0.0560856155545267","0.063971039854254","0.0759833507023231","0.094480160422326","0.101243851624231","0.139623936938913","0.171021817398592","0.26732186053841","0.338941430038094","0.0964319267430984"
"B1_CW_11_2","B1","CW","0.0560800044776427","0.0640069983876493","0.0761247009330822","0.0948866473024925","0.101740945803686","0.140398089711569","0.171987780271889","0.267565678447049","0.340584157518182","0.0962026064535377"
"B1_CW_11_3","B1","CW","0.050380166687096","0.0611224758479505","0.0791608940482862","0.111464506197013","0.123161876339516","0.15074880725158","0.17831086059402","0.197324610444658","0.338431026049815","0.0534190243077849"
"B1_CW_12_1","B1","CW","0.0502908610318354","0.0611387819442405","0.0797196084555928","0.113594898943554","0.125830661461802","0.153132796060791","0.180833323540923","0.193947894819705","0.341924771960301","0.0517060311398992"
"B1_CW_12_2","B1","CW","0.0501741423050802","0.0610813558346233","0.0798781959266777","0.114344764767381","0.12678397349411","0.153926635703479","0.181610318097798","0.19254733987033","0.34306270482063","0.0507496301147177"
"B1_CW_12_3","B1","CW","0.0458213984391762","0.0582686386978086","0.0810475891716562","0.124612815638617","0.1407143153137","0.173942091153585","0.211892507415865","0.219676848849935","0.395293130482828","0.0610890580433199"
"B1_CW_13_1","B1","CW","0.04617348606406","0.0587001328602147","0.0809925509127421","0.122928390758642","0.138044992472787","0.16962887803232","0.206535107327108","0.216792510170102","0.383485664456333","0.0576741508704544"
"B1_CW_13_2","B1","CW","0.0464794689789869","0.0591163106650902","0.0816103397883228","0.123929911313185","0.139253889528173","0.171206549239498","0.208354738401867","0.217016046835168","0.384219719682279","0.0578210292834209"
"B1_CW_13_3","B1","CW","0.0579299251779297","0.0708248357752477","0.0971444723677076","0.150750058329318","0.16957439571248","0.202783380337652","0.239872322420543","0.187643685297268","0.379682694480305","0.0490279995725464"
"B1_CW_14_1","B1","CW","0.0568350164139609","0.0698289532959921","0.0964264650283822","0.151244377100925","0.170469548199994","0.203286478182858","0.240688292187197","0.186964622480239","0.383988400874168","0.0485926656564219"
"B1_CW_14_2","B1","CW","0.0568131297451216","0.0697667271327652","0.0962593697556525","0.15082672594734","0.169969904308524","0.202726541306778","0.240013286322081","0.187108952285015","0.383516137631045","0.048493582422697"
"B1_CW_14_3","B1","CW","0.0444380250124175","0.0626226354611352","0.0926476851730655","0.147228796655792","0.169971956950301","0.217828081063401","0.268075010053884","0.242751262802157","0.438760063845381","0.0786153126576078"
"B1_CW_15_1","B1","CW","0.0429933409672374","0.0603694297133606","0.0892476417090101","0.142340886777506","0.164333087405873","0.208026054273146","0.254640222667979","0.234220804024478","0.434269978909895","0.0749465480329221"
"B1_CW_15_2","B1","CW","0.0429912639691883","0.06041404406944","0.0893445356429581","0.142517565678658","0.164597710692955","0.208662986191369","0.255662483704274","0.235463402524549","0.435202791858384","0.0755186921138264"
"B1_CW_15_3","B1","CW","0.0462340608371716","0.054279797607296","0.0706700836351552","0.100698687118862","0.111679179863974","0.127606309525042","0.154547100727634","0.180896983185062","0.309294377247432","0.0383336567570223"
"B2_CC_1_1","B2","CC","0.0461237429003238","0.0558401034779069","0.0687578675665311","0.0898376360973127","0.100013525819714","0.148452019836062","0.179570781414348","0.294416018634919","0.403235474475943","0.0862157163524153"
"B2_CC_1_2","B2","CC","0.0459644903014546","0.0556645587414224","0.0686313865459656","0.0898982315779368","0.100115834536513","0.148616676211004","0.179861942340776","0.294822446981179","0.404738298018582","0.0862307295006563"
"B2_CC_1_3","B2","CC","0.0459598087561244","0.0556710669213787","0.0687717261570805","0.090380309739561","0.100669956697475","0.149375618596194","0.180853793969315","0.294873023968581","0.405971808053876","0.0863776216588695"
"B2_CC_2_1","B2","CC","0.0386734733792637","0.0473203491836125","0.0577514796388375","0.0724891490057141","0.0783894264919029","0.124479252770634","0.153299775648327","0.330930251813903","0.408834081805179","0.106811131548224"
"B2_CC_2_2","B2","CC","0.039508379013769","0.0484084746934625","0.0590411434537538","0.0740426471658477","0.08022927899846","0.126944120625149","0.155857032249129","0.327948689191931","0.407075179752061","0.105050003176142"
"B2_CC_2_3","B2","CC","0.0396030818627929","0.0485083824983654","0.0591004845872019","0.0741197951990058","0.0803840813789635","0.127423579917508","0.156319376491097","0.328238687825298","0.408371663146011","0.104487388140119"
"B2_CC_3_1","B2","CC","0.0359231872273527","0.0434057168893028","0.0555889565937478","0.0764003588881154","0.0840413173118455","0.124785411036218","0.153507238584637","0.303233789121067","0.425630373133817","0.100571209188924"
"B2_CC_3_2","B2","CC","0.0387795435884852","0.0468668876656487","0.0601086802839629","0.0821051407361397","0.090069899080525","0.134896097651268","0.166535067967718","0.308519332833181","0.426764420764614","0.103847963699787"
"B2_CC_3_3","B2","CC","0.0387065226582546","0.0468411585207612","0.0602831856366469","0.0829686593423838","0.0911148385074523","0.137277692036862","0.169552006055467","0.311483267008084","0.433266242611714","0.104870000599576"
"B2_CC_4_1","B2","CC","0.0474196914462469","0.0561173081182924","0.0653449905867338","0.0774457050891306","0.0843310956339806","0.116602614348564","0.135692680565193","0.241030601525806","0.311435363584609","0.0681725759693262"
"B2_CC_4_2","B2","CC","0.048058001566313","0.0568471533536087","0.0661696870046174","0.0783265247133428","0.0852792820382891","0.117305880952808","0.136240566591246","0.237456107660292","0.307978554176884","0.0670956432602537"
"B2_CC_4_3","B2","CC","0.0487424279268693","0.0576003462970193","0.0670056025028418","0.079130842547182","0.0861097731048929","0.11773920360786","0.136427908698533","0.233436948205861","0.303124668921726","0.0659880052283396"
"B2_CC_5_1","B2","CC","0.0376467528341764","0.0453283351297708","0.0548025684623128","0.0660314409628966","0.0707034024725278","0.101182716583389","0.123720903931358","0.283985646052864","0.337556112727298","0.0962413279657136"
"B2_CC_5_2","B2","CC","0.0366281139136138","0.0440859853288141","0.0533113932331771","0.0643997987705284","0.0688669043775176","0.100019006375054","0.12254277140778","0.290981897059936","0.345280987857675","0.0980546420943401"
"B2_CC_5_3","B2","CC","0.0360528257277367","0.0433682299905641","0.0524522700471444","0.0634555872998027","0.0678009531859039","0.0994983147496075","0.122015394091513","0.295867388969246","0.350671689220849","0.0993805525434879"
"B2_CC_6_1","B2","CC","0.0399931618000931","0.047608091551884","0.0589837493759309","0.0748772234479787","0.0814719390281641","0.115298745931181","0.1422591377992","0.284504126879916","0.362869688732032","0.0940447454314049"
"B2_CC_6_2","B2","CC","0.0408774375874587","0.0486259132855415","0.0601919203764257","0.076229073678296","0.0829166499757557","0.116926906108957","0.144148215718884","0.282475025947446","0.359830750609391","0.0933680355386012"
"B2_CC_6_3","B2","CC","0.0412684970585674","0.0491024198150404","0.0607247514534018","0.0767656967397515","0.0834650016338051","0.117423525047482","0.144662414689107","0.281086560603685","0.357782657450764","0.0927506968541005"
"B2_CC_7_1","B2","CC","0.0431642259648373","0.056061214950703","0.0713080957272779","0.0908725726629083","0.0999347642712196","0.124465587220148","0.14376817377332","0.191464371950146","0.297240960110386","0.0578922744202536"
"B2_CC_7_2","B2","CC","0.0434489628923337","0.0564269470297707","0.0716364161162882","0.090934770140959","0.0999698845049551","0.124807216135268","0.144198936110975","0.192641880603314","0.29631021870658","0.0582630354186155"
"B2_CC_7_3","B2","CC","0.0432415662462689","0.0561436276487725","0.0712815198493633","0.0904493677020625","0.0994414550302971","0.12423258455157","0.143582471157357","0.193210965251551","0.296432405981648","0.058293782465694"
"B2_CC_8_1","B2","CC","0.0447903499452452","0.0488749122346559","0.0545069157966072","0.0610718610488416","0.06488726157271","0.0753238016036893","0.0868126465291763","0.156887978897736","0.185704652640073","0.0513909476446815"
"B2_CC_8_2","B2","CC","0.0426415323069461","0.0464513844541074","0.0516551351669862","0.0578402988764726","0.0614195550846203","0.0712193138367746","0.0817914586942597","0.154878503799091","0.184049474671986","0.0499713534981788"
"B2_CC_8_3","B2","CC","0.0453906127143431","0.0495792579150029","0.0553026802420508","0.0619565669697715","0.0658545803655825","0.0763090037221444","0.0878184030794861","0.155147377418767","0.18491439040253","0.0511196117728652"
"B2_CC_9_1","B2","CC","0.0497575220406936","0.0587650927639423","0.0696213588702202","0.0811845854123903","0.0871300488886772","0.110543142930606","0.132706031998675","0.220018015301912","0.263295246110925","0.0818394873087224"
"B2_CC_9_2","B2","CC","0.0509293427186333","0.0599560141209577","0.0709418317143007","0.0827462763093098","0.0887459994005072","0.112175243378723","0.13441775777833","0.217510785006594","0.260487120409417","0.0795246473034189"
"B2_CC_9_3","B2","CC","0.0500575506801053","0.059181451355102","0.0702674581466368","0.0824133686264865","0.0885657464345186","0.112478879137364","0.135108734841958","0.221412188700551","0.266505151069668","0.0806801726921213"
"B2_CC_10_1","B2","CC","0.0611930384041561","0.0745805910278295","0.0910673991158381","0.118325819853525","0.12795943005774","0.153578814178403","0.17844114200291","0.176827518358379","0.279981078039808","0.0474350660387456"
"B2_CC_10_2","B2","CC","0.0622669504506541","0.0756900926619531","0.0921439010802015","0.119369550604955","0.128966529773793","0.15460727428951","0.179826976043043","0.176664662224761","0.277535118324719","0.0469699283071587"
"B2_CC_10_3","B2","CC","0.0628776373217125","0.0761980066663352","0.092400002161106","0.119306093734296","0.128828081044376","0.153917058333347","0.178769435888249","0.174202958076226","0.273874797779773","0.0461564966672514"
"B2_CC_11_1","B2","CC","0.0369727953723628","0.0412279461933302","0.0475742180021778","0.0560197059022722","0.0592100354648335","0.0809996966146841","0.0995069205550214","0.266536163483284","0.29669548859944","0.0824910381582023"
"B2_CC_11_2","B2","CC","0.0367014939680282","0.040868741496451","0.0470541486639595","0.0552499464644377","0.0583521470456755","0.0796253280356273","0.0976778918244205","0.26462289038116","0.293850264876973","0.0820962663672848"
"B2_CC_11_3","B2","CC","0.0364927642881125","0.0405950537917658","0.0466619407918596","0.0546275805428142","0.0576427259693004","0.0784899382672542","0.0961357775031165","0.262466561539312","0.290962953592769","0.0820498921670512"
"B2_CC_12_1","B2","CC","0.043496223983005","0.0491480022253279","0.0561838629369123","0.0639992813070662","0.068072222575657","0.0811476292053132","0.0939513627725946","0.172166731353476","0.207903358534229","0.0573719303751107"
"B2_CC_12_2","B2","CC","0.0441842651790495","0.0496052049962129","0.056779307410592","0.0650340031587168","0.0693845088979432","0.0810803842610548","0.0933481549787907","0.15960111292005","0.199299793600729","0.0492578455313234"
"B2_CC_12_3","B2","CC","0.0443677905313642","0.0498247355446243","0.0572069937508111","0.0659232721402751","0.0704805505142998","0.0820973272399154","0.0945668114743804","0.159182926265407","0.200812394061517","0.0471797979936509"
"B2_CC_13_1","B2","CC","0.0444477472541276","0.0528327567261098","0.0654550055121208","0.0856511389289028","0.093476803348945","0.129320496693686","0.164991618054931","0.29314837480144","0.365472344314772","0.0828080151809332"
"B2_CC_13_2","B2","CC","0.0442766023941472","0.0523956122656319","0.0642807423811048","0.082442796701032","0.0896259059279493","0.124732235570929","0.158785731283183","0.294122533886762","0.358216168140911","0.0852387872554564"
"B2_CC_13_3","B2","CC","0.0438697031715011","0.0519422102953191","0.063862827332254","0.0823763660039204","0.0896321887704075","0.124650176035784","0.158907124079299","0.294747522656212","0.360497961721093","0.0846130513244193"
"B2_CC_14_1","B2","CC","0.0410453937674184","0.0476923924175265","0.0553270664198548","0.0654116885670849","0.0698160187040164","0.0931990243039455","0.112421813324066","0.246559116555034","0.287391189711208","0.0727301948091663"
"B2_CC_14_2","B2","CC","0.0443648393871059","0.0519649569046527","0.0604550108041904","0.0714621759862427","0.0763061369712181","0.0999798075146758","0.11981086103225","0.234575751142539","0.276934142948223","0.0674671244001016"
"B2_CC_14_3","B2","CC","0.04542803409638","0.0532280253364857","0.0620432114674421","0.0735515399398755","0.0786148196107238","0.102558207166802","0.122912767434987","0.23260229563362","0.276109412957969","0.0660238910320359"
"B2_CC_15_1","B2","CC","0.0500629623414571","0.0579579394772713","0.0701737401845781","0.09001883478991","0.0984761553133262","0.116137094760188","0.135047094121457","0.171159156823054","0.270232381730988","0.0457934510669394"
"B2_CC_15_2","B2","CC","0.0501811307092208","0.0580366182187699","0.0706446626169526","0.0913423616735998","0.100033938583406","0.118613045494283","0.138829945553479","0.177270381705712","0.277738320107064","0.0471426907032029"
"B2_CC_15_3","B2","CC","0.0511138434047527","0.059219990422792","0.0725605345664941","0.0951093853864633","0.104529880653299","0.123609669671905","0.144354311767091","0.175149669748163","0.284680705825623","0.0466928673811138"
"B2_LC_1_1","B2","LC","0.0671218560279232","0.0828985070140995","0.116724808529326","0.189683814319924","0.217952963548249","0.254009930839606","0.291750163180588","0.160079926695061","0.396333037407312","0.0432502552185906"
"B2_LC_1_2","B2","LC","0.0671284866270616","0.0829318484223437","0.116737907998904","0.189557658063319","0.217778145443371","0.253885349421224","0.291566129507581","0.160137492852259","0.396171040362326","0.0431963550156244"
"B2_LC_1_3","B2","LC","0.0671452290734989","0.0828849410292769","0.116709243302768","0.189734037490599","0.218017831971482","0.253927455053852","0.291453989098148","0.159352688320427","0.3960840803971","0.0429374708798221"
"B2_LC_2_1","B2","LC","0.0609860734250701","0.0751105659906881","0.105320108255915","0.170574151683246","0.194208630508882","0.228187720658924","0.26138000215808","0.161619350332827","0.397439497635638","0.0499784233656813"
"B2_LC_2_2","B2","LC","0.0634932802659975","0.0779120147783893","0.109258023698211","0.177598309024073","0.202310174859464","0.23529054020949","0.267424484415949","0.152324623776144","0.393055317874076","0.0450084025775871"
"B2_LC_2_3","B2","LC","0.0629234504946697","0.0772257787984559","0.108361027407614","0.176331958763804","0.200900923195511","0.233782615477432","0.265768445505737","0.152747791433575","0.393993115800415","0.0452269875005726"
"B2_LC_3_1","B2","LC","0.0463036266345651","0.0546002422336199","0.0640938545048909","0.077965291823999","0.0843891117404318","0.10852900634242","0.132699984754625","0.236444287208534","0.296548314302364","0.0777422446962484"
"B2_LC_3_2","B2","LC","0.0462490025705339","0.0545429373460935","0.0640806847500326","0.0781343268423663","0.0846143552596694","0.108868630705043","0.133156497770936","0.236969949032682","0.29798730156882","0.0775934512035358"
"B2_LC_3_3","B2","LC","0.0470315010052808","0.0555144302359339","0.0652241673088067","0.079300171158813","0.0858552988747126","0.11027180964971","0.134755531190218","0.235231353956515","0.295356131726938","0.0771705334751923"
"B2_LC_4_1","B2","LC","0.0642291125371823","0.0795356708591522","0.113189658425005","0.187485024670082","0.215517958732563","0.250206612905888","0.286907105467478","0.157852908017421","0.402513736058695","0.0411393245238953"
"B2_LC_4_2","B2","LC","0.0642860054005656","0.0795646458577254","0.113489917230933","0.188633871304668","0.216974280600512","0.251504099707955","0.288070884459715","0.156313853278318","0.403374247935358","0.0405703280830339"
"B2_LC_4_3","B2","LC","0.0641309853861274","0.0793751779528622","0.11282395358878","0.186544295415292","0.214339280558612","0.248958881366262","0.285544883839522","0.158017595594441","0.401759390780795","0.041219004809141"
"B2_LC_5_1","B2","LC","0.0644853946143197","0.0794542374719463","0.112990896508923","0.186881897174483","0.213370980366786","0.245996421896447","0.276781755674043","0.142461922680633","0.396177395878699","0.0411124414515497"
"B2_LC_5_2","B2","LC","0.0639927637166586","0.0790012982641181","0.111983931115082","0.184200851043534","0.210230166515416","0.243142973818076","0.274726462427872","0.14644023833472","0.395514778644756","0.04271479139761"
"B2_LC_5_3","B2","LC","0.0640345536937115","0.0789654677152995","0.111975409281549","0.184356931603932","0.210413993139818","0.24307070844606","0.274307232942719","0.145224899306033","0.395204147847771","0.0422255599675544"
"B2_LC_6_1","B2","LC","0.0423475744687301","0.0502539600724305","0.0636410670810206","0.0884031787762511","0.0978419763777956","0.131520592712211","0.157579682822664","0.246284306746153","0.386049821787205","0.08205596146409"
"B2_LC_6_2","B2","LC","0.0409259176583116","0.048442324806189","0.0610460886199873","0.0841333385739758","0.0929482606839287","0.125370843874606","0.150178423872635","0.247388228380656","0.383524343465451","0.0832925229065855"
"B2_LC_6_3","B2","LC","0.0395388155890988","0.0466747718992532","0.058404031814571","0.0795738031859001","0.0876937597221669","0.119213097340082","0.143069092592228","0.252169112753979","0.381525998542668","0.0857297544580999"
"B2_LC_7_1","B2","LC","0.0555260355853997","0.0681790934406869","0.0960362870134207","0.158042515522832","0.180560405117411","0.211313306248847","0.242000185654165","0.160271468834758","0.401984544159853","0.0440559136442089"
"B2_LC_7_2","B2","LC","0.0555398454554008","0.068137982808373","0.0959777860993686","0.15789848484649","0.18038678114285","0.211253608083001","0.242034213537378","0.160867702075252","0.402160711531205","0.0442124415321571"
"B2_LC_7_3","B2","LC","0.0552474417662449","0.067753158769715","0.0954624505336247","0.157145421694598","0.179537060468247","0.210224424013622","0.240823775621599","0.16071977612517","0.402381909661201","0.0442787647826354"
"B2_LC_8_1","B2","LC","0.0634789948366628","0.0767919748773613","0.106166106069098","0.17055168049346","0.194130800873459","0.221120751519005","0.247731666027664","0.134987265670292","0.374792649584891","0.0366159743883494"
"B2_LC_8_2","B2","LC","0.063504774213137","0.0767580602539512","0.105704249330201","0.168836399643529","0.192029370014087","0.219247843903263","0.246119535389935","0.137189435089758","0.373178001079925","0.0373644492515206"
"B2_LC_8_3","B2","LC","0.063403959632875","0.0766067123048283","0.105398158958239","0.16812344955617","0.191175272694115","0.218387638027233","0.245263611663294","0.137779334217012","0.372815534198797","0.0376757861362894"
"B2_LC_9_1","B2","LC","0.0559370638116707","0.067378947181063","0.0902005677309366","0.137769139682757","0.155602554481361","0.186201150728768","0.21334791229034","0.169999266260857","0.374346314983581","0.0484087754354354"
"B2_LC_9_2","B2","LC","0.0574230733520483","0.0693485254519577","0.0940734082767588","0.14672066368536","0.16640020135847","0.195864600835786","0.223461692255984","0.160221764727771","0.376710876064529","0.0440368605455891"
"B2_LC_9_3","B2","LC","0.0564090828877781","0.0678999860459603","0.0912797778151836","0.14045632452643","0.158732271854574","0.186876399682438","0.213382397123857","0.160514969165232","0.369513772305616","0.0447194299504405"
"B2_LC_10_1","B2","LC","0.0652357530257309","0.0804721729375168","0.109539469518606","0.170386773687283","0.194578418903368","0.225042610328292","0.255222970776485","0.149591194495849","0.368583521053427","0.0392569525820627"
"B2_LC_10_2","B2","LC","0.0648428025057547","0.0799272919536111","0.108813589721918","0.16928182692329","0.193186353408902","0.22325796585142","0.253238543485402","0.149251249355397","0.368024749765748","0.0392029011773881"
"B2_LC_10_3","B2","LC","0.0650290885646699","0.0801565023165232","0.109136977595863","0.169756387399064","0.193757678232875","0.22394400914217","0.254000691971917","0.149287562958036","0.368108870504754","0.0391640327756812"
"B2_LC_11_1","B2","LC","0.0672984915352802","0.0819356225222065","0.114417843585037","0.185832063075599","0.212213819711535","0.242815512706334","0.272938977780027","0.138883203212025","0.383224919788752","0.0370273914849866"
"B2_LC_11_2","B2","LC","0.0670786174944815","0.0817138716103982","0.114167881451266","0.185642889379737","0.212021019859028","0.243010351911486","0.273278953552959","0.139891688334703","0.384693124490079","0.037580715984097"
"B2_LC_11_3","B2","LC","0.0669591266556826","0.0815692816000377","0.113915451795731","0.185208113032024","0.211520518127848","0.24260568743182","0.272921290284212","0.140553826873057","0.385093583437134","0.0377675097901914"
"B2_LC_12_1","B2","LC","0.0371865378508326","0.0448988766090366","0.0621643528582812","0.101379499822928","0.114472759436257","0.134989076416398","0.151050327179873","0.149372041921727","0.398612571276166","0.0477751855487963"
"B2_LC_12_2","B2","LC","0.0474972064571227","0.057496079983077","0.0821551435242287","0.139740250017464","0.158876776750446","0.183178279927384","0.202921929794894","0.133213551601381","0.407541138120064","0.0399425173821235"
"B2_LC_12_3","B2","LC","0.0446119092058151","0.0538406333501848","0.0765118472263892","0.129627776757695","0.147184945266254","0.170490349292207","0.189173224409784","0.13616795770619","0.407955881716712","0.0416667362568832"
"B2_LC_13_1","B2","LC","0.0659600424285282","0.0831873249881202","0.119791214928064","0.202344014654535","0.233243275126115","0.269492353599314","0.304097923495816","0.145891819915706","0.409496642115271","0.0386827553279922"
"B2_LC_13_2","B2","LC","0.0646432784776649","0.0812930426140383","0.117229735266785","0.19814609186594","0.228400488050542","0.26484677655553","0.299804100428982","0.149395123763434","0.411662468691682","0.0398345834831302"
"B2_LC_13_3","B2","LC","0.0647460716384533","0.0814956128098711","0.117430679155483","0.198240958256709","0.228419343528064","0.264836654670327","0.299839731737637","0.149319976983122","0.410969645639715","0.0397132341568788"
"B2_LC_14_1","B2","LC","0.067405620047119","0.0828706925112068","0.114512099687117","0.182923540047048","0.208913404537062","0.241168577304178","0.271466960913826","0.144089918208039","0.38026652797672","0.0392438428602148"
"B2_LC_14_2","B2","LC","0.0677492937513756","0.0833045774362123","0.115035517604374","0.183498738740708","0.209536411503729","0.241827627431718","0.272171027866769","0.143829118735142","0.3794945716572","0.0393505962966629"
"B2_LC_14_3","B2","LC","0.067657025397691","0.0832322251107694","0.114882926507794","0.183121583404372","0.209109050549699","0.24139592504288","0.271759827447967","0.144268981508152","0.379316416316925","0.0393646859875108"
"B2_LC_15_1","B2","LC","0.0758558463984858","0.0941535379497837","0.125152286717899","0.188519724247493","0.214537618806342","0.243680992730036","0.26864186561106","0.125524937374857","0.341558506319619","0.0319463044463892"
"B2_LC_15_2","B2","LC","0.0765220355099247","0.0953038102122453","0.125523832164311","0.185999915159039","0.211242350165255","0.240563816256644","0.265373220521196","0.126887919255678","0.334422458226069","0.0324143417512492"
"B2_LC_15_3","B2","LC","0.0770903421907604","0.096083844530339","0.126261654320164","0.186275218981175","0.211457152786203","0.240919998966576","0.26573263013637","0.127260728999601","0.332387837562461","0.0324765800700171"
"B2_LW_1_1","B2","LW","0.0562889795696456","0.0690042773557094","0.0963237792463017","0.154795545716201","0.176033311413541","0.20533604268976","0.236824567451215","0.162393895834118","0.388402324135772","0.0452828010916699"
"B2_LW_1_2","B2","LW","0.0567618503289996","0.0695239847521407","0.0970750568982425","0.156312322621322","0.177910501659001","0.207296725256435","0.238549307511775","0.160531456112709","0.388746520663207","0.0444301529933013"
"B2_LW_1_3","B2","LW","0.0570218093963717","0.0698283959538196","0.0975540589562156","0.157240010524406","0.179003890722425","0.208450696119178","0.239651168776852","0.159737157532038","0.388914851715361","0.0440583644947836"
"B2_LW_2_1","B2","LW","0.055032965990007","0.0668337507425943","0.0938814757635138","0.153529778413902","0.174409558650002","0.201667518484976","0.228023288103914","0.146317819295472","0.390937414727325","0.0419726561556313"
"B2_LW_2_2","B2","LW","0.0537803456504327","0.0650355554964963","0.0907488279577471","0.146834037150245","0.166367069654608","0.193663449377287","0.220031823466573","0.151801271239336","0.388840003592464","0.0441007411317195"
"B2_LW_2_3","B2","LW","0.0539039575971287","0.0652198928067069","0.0911107486764806","0.147652242429016","0.167350533761485","0.194643429324541","0.221061979850176","0.151208065747985","0.389176904485513","0.0440256757938472"
"B2_LW_3_1","B2","LW","0.0736673166142884","0.0912319404079144","0.125161271334151","0.193686183256203","0.224805101881324","0.267768707361333","0.315492229477781","0.185451327130777","0.392317344294005","0.0543303926115772"
"B2_LW_3_2","B2","LW","0.0738235428118678","0.0914186576110102","0.12532264801536","0.193613595032264","0.22470373848317","0.267749112753731","0.315632009448885","0.185825059207663","0.391650328205793","0.054409158162481"
"B2_LW_3_3","B2","LW","0.0733726956615955","0.090980770680357","0.125333609143279","0.195173396056815","0.226825314730326","0.269370007437551","0.31695728678974","0.183468318753872","0.394091950965647","0.0534513040969006"
"B2_LW_4_1","B2","LW","0.064268683340504","0.0798870515402622","0.113950860435704","0.188550790407854","0.216802825780334","0.25629948647163","0.29353612228907","0.164610184428663","0.412265052581022","0.0483128670616454"
"B2_LW_4_2","B2","LW","0.0641423523874594","0.0797254368248589","0.113380542954272","0.186531372912501","0.214212265830095","0.254351895162371","0.29212726505184","0.168087992653","0.411586643299688","0.0498993200959797"
"B2_LW_4_3","B2","LW","0.0639585422295437","0.079498300118025","0.112981291191692","0.185409286902491","0.21277038666782","0.253028790371156","0.291111331018004","0.169825091526079","0.411076528553947","0.0508749787964956"
"B2_LW_5_1","B2","LW","0.0759581036520364","0.0934504455835774","0.135123824882201","0.231227392416044","0.265217225269445","0.2963152520911","0.324093924391905","0.111486114741066","0.395659920690646","0.0297018583494628"
"B2_LW_5_2","B2","LW","0.0759170910873654","0.0934302189922772","0.135167240279313","0.23140002859122","0.26539730479014","0.296526248358529","0.324329084221208","0.111564363394116","0.39577798058948","0.0296775862874634"
"B2_LW_5_3","B2","LW","0.0758007045127457","0.0932895837762442","0.135042216528903","0.2313505125061","0.265387646183764","0.296594249387435","0.324450600524669","0.111631410485611","0.396317565842352","0.02989639150676"
"B2_LW_6_1","B2","LW","0.0723359206191362","0.0886746401071942","0.127733348916658","0.217576358173777","0.249106947603696","0.280952922310003","0.309030256322683","0.118796612417713","0.398106030373761","0.0331116489846645"
"B2_LW_6_2","B2","LW","0.071633745703458","0.0877992407728212","0.126464542834476","0.215398318051844","0.24661508211941","0.278469934551155","0.306541642038429","0.119778891133388","0.398819377770346","0.0335131302306636"
"B2_LW_6_3","B2","LW","0.071324008076781","0.0874225691192499","0.1259108054994","0.214450030790701","0.245553406809577","0.277486677682522","0.305624560162975","0.120514293725101","0.399269681155083","0.0337098718885852"
"B2_LW_7_1","B2","LW","0.0578754026905234","0.0739839533362182","0.101516899728587","0.150276380421191","0.172717522580324","0.217162011149477","0.258895263275591","0.216599173192312","0.39540710179536","0.0706710997000269"
"B2_LW_7_2","B2","LW","0.0575520803906455","0.0737302916341528","0.10119966740807","0.149517039158791","0.17192653220376","0.216299500645267","0.258151671331601","0.217697353049216","0.39520163858921","0.0710102535473973"
"B2_LW_7_3","B2","LW","0.0570401816189587","0.0733118334313018","0.101131497710968","0.150343219419681","0.172950838474423","0.218115438508877","0.260450445080873","0.218885110711553","0.399773978386072","0.0726658584060124"
"B2_LW_8_1","B2","LW","0.0646450200194877","0.0794036585462794","0.113701866896893","0.192828107915919","0.221367750564596","0.253820949519465","0.281284323452644","0.131381173107142","0.406932553245133","0.0392942889726797"
"B2_LW_8_2","B2","LW","0.06542603416363","0.080303607337687","0.115193177605792","0.196195791466129","0.225387550449785","0.25682408508635","0.283580370694364","0.126451384829456","0.40542414817924","0.036698801769109"
"B2_LW_8_3","B2","LW","0.0657791325195737","0.080763361375816","0.115872655429539","0.197351480549163","0.226702062392712","0.258321050824261","0.285212749443143","0.126601419008648","0.40542104648193","0.0365719549696758"
"B2_LW_9_1","B2","LW","0.0567962965401089","0.0701781964666411","0.0950914533586111","0.144155390965184","0.162724802556052","0.211186734657605","0.24981014515116","0.223331837068417","0.418575744246238","0.0843806857171599"
"B2_LW_9_2","B2","LW","0.0566266783460935","0.0700165020049614","0.0946505754842338","0.14290628482019","0.161369120897506","0.210060764169887","0.248861969012963","0.225801217875312","0.418247698659916","0.0849048274478136"
"B2_LW_9_3","B2","LW","0.056383672541824","0.0696403065073975","0.0938090626872311","0.140813516208748","0.159092455516775","0.207175714857995","0.245758193918733","0.226684406257395","0.415981467957418","0.0841002580113881"
"B2_LW_10_1","B2","LW","0.0664035460366756","0.0832519226779324","0.114911531576027","0.183547634042919","0.21075444475794","0.240406845028589","0.272805315713036","0.14304000999103","0.376167870419241","0.0360019442980215"
"B2_LW_10_2","B2","LW","0.0658512796536912","0.0825521314703666","0.113753530918406","0.181326239468102","0.208091286173803","0.23742433432314","0.269515544849516","0.14334258155594","0.375036777372538","0.0362453660265203"
"B2_LW_10_3","B2","LW","0.0649099832490446","0.0811085841118781","0.110333691564887","0.173297605199761","0.198131324450409","0.22572158849075","0.256152072704532","0.141997615386587","0.366152347416927","0.035841080770903"
"B2_LW_11_1","B2","LW","0.0788559504165288","0.0977079247747411","0.142398601196535","0.245524492928886","0.282011491328266","0.314837139810056","0.343859998707893","0.110296847077192","0.398783216408939","0.0291911500288338"
"B2_LW_11_2","B2","LW","0.0796286589433882","0.0985577138376441","0.143419204721971","0.246815140674681","0.283407349133838","0.316369101733255","0.345419487276844","0.109933832841891","0.397699306194658","0.0291709195122789"
"B2_LW_11_3","B2","LW","0.0787635656581895","0.0975002854463428","0.141973078834587","0.244596979721057","0.280966390242289","0.31374875826411","0.342697244120727","0.110536443876717","0.398536019538639","0.0292537471046311"
"B2_LW_12_1","B2","LW","0.0663727903675799","0.0822636401481581","0.117881285947319","0.194814737978267","0.222096769659921","0.258433664549318","0.29170976279157","0.148895465294388","0.399225998644891","0.0444209762704834"
"B2_LW_12_2","B2","LW","0.067092067976708","0.0830545061825572","0.118827248831783","0.195575612093768","0.222569268544646","0.259997801661715","0.293438211962442","0.15043538872227","0.398881589006418","0.0461880663007198"
"B2_LW_12_3","B2","LW","0.0676506214704811","0.0837517322534228","0.11994523679341","0.197701238124575","0.224942392519109","0.262666953964856","0.295987335622159","0.149326368647791","0.399143878708878","0.045930081113553"
"B2_LW_13_1","B2","LW","0.0722488049841983","0.0919466134095187","0.130008042767318","0.210403679769327","0.243385011879492","0.294083317664975","0.337830558556387","0.177241910037447","0.415389297316671","0.0526556482357286"
"B2_LW_13_2","B2","LW","0.0714377966911132","0.0911902375386006","0.130095243082331","0.213349842046693","0.247324406638036","0.299488222704791","0.34424921756851","0.178741818748827","0.423252655837469","0.0534598642300504"
"B2_LW_13_3","B2","LW","0.0715240850385544","0.0912567835984248","0.129667402437479","0.211485553917795","0.244945089608635","0.296764680869214","0.341284283596042","0.179164892618742","0.420779458198615","0.0535689402611827"
"B2_LW_14_1","B2","LW","0.0783186676059855","0.0967997944418075","0.140382820479067","0.241328290946607","0.277185864352141","0.309840993948944","0.338756131516954","0.111701984444737","0.398296335372468","0.0293302754765655"
"B2_LW_14_2","B2","LW","0.0791885579550697","0.0978500078179826","0.141867386816787","0.243618184312928","0.279607260794172","0.312440363337745","0.341486776830051","0.111134392140314","0.397191485891899","0.0291803923966425"
"B2_LW_14_3","B2","LW","0.0795529833664674","0.0982239940710322","0.142306899528961","0.244141522491539","0.280234277444979","0.313139800146716","0.342276147372174","0.11105055091714","0.396783381080627","0.0292250177846458"
"B2_LW_15_1","B2","LW","0.0695396875832734","0.0860713049851693","0.12499430456172","0.214368866076408","0.245896853171391","0.278058697196047","0.30552881658025","0.120330290492219","0.402968875979794","0.0330770018481268"
"B2_LW_15_2","B2","LW","0.0697302139667394","0.086330815722056","0.125409290358029","0.215144424927091","0.246792987892698","0.2789869284591","0.306428057131916","0.119890753464156","0.40288268300279","0.0329175427902624"
"B2_LW_15_3","B2","LW","0.0697399321171985","0.0863466788352199","0.125420558914916","0.215129197341768","0.246773811538139","0.279125043126219","0.306697761197702","0.120370829579016","0.403160309612723","0.0331737933276199"
"B2_CW_1_1","B2","CW","0.0480276044759917","0.0555772333265129","0.0645363915551016","0.0773411851893051","0.0827240379338634","0.102881152178202","0.120586035205894","0.198123717572585","0.255133738268439","0.0541399688993057"
"B2_CW_1_2","B2","CW","0.0484214955516147","0.0558359563374909","0.0648497601992535","0.0779118026806239","0.0833779193809211","0.103869629292175","0.121862853557819","0.199616601775587","0.257395658270464","0.0545265989481165"
"B2_CW_1_3","B2","CW","0.0488204091314671","0.0562024999255126","0.0654157756216738","0.0788403312634949","0.0844295553459617","0.105191755210725","0.123709522270431","0.200813458096459","0.259429294537742","0.0545723170156993"
"B2_CW_2_1","B2","CW","0.0538825348332119","0.0663073940511325","0.0901748054468372","0.137972893486262","0.155219322423156","0.182184177719922","0.21380029737459","0.174622109034963","0.363069175473446","0.0440067578961972"
"B2_CW_2_2","B2","CW","0.0545492463995784","0.0666832716863145","0.0898569154981039","0.135891748348825","0.152512696860549","0.179183487172531","0.210358788025774","0.1754683773959","0.357360010940932","0.0443641287651586"
"B2_CW_2_3","B2","CW","0.0546129455274428","0.0667360747530783","0.0896883257438228","0.135109052727998","0.151540890090879","0.178082521698349","0.209047967087246","0.175354761232724","0.355446936192107","0.0443884549300745"
"B2_CW_3_1","B2","CW","0.0469626434595877","0.0570765927564699","0.0735849263998631","0.106915833380347","0.119130553188744","0.161297301602179","0.197769213758442","0.26105804953837","0.411610084379188","0.0777312092960933"
"B2_CW_3_2","B2","CW","0.0471686138175495","0.0573384534255958","0.0738950752836732","0.107343705655259","0.119623541575998","0.161980106813222","0.198597928330353","0.261014967366304","0.411519987139205","0.0775109756437012"
"B2_CW_3_3","B2","CW","0.046829592076693","0.0569516853430572","0.0736200167086993","0.107190157860636","0.119507525332034","0.162205625929334","0.19884815116122","0.262158858125528","0.413519399533899","0.0777339714360804"
"B2_CW_4_1","B2","CW","0.0528116211857213","0.0610432884746352","0.0733593427513599","0.0923099026883167","0.0993071516217534","0.119736209147484","0.143657925746478","0.197337862188293","0.266916693218605","0.0538899077260842"
"B2_CW_4_2","B2","CW","0.0550963925306785","0.0635798069232936","0.0761447928572411","0.0952094258591177","0.102371586919727","0.123006544429486","0.146954077209748","0.19323483680161","0.261374560982309","0.0527329934408276"
"B2_CW_4_3","B2","CW","0.0562871104199914","0.0648700493983559","0.0774795228046965","0.0964501876640911","0.103658414767434","0.12422050412014","0.147909986327787","0.190538649751094","0.257381063027632","0.0517524087144386"
"B2_CW_5_1","B2","CW","0.0572509660047359","0.0712763339451281","0.0898476137217099","0.116050770947945","0.127145006267","0.162426525830458","0.196842418701555","0.229486263146882","0.321700854781821","0.0758792940234435"
"B2_CW_5_2","B2","CW","0.0561384466158343","0.0696444430216601","0.0869987461645903","0.110593507549982","0.120925375700309","0.156532384295694","0.190537054741875","0.237794029325698","0.321130429228611","0.0802599855614271"
"B2_CW_5_3","B2","CW","0.055797849299889","0.0693908842755154","0.0866154716757624","0.109655729703799","0.119906616260716","0.155768204735104","0.189876999459161","0.2400940749219","0.321329910792906","0.0818983231063448"
"B2_CW_6_1","B2","CW","0.0419932167521238","0.0495618181068798","0.0592000270152082","0.0747189641298316","0.0812193944033643","0.12250363574368","0.147923531581078","0.29934012568257","0.388989925697887","0.0956149571743056"
"B2_CW_6_2","B2","CW","0.0424015707387657","0.0501172534849573","0.0599615189316246","0.0758407780978513","0.0824882554653062","0.124689558330967","0.150673640161381","0.300622072338529","0.391275662369576","0.0958354397078218"
"B2_CW_6_3","B2","CW","0.042644072919861","0.0504765863484658","0.0606079710973053","0.0770719317422669","0.0839336568267046","0.126449076218501","0.152870175601852","0.299609846686085","0.392349338480877","0.0954289383231687"
"B2_CW_7_1","B2","CW","0.0291901575078886","0.0348195023937622","0.0460801422133481","0.0699881565246621","0.0783929599433425","0.0908533719248064","0.104383123705721","0.157049574797309","0.354064262013745","0.0447993477747626"
"B2_CW_7_2","B2","CW","0.0291399404474567","0.0345781655396058","0.0457044162629959","0.0695850185724357","0.0779356859028433","0.0897295319286266","0.102503707781087","0.150885136848603","0.351437699867117","0.0424642612990311"
"B2_CW_7_3","B2","CW","0.0295602596601593","0.0350115705447658","0.0462966194577191","0.0705764728271528","0.079051571310201","0.0907932586844125","0.103522511347839","0.148652064874616","0.35076381496498","0.0415255607884364"
"B2_CW_8_1","B2","CW","0.0684157293826606","0.0791210268921567","0.0929531978345597","0.110667358262274","0.119905698177682","0.134060332864034","0.152447515178134","0.134416610543656","0.19731177930326","0.033600533724602"
"B2_CW_8_2","B2","CW","0.070796498668204","0.0810719004204338","0.0953617791663475","0.114854577990678","0.124577318668662","0.139349532790055","0.159171174305913","0.137167896851633","0.204138387031861","0.0335694458314834"
"B2_CW_8_3","B2","CW","0.0696865206756155","0.0799535563111027","0.0938420796134205","0.112369980082117","0.121752724453792","0.136133947235758","0.155202440591833","0.136052985788773","0.200155181138679","0.0332077366141874"
"B2_CW_9_1","B2","CW","0.0376955232892587","0.0438238243485185","0.0540186131319247","0.0731591561236342","0.0799137017233632","0.106060496127746","0.127291337059465","0.241055523875481","0.359220885586473","0.0718846983875411"
"B2_CW_9_2","B2","CW","0.0375977887426196","0.0436061433968508","0.0537749082317892","0.0728747091510841","0.079531790240533","0.103634610781889","0.124037030012336","0.231466925720201","0.34974176424212","0.068443131795943"
"B2_CW_9_3","B2","CW","0.0388408281390406","0.0451703943886703","0.0559553874884956","0.076197932891756","0.0832914491090731","0.108105964173634","0.129466733943083","0.230133232620909","0.350535122013657","0.0674885362351234"
"B2_CW_10_1","B2","CW","0.0654456729680582","0.0846630088362162","0.110728252441766","0.148521729522703","0.164611324344299","0.191618802489157","0.22663700251713","0.179597506763506","0.28841280607668","0.039883227730061"
"B2_CW_10_2","B2","CW","0.0648408613388022","0.0837862067395869","0.109322813044849","0.146381454176785","0.162152325387384","0.188728518980386","0.223203585094299","0.179364635086816","0.287312733112228","0.039965096992557"
"B2_CW_10_3","B2","CW","0.06518493202239","0.0841012055864805","0.109190950109963","0.145223512370362","0.160814195869787","0.187116364640747","0.220779636540518","0.1777444747261","0.283675359810057","0.0394212649650092"
"B2_CW_11_1","B2","CW","0.0532271939345168","0.0686403397551987","0.0934266827787614","0.135373962404765","0.154840308391733","0.187783200015547","0.229735966039193","0.215162505056671","0.364916840444966","0.0602931373412645"
"B2_CW_11_2","B2","CW","0.0571656639021846","0.0737654253110997","0.0989126780803466","0.138387890212455","0.158110798132985","0.197164754441078","0.244784210046958","0.235817929085368","0.364475352806721","0.0712531241082924"
"B2_CW_11_3","B2","CW","0.0579306631077542","0.0742503184426644","0.0999802450218827","0.141938748376343","0.162026131266589","0.199750334083576","0.246208513185474","0.226533691959544","0.364297819454957","0.0669027708217509"
"B2_CW_12_1","B2","CW","0.057400204556383","0.0704526617014567","0.0952630261351005","0.148306565010692","0.167786335661939","0.193628391992344","0.218232347996559","0.144530887413552","0.363734128269914","0.0364929825161571"
"B2_CW_12_2","B2","CW","0.0605327931920796","0.0742788032157706","0.0991466373243342","0.151051537741329","0.17039584494122","0.19610156561804","0.221568313316466","0.144835943691736","0.350899545564377","0.0358766182363721"
"B2_CW_12_3","B2","CW","0.0598767994164533","0.0734762453654567","0.0982299270189839","0.150099884987206","0.169380295887535","0.195088225144795","0.22045784635441","0.145344374303993","0.35282276242581","0.0360893237053653"
"B2_CW_13_1","B2","CW","0.0508788091225003","0.0621279552798562","0.0819053806227341","0.11783592627258","0.131705636229562","0.155989346503623","0.183449142592271","0.181462364649583","0.336097525348841","0.0447804730201142"
"B2_CW_13_2","B2","CW","0.0482052198124234","0.0584255071582413","0.0769500135192323","0.111122083819184","0.124103234608223","0.146765669983351","0.173277197306797","0.183014913822087","0.336991609165754","0.0448949900625005"
"B2_CW_13_3","B2","CW","0.0481324822907725","0.0583104273189183","0.0768056099318201","0.111004587325879","0.123993674117809","0.14661174450915","0.173069656538161","0.182545837496118","0.337283724186828","0.0449766869789826"
"B2_CW_14_1","B2","CW","0.0501336999499515","0.0703185462268097","0.0970219515605803","0.13597322575451","0.154307691272109","0.190631062856828","0.231882219495729","0.219948468881559","0.354606307430586","0.0653872090956163"
"B2_CW_14_2","B2","CW","0.0528266185889119","0.0736072470929932","0.102256179028936","0.145529929435006","0.165519491646269","0.201630852834755","0.243301169735024","0.209052993705926","0.354578264968944","0.0606322533402588"
"B2_CW_14_3","B2","CW","0.0527241375368536","0.0725361451208326","0.100914037533856","0.145128537671015","0.165023145825949","0.199969847635775","0.240558573376904","0.204886330915891","0.356478332520222","0.0589793717411829"
"B2_CW_15_1","B2","CW","0.0543702809690907","0.0674860162496813","0.0999304101778261","0.177947262644219","0.206793760117291","0.23502941799573","0.260299726936691","0.127774882386382","0.427569617538264","0.0331273682396476"
"B2_CW_15_2","B2","CW","0.0547577887681129","0.0680232597886716","0.1008020575719","0.179678515682679","0.208819233603709","0.237327234306499","0.262634766819958","0.127337239380461","0.428047359143794","0.0330534837729909"
"B2_CW_15_3","B2","CW","0.0525500551391073","0.0653300181061873","0.0967181011060635","0.17245266829858","0.200317204805054","0.22774501016999","0.251809190307275","0.126887421818453","0.428297518405579","0.0332957280990435"
"B3_CC_1_1","B3","CC","0.0526516919932948","0.0636459651080971","0.0756147219730441","0.0909658729211342","0.0988967525815228","0.12311749824177","0.142934740737655","0.193846158051936","0.263922304535095","0.0539508321135501"
"B3_CC_1_2","B3","CC","0.0532728153498907","0.0643459773806568","0.0764161082172644","0.091590368147812","0.0994668975473769","0.122872680574948","0.142300269121431","0.188828594287346","0.257296761427986","0.0525264590722931"
"B3_CC_1_3","B3","CC","0.0529482348153401","0.0639699005744629","0.075980220421681","0.0911365188703144","0.0989646109721449","0.122377712647178","0.141859456822847","0.18988089254893","0.258108127161434","0.052687837863736"
"B3_CC_2_1","B3","CC","0.0686875449327971","0.0856542728546013","0.103442982961144","0.122064380072292","0.133793418246791","0.164083975574688","0.188294028493214","0.180470611069375","0.247284234202765","0.0491073548994716"
"B3_CC_2_2","B3","CC","0.0695453892211032","0.0870996284660246","0.105557930700393","0.124500730159832","0.136510354710806","0.166704677627435","0.191192080477114","0.178448541556823","0.244771622418326","0.0486048230554648"
"B3_CC_2_3","B3","CC","0.0716394877808423","0.0907397050987635","0.110352391076185","0.129726561301797","0.142248625064022","0.171288255574724","0.194984217371016","0.167621524598134","0.23444814006816","0.0449529759176773"
"B3_CC_3_1","B3","CC","0.0508275773981619","0.062509580569598","0.0856337895798023","0.125930256562795","0.137862444986596","0.17290239585981","0.210551583006216","0.224815233961941","0.367528710753025","0.0613950374027779"
"B3_CC_3_2","B3","CC","0.0484006930974093","0.0591516024047882","0.0803404965063335","0.117056802905644","0.127904333875059","0.162955504749197","0.200085470278855","0.236353259473457","0.370804022109333","0.0655055679202478"
"B3_CC_3_3","B3","CC","0.0485280184544561","0.0593359110588622","0.0805184918494822","0.117153061769479","0.128017753843484","0.16350551005364","0.200911981311604","0.237807472969266","0.371554610295896","0.0659538634707869"
"B3_CC_4_1","B3","CC","0.0639180428429311","0.0760416763261809","0.0888385399325155","0.102116249510403","0.109154330057063","0.128562575128251","0.147337073438668","0.159896252664167","0.203068410419277","0.0448940972123874"
"B3_CC_4_2","B3","CC","0.061956345443347","0.0738373606073792","0.0866336542768845","0.100253723780231","0.107273758257008","0.12818870907903","0.148753390137977","0.17383307889262","0.215812435944945","0.0494190417631554"
"B3_CC_4_3","B3","CC","0.0621276087703093","0.0740898800647223","0.086990040638953","0.100788468680701","0.107901510111213","0.129069129084516","0.149993037373167","0.175497569080625","0.217090598936177","0.0496643908712775"
"B3_CC_5_1","B3","CC","0.0640891696579473","0.0770850037338875","0.0925213960999537","0.112276263896289","0.121735088227204","0.145486770937753","0.165316433953512","0.162926808060188","0.242983013163635","0.0446266090256676"
"B3_CC_5_2","B3","CC","0.0649338486768765","0.0783562391083757","0.0939619234722189","0.113407253723577","0.122949351445355","0.146463227420273","0.166035829597329","0.160262330509084","0.238021305813802","0.0436558280514878"
"B3_CC_5_3","B3","CC","0.0650878586825819","0.078722576193464","0.0945193868421349","0.114164116038713","0.123822382058423","0.147450672943788","0.167253005490876","0.160252379496083","0.238432337579486","0.0438200666676625"
"B3_CC_6_1","B3","CC","0.0410193522292699","0.0492697668980611","0.0589655123256239","0.0716623175168718","0.077982545418949","0.108188441529188","0.130721577264863","0.263908782824813","0.32733845056045","0.077346880964077"
"B3_CC_6_2","B3","CC","0.0398862548843498","0.0483520362379974","0.0579435494497805","0.0705737874122071","0.0767269722903634","0.106533373522465","0.128231221335719","0.262154732197884","0.328410995343682","0.0775945595873209"
"B3_CC_6_3","B3","CC","0.0397695463170027","0.0488348629324257","0.0586687252324068","0.0714399844963744","0.0775477143141246","0.106025032740208","0.126760611487177","0.251616942258093","0.319341229296369","0.0744185153913469"
"B3_CC_7_1","B3","CC","0.0410892309746557","0.0498600852752359","0.0612126268083687","0.0765146831321335","0.0826316240815761","0.102688114041237","0.125819515901877","0.222939132316858","0.281947890064868","0.061351297507026"
"B3_CC_7_2","B3","CC","0.0481406227347809","0.0582801379669376","0.0708816116284587","0.0871171042029042","0.0939726232910558","0.115921114067283","0.140320855669407","0.212342039335665","0.268016297807439","0.057376730865955"
"B3_CC_7_3","B3","CC","0.0461037065721324","0.0559005541016276","0.0684434161821614","0.084804299913439","0.0914863190536064","0.112149755811885","0.136690654490753","0.213835428570586","0.268823217029916","0.0572638805515171"
"B3_CC_8_1","B3","CC","0.0496037183401778","0.0631392745379034","0.0806870459849681","0.106425421018137","0.117522490996468","0.148664957232797","0.182104798304741","0.232642090772535","0.32456749216005","0.0616497893184531"
"B3_CC_8_2","B3","CC","0.049520456982636","0.0628907255790894","0.0803735688463875","0.106175187799212","0.117175904914708","0.148318639469437","0.181955465365102","0.233605195576523","0.325484729758187","0.0619915010275022"
"B3_CC_8_3","B3","CC","0.0483477573218171","0.0610991416650199","0.0780027969821573","0.1034013331081","0.114057532938863","0.145041605426203","0.17838885966807","0.237045587275676","0.329596833131396","0.0631874393099655"
"B3_CC_9_1","B3","CC","0.0461765415795904","0.0540530754913011","0.0621897391303763","0.0732491727786078","0.0799868979174752","0.107671360398274","0.123976496547971","0.222358861709992","0.294707435059545","0.0610154360197591"
"B3_CC_9_2","B3","CC","0.0430554252260972","0.0506322445087294","0.058361466000473","0.0691863417062638","0.0757470115244427","0.10420085770706","0.120465656179585","0.235054480175283","0.310233293005823","0.0649054645794284"
"B3_CC_9_3","B3","CC","0.04366338974901","0.0513442393636138","0.0591870173013831","0.070094799436263","0.0766993046336226","0.105117974180558","0.121433697188928","0.232888114784742","0.307420898710369","0.064107527294558"
"B3_CC_10_1","B3","CC","0.0445077659485343","0.0543806239062118","0.0671762297661926","0.084264912935664","0.091378165327729","0.128688573053286","0.165762708331292","0.306865880820691","0.352145207940333","0.0857212551322148"
"B3_CC_10_2","B3","CC","0.0406787592132026","0.0485894450225146","0.0604316934884838","0.0776194290068582","0.0845702900632862","0.12141545461313","0.157253138524694","0.316905640593666","0.374968142412513","0.0899285244690822"
"B3_CC_10_3","B3","CC","0.040618007847619","0.0484337326727387","0.0602140883818246","0.0774306003128523","0.0844089958871803","0.121363675198731","0.157338528812651","0.318071207612221","0.376269724321448","0.0897757984165031"
"B3_CC_11_1","B3","CC","0.0500716060861054","0.0596210345976661","0.0770640108630797","0.109507749979215","0.121594539362929","0.149673673644488","0.182788452830502","0.218280130584968","0.348743061736677","0.0553834832066307"
"B3_CC_11_2","B3","CC","0.0469024057726933","0.0562834874835979","0.0740304395718943","0.108158758604321","0.120820166319263","0.149941131793538","0.184096849772557","0.225541044762952","0.368366647663076","0.057090640666655"
"B3_CC_11_3","B3","CC","0.0453129826686934","0.0544238569537129","0.0719355525173405","0.106020043546978","0.11865620378856","0.14799755928362","0.182467351628397","0.230044404402487","0.375909260471557","0.0585426093647091"
"B3_CC_12_1","B3","CC","0.0313574333125882","0.0365016921471554","0.0453734047683699","0.0617500003879657","0.0677900303675227","0.0917174751835017","0.11516355727888","0.275345340445409","0.372743460575594","0.0729658361385309"
"B3_CC_12_2","B3","CC","0.0312390363933737","0.036304334839272","0.0452385555427956","0.061679622414542","0.0676339243567765","0.0914242363938606","0.115240222027627","0.276631283070769","0.372970026456355","0.0733677093530619"
"B3_CC_12_3","B3","CC","0.0312435783413511","0.0362619331086649","0.0449805341281962","0.0609013934944909","0.0667257519034034","0.0902147734297477","0.113582599483384","0.276068774586926","0.36914195056876","0.0732807819132509"
"B3_CC_13_1","B3","CC","0.0454966071296906","0.0569358395270939","0.0738213283630065","0.102099355447653","0.113423147380708","0.146617066265251","0.185872779483547","0.263040920537336","0.363789492453964","0.0688907679039776"
"B3_CC_13_2","B3","CC","0.0427632243516816","0.0527465904316398","0.0681429353025744","0.0943464114091205","0.104624610922101","0.137212316961585","0.17617563791749","0.27608562322634","0.37157020680943","0.0732102875348649"
"B3_CC_13_3","B3","CC","0.0413949486986977","0.0507251471739406","0.0656287589974638","0.0913833911863831","0.10139512475834","0.133444183684467","0.171978885208686","0.279437612510573","0.376307934070103","0.0740761388778829"
"B3_CC_14_1","B3","CC","0.0410016067985869","0.0482711965944116","0.0626759590195501","0.0905511864024755","0.100395419969674","0.128985185805665","0.163964382350747","0.259919186354623","0.38053319849384","0.0685252993575442"
"B3_CC_14_2","B3","CC","0.0403544549647392","0.0475094152345431","0.06163947723305","0.088964856687766","0.0986164162480013","0.126876919095502","0.161636346362777","0.261714387655828","0.38060193650062","0.0691083377503534"
"B3_CC_14_3","B3","CC","0.0420787326689062","0.0492942301460552","0.0631846579852886","0.0894201576861978","0.098607980859409","0.127372300587077","0.163168670775355","0.266643668717042","0.371964560464145","0.0709152057015668"
"B3_CC_15_1","B3","CC","0.0324078056912441","0.0391289404764333","0.0498466069448239","0.0706377335766769","0.0780353764884542","0.0986202860859853","0.120619803952867","0.231847774166646","0.359816965169102","0.0604446530085695"
"B3_CC_15_2","B3","CC","0.0336329197763757","0.040638131302277","0.0509908152970722","0.0707350176773109","0.0779093239979497","0.0976834288206665","0.118040714066646","0.221551594718731","0.344737995800127","0.0583407138510281"
"B3_CC_15_3","B3","CC","0.0344449355531736","0.0414680159744389","0.0516269300994951","0.0707663490145599","0.0777988737383208","0.0972366894632835","0.117045504825291","0.21801752520142","0.336294358796023","0.0571927966542349"
"B3_LC_1_1","B3","LC","0.0648239742199259","0.0800311916574715","0.114671259817575","0.195330255645109","0.227595648130905","0.259909252545103","0.289456722529798","0.133849642805155","0.4107132361872","0.0340549231267735"
"B3_LC_1_2","B3","LC","0.0650209179156754","0.0802770765005434","0.115070127372315","0.19614677338006","0.228516403530964","0.26084420732636","0.290403618338939","0.133535413178986","0.410768660121084","0.0339480193550826"
"B3_LC_1_3","B3","LC","0.0652772731091067","0.0806168745616746","0.115859186341228","0.198222875328921","0.230941638032437","0.263197846583185","0.292627286344996","0.131817968442684","0.411553707289103","0.0336477991753179"
"B3_LC_2_1","B3","LC","0.0508630384159178","0.0609434975620671","0.0837837850561588","0.134472099142555","0.152871454973764","0.175319005456451","0.19526672088117","0.134084199748084","0.376571277742569","0.0368306016874203"
"B3_LC_2_2","B3","LC","0.0517903035053542","0.0622257595556258","0.0859576955445896","0.138897256279131","0.158170307878039","0.181130400323343","0.201796408226612","0.133708079259272","0.379751486169802","0.03631170471122"
"B3_LC_2_3","B3","LC","0.0520193517865311","0.0625284217258842","0.086468728863703","0.139981446008927","0.159488318385556","0.182604898730399","0.203518061320986","0.133967900589839","0.380752757939467","0.0363406517766027"
"B3_LC_3_1","B3","LC","0.0527282816630271","0.0659266236199037","0.0837500521690595","0.113282384596225","0.12733252131335","0.173204243581172","0.205861537687565","0.247213247743889","0.381636918274959","0.0746994989495475"
"B3_LC_3_2","B3","LC","0.051865435819932","0.0650268779065744","0.0826506239319005","0.112221221669387","0.126403201989266","0.172071671255216","0.204648870955479","0.247779937199425","0.384586593826514","0.0743320395250477"
"B3_LC_3_3","B3","LC","0.0528035381893453","0.0661851898169128","0.084136019454512","0.114067710746272","0.128363146981255","0.174243509261509","0.206997484401979","0.24588862376322","0.382096534773845","0.0738851019316886"
"B3_LC_4_1","B3","LC","0.0682814089679927","0.0842245047696283","0.121072045234251","0.20703922607194","0.240773742361234","0.272464940589329","0.301540004168712","0.125443740196072","0.407245349586163","0.0320846134929425"
"B3_LC_4_2","B3","LC","0.0695258663263375","0.0860983381947045","0.123162370344117","0.207826219474472","0.241551553381175","0.273780767295121","0.304091829903341","0.128462761779396","0.401661770041946","0.0325172405978946"
"B3_LC_4_3","B3","LC","0.0691638846316861","0.0855732483202606","0.122592372773937","0.207615285522325","0.241357630920379","0.273446966943582","0.30344436873669","0.127776055014284","0.403011792481335","0.0324447174060014"
"B3_LC_5_1","B3","LC","0.0526939250893365","0.063608853091789","0.0869720341881814","0.138485479831882","0.157626589322319","0.183086506096371","0.204448854666222","0.141788955200065","0.380755396263227","0.0408394329958816"
"B3_LC_5_2","B3","LC","0.0523069939845033","0.063119113159164","0.086014581198104","0.136205602589309","0.154959011952157","0.180559030586374","0.201906601564783","0.144362817469892","0.379869205724522","0.0420506251729774"
"B3_LC_5_3","B3","LC","0.0527580662843457","0.0636961470901868","0.0871150639918469","0.13873285060784","0.157938895118237","0.183520716878638","0.204944892489272","0.142414152059187","0.381165950665824","0.0410391716705479"
"B3_LC_6_1","B3","LC","0.052470591671166","0.0628994067458223","0.0770746385423181","0.0990905775840971","0.110171501079213","0.146028524368337","0.171792061505838","0.23026975416192","0.341758834418063","0.0721074462877782"
"B3_LC_6_2","B3","LC","0.0531788707361186","0.063231599740992","0.0759971526947364","0.0944368777013675","0.104271769634891","0.13644859422661","0.1598627984188","0.221910258745114","0.31583116370652","0.068398731068231"
"B3_LC_6_3","B3","LC","0.0532841982896632","0.0635067953255455","0.0765070120653199","0.0954719156924784","0.105521789411436","0.138246076950205","0.161995087996879","0.222712980168573","0.31882487544657","0.0688699372309031"
"B3_LC_7_1","B3","LC","0.0814469618164376","0.102794228895356","0.14248053057942","0.22675641002726","0.259650849159782","0.310687273244343","0.356014661803476","0.168857676066601","0.399341448839904","0.0519417378080327"
"B3_LC_7_2","B3","LC","0.0791655741458352","0.0994897536889314","0.140869394962968","0.232169234100379","0.268050589530637","0.310573132350066","0.349060114610636","0.144105488929996","0.400277105939931","0.0405753609436418"
"B3_LC_7_3","B3","LC","0.0793044389950294","0.0999807150184632","0.139765569014401","0.225493227100956","0.259012352950091","0.306614191943923","0.349342359137915","0.161225809237483","0.400497496121319","0.0482308160998959"
"B3_LC_8_1","B3","LC","0.0700337223554915","0.0857483885935539","0.124021735485933","0.212780730936665","0.244779478183662","0.27425950713307","0.300552802276664","0.114204938668076","0.398812207686871","0.0298416885477645"
"B3_LC_8_2","B3","LC","0.0695866028777382","0.0851484990714208","0.12308033838315","0.211099879725835","0.242862402853979","0.272124793460605","0.298304450221341","0.114408342602215","0.398816780353718","0.0297793768455973"
"B3_LC_8_3","B3","LC","0.0696204920384486","0.0852306519663584","0.123184397747246","0.211195818994447","0.242996335094057","0.2722939552997","0.298503124623206","0.114459077834359","0.398879278232058","0.0299222682318939"
"B3_LC_9_1","B3","LC","0.0436037267828367","0.051537077890475","0.0649685302479157","0.0903321065939231","0.100598900497455","0.121936718907182","0.137583987984215","0.166710089326575","0.330478630780922","0.0501206398798351"
"B3_LC_9_2","B3","LC","0.0430243598485379","0.0509227322649956","0.063910300687555","0.0880040282519675","0.0978848061285314","0.119173871681624","0.134620797620559","0.169227418860102","0.327626256854259","0.0511833348210586"
"B3_LC_9_3","B3","LC","0.0425760731889495","0.0502326372318535","0.0621834446082361","0.0834642585334277","0.0924394956913945","0.112833070067761","0.127518408579691","0.170493033905514","0.315164025270484","0.0518974954159674"
"B3_LC_10_1","B3","LC","0.0592603374627106","0.0761536791605089","0.10771278978511","0.171676488175218","0.198957109239723","0.240969664108356","0.282989654327002","0.193785264421241","0.409421079430677","0.0497022077619773"
"B3_LC_10_2","B3","LC","0.0562165927431581","0.0725803274951433","0.104291153405727","0.169572798818132","0.197116351428943","0.238936775279448","0.280946184938391","0.194974313924717","0.420122157239533","0.0504571636029218"
"B3_LC_10_3","B3","LC","0.0558866998147216","0.0722866399943127","0.103881968485569","0.168593189491731","0.196023103442294","0.237795981482755","0.280004401421909","0.196557299636344","0.41984556689942","0.0506807120779055"
"B3_LC_11_1","B3","LC","0.0749211530734893","0.0931161067255475","0.136415326499681","0.238819742724709","0.278702887703374","0.31426995560757","0.345375473577516","0.119643905124321","0.416910269555965","0.0310210538436113"
"B3_LC_11_2","B3","LC","0.0746445653313423","0.0926644779237923","0.135635100994192","0.237353867291728","0.276990149221902","0.312177657535538","0.343046620041665","0.119466290755186","0.41640364042765","0.030860153758803"
"B3_LC_11_3","B3","LC","0.0744480957316167","0.0924878779836693","0.135474743737044","0.237297654597474","0.277053594641438","0.312295458884329","0.343299485448007","0.119711803812472","0.417153621452944","0.0309332473179455"
"B3_LC_12_1","B3","LC","0.0669911383624751","0.0843426929663504","0.118908531203369","0.193918135747484","0.22370818904881","0.25766267444756","0.28772762575402","0.139422727567834","0.390951024416105","0.0360746738833774"
"B3_LC_12_2","B3","LC","0.0665417787592594","0.0838379610381185","0.118258945458042","0.192882367051812","0.222413270890205","0.25692589390185","0.287483399177237","0.141958303091563","0.392400096815376","0.0370120784807154"
"B3_LC_12_3","B3","LC","0.0652741335339795","0.0820935026900181","0.116137030828569","0.190173701795772","0.21932055494117","0.254075461158295","0.285112103950333","0.144803962432978","0.395957534395205","0.0380162563022357"
"B3_LC_13_1","B3","LC","0.0461331620777733","0.0580613597559996","0.0837279550807246","0.141094529140711","0.16416379767539","0.207931422426251","0.245400815226312","0.214552488959966","0.457945877008179","0.0608794412404355"
"B3_LC_13_2","B3","LC","0.0462628413996638","0.0582222822732827","0.084051910477925","0.141694860961814","0.164817914038085","0.208091258715669","0.245425250509215","0.212640188967173","0.456427348752688","0.06007265163273"
"B3_LC_13_3","B3","LC","0.0456914324059164","0.0573157340370867","0.0822525564201373","0.137848269506307","0.160238146012334","0.204989658732681","0.242951111775982","0.220980153809565","0.460100558469039","0.0633845260214137"
"B3_LC_14_1","B3","LC","0.0666945882720739","0.0819347400646917","0.115158311506946","0.187758698967589","0.216482267877531","0.246722028704659","0.277128668299272","0.137267010041718","0.385870856582763","0.0354320048582505"
"B3_LC_14_2","B3","LC","0.0674123003725766","0.0827819559543874","0.116275089779625","0.18927710031738","0.218287775361976","0.248898157463617","0.279838731995288","0.137933548173661","0.385621087482563","0.0356404279440594"
"B3_LC_14_3","B3","LC","0.0678890298598832","0.0835023166657393","0.117707335496418","0.192734295677019","0.222467098252916","0.253298820529749","0.284340281771865","0.136410265143443","0.387942733257757","0.0351838301786092"
"B3_LC_15_1","B3","LC","0.0404236261084043","0.0480768551232238","0.0623316065620844","0.0894578533625267","0.0997773541664815","0.125827661013839","0.147636751142534","0.206630892771677","0.369812201268315","0.0656987391489968"
"B3_LC_15_2","B3","LC","0.0423061839595309","0.0508569181202147","0.0679339725392196","0.102860311518251","0.115737650183501","0.139695610969404","0.160756521709241","0.176166640611588","0.37445602638871","0.0536788292464145"
"B3_LC_15_3","B3","LC","0.0413373740456643","0.0495984673454419","0.0658029431913978","0.0985507117090494","0.110583755646889","0.134565743048478","0.155375593509061","0.181974955508999","0.372719531557142","0.0561395686008306"
"B3_CW_1_1","B3","CW","0.0558051619791783","0.0677667724111735","0.0847549388002253","0.110040373381476","0.121280340606444","0.148438883537832","0.172875755288109","0.189453276505897","0.297018093306307","0.0517337143530277"
"B3_CW_1_2","B3","CW","0.055827549106788","0.0678678935832266","0.0846647881511507","0.109261687296203","0.120233319568653","0.147122778661985","0.170931205286436","0.187750722446796","0.293074885052205","0.0512774389406764"
"B3_CW_1_3","B3","CW","0.0556334896628122","0.0675660330369591","0.08433067370928","0.108995820254932","0.119984869552997","0.146817617988983","0.17071402902716","0.188428197461364","0.294162461442014","0.0512971786476118"
"B3_CW_2_1","B3","CW","0.0411929556179889","0.0501635969783586","0.0702477530778021","0.114405239601453","0.130442265432864","0.151071713120078","0.176001844456108","0.165955890463057","0.390812499822575","0.0407593449475246"
"B3_CW_2_2","B3","CW","0.0405647678001252","0.0496141428754505","0.069975860909984","0.115021084441566","0.131268199449119","0.151814566296857","0.177266874130476","0.166715425391847","0.394393078011248","0.04004457142507"
"B3_CW_2_3","B3","CW","0.0407006265841132","0.0498177104581911","0.0702894765470009","0.115583786274444","0.131945614642405","0.152555361189201","0.178034763312982","0.166113963597137","0.394481393613649","0.0400266132127432"
"B3_CW_3_1","B3","CW","0.053966733185453","0.0695110432226379","0.0990428434040719","0.16087539474493","0.18585807240776","0.216301938641595","0.246578777232826","0.155658236938095","0.396736729892214","0.0428487945982952"
"B3_CW_3_2","B3","CW","0.055080678660888","0.0708412793522783","0.101199301338527","0.165452371183429","0.191357038884126","0.222789669644752","0.254049360711096","0.156086208378151","0.400524443800388","0.0432564403335084"
"B3_CW_3_3","B3","CW","0.0549113961361904","0.070611462448966","0.100892579400391","0.16496045418026","0.190721782031779","0.222007208061575","0.253150168144959","0.155950970773154","0.400525101318296","0.0434042056705955"
"B3_CW_4_1","B3","CW","0.0497638524614901","0.0648065393519048","0.0858810520370888","0.118056592438531","0.133684093073721","0.166332468444918","0.202064231330952","0.222035076942666","0.348451038594958","0.0643036946272288"
"B3_CW_4_2","B3","CW","0.0509180759534182","0.0660342466922528","0.0875910874970496","0.121066614293791","0.137028070330679","0.170004313233968","0.206025384747578","0.219345560172825","0.348936300470459","0.0629014905761431"
"B3_CW_4_3","B3","CW","0.0506607234409762","0.06611957263716","0.0882264770967224","0.122712819552014","0.139098573033548","0.172690673504773","0.209708319709581","0.220880439570595","0.352735965875191","0.0635108243552257"
"B3_CW_5_1","B3","CW","0.0492540830923983","0.0608331412737211","0.0872428135756041","0.146009497701538","0.167832601871709","0.19242467893894","0.219193555057152","0.14787743592345","0.399380518701048","0.0357573127028495"
"B3_CW_5_2","B3","CW","0.0487515282089695","0.0601815245848841","0.0862907273509849","0.144403353128695","0.165982313074508","0.190353995308777","0.217190404712738","0.14895736098177","0.39969946372086","0.0360094484428948"
"B3_CW_5_3","B3","CW","0.0486533931517959","0.0601763345578283","0.0865882985892525","0.145501387416604","0.167382154199874","0.192011264514094","0.219236899412938","0.149671989598316","0.401980727917985","0.0359968938541665"
"B3_CW_6_1","B3","CW","0.0592241754279711","0.0761280078003266","0.103416912025434","0.152710427220067","0.173827551507545","0.200183459902033","0.226941154831977","0.147264109951822","0.338817092413878","0.0373871167423447"
"B3_CW_6_2","B3","CW","0.0613364217662182","0.0787359632743832","0.110034267685666","0.172305136173502","0.198179399438631","0.22776281575501","0.258593901442727","0.147486761965007","0.370345231663355","0.0375351483869751"
"B3_CW_6_3","B3","CW","0.0621034932594473","0.0799227694534121","0.111383369606238","0.172855583300517","0.198519298558307","0.228088968675533","0.25886977485165","0.147064961676293","0.3651274759374","0.0372575253099986"
"B3_CW_7_1","B3","CW","0.0481536419451258","0.0604209495418362","0.0862775290226325","0.142853238275151","0.164353926865874","0.189414134387079","0.213540886301304","0.144002589929868","0.397439091965744","0.0372878819055785"
"B3_CW_7_2","B3","CW","0.0512654762381044","0.0647016523685068","0.0927917266826639","0.15397182877875","0.177526948309957","0.204105901836826","0.229542209949549","0.14146061316777","0.39783171999783","0.0361742516307063"
"B3_CW_7_3","B3","CW","0.0545531519218646","0.0691346021336705","0.0991417049475734","0.163777811064648","0.188824328506048","0.216715130733969","0.243256986453804","0.139725043991898","0.394510870531548","0.0355361527356623"
"B3_CW_8_1","B3","CW","0.0527784844449437","0.0652777091770843","0.0811626164102835","0.103336052780285","0.112526428490536","0.132002278035046","0.151364371198393","0.159349756335202","0.258878578886033","0.0436634359140601"
"B3_CW_8_2","B3","CW","0.0519104246257203","0.0646238032096557","0.0811225758870191","0.105166411092794","0.114886728096928","0.134585262995011","0.154651120736713","0.160104152584584","0.268238036013309","0.0430972864199979"
"B3_CW_8_3","B3","CW","0.0511387361704178","0.0639306498899701","0.0808984623018624","0.106478387078674","0.116601106088051","0.136668483928519","0.157463506063295","0.162179686599759","0.277073700059068","0.0433665105968373"
"B3_CW_9_1","B3","CW","0.0459512907539891","0.0525181178969986","0.0638624649292473","0.0832166788435298","0.0906109028118566","0.106162860206146","0.123135856609393","0.166475421605094","0.271792051663607","0.0451685516829092"
"B3_CW_9_2","B3","CW","0.0461946704956025","0.0526577371105678","0.0637952225880944","0.0826193650213255","0.0897954134956012","0.105185832955553","0.121938604871977","0.165907132008185","0.267920769090067","0.0451117969788657"
"B3_CW_9_3","B3","CW","0.0475875343532613","0.053886590935741","0.0645774270285064","0.0819927513955388","0.0886873845864325","0.103689291808057","0.119901028677763","0.163146978315895","0.255068038764051","0.0445842806345413"
"B3_CW_10_1","B3","CW","0.0368125235531765","0.0441717209254788","0.0505783917066221","0.0585569047258068","0.0606542399729857","0.0724439231194084","0.0789143943046288","0.130280313916065","0.197381930647509","0.0439200355164232"
"B3_CW_10_2","B3","CW","0.0359967095798528","0.0436414129487003","0.0498994389089789","0.0577348465895449","0.0593505300810486","0.0713669493487577","0.077327565567572","0.128021221221058","0.197327321861169","0.0448310445633731"
"B3_CW_10_3","B3","CW","0.036577542154971","0.0440769073190141","0.05051161344851","0.0584868979878783","0.0604727863949918","0.0724837157937095","0.0790046387495159","0.132200720792071","0.199186569283376","0.045346055499927"
"B3_CW_11_1","B3","CW","0.0582057114006591","0.0683783650016656","0.0812368293802736","0.0952710627718868","0.102702565761955","0.124471368128545","0.144702092517425","0.182613096921546","0.234381607773559","0.0563657191961782"
"B3_CW_11_2","B3","CW","0.0549406107724954","0.0645078521881493","0.0764844137009102","0.0893608625107935","0.0962610522525979","0.117688194219779","0.13764694105134","0.189825122642808","0.238754496741172","0.0616927243092006"
"B3_CW_11_3","B3","CW","0.0528271926229508","0.0619306551307668","0.0733065419528928","0.0854278147075806","0.0919496383366986","0.112151387218813","0.130968398153505","0.187489895654064","0.236078100358575","0.0618499029677701"
"B3_CW_12_1","B3","CW","0.0488445407513533","0.0569156614416952","0.0731786714023387","0.103350268024354","0.113646249460942","0.139303928126273","0.171844705393802","0.222340391036411","0.339896789522774","0.0560694430807734"
"B3_CW_12_2","B3","CW","0.0486863780728672","0.0566181139214513","0.0725932649815105","0.102157725019855","0.112226851929763","0.137877238979355","0.170039934482558","0.223118287758513","0.338967638524705","0.0565826534025361"
"B3_CW_12_3","B3","CW","0.0483945701348039","0.0563195898954921","0.0722702171834951","0.10181907692641","0.111896120925966","0.137438552085639","0.169589687373471","0.223312312673137","0.339603341456706","0.0567256887688943"
"B3_CW_13_1","B3","CW","0.0295068797440732","0.0332841671171378","0.0382604513403134","0.0440980026635076","0.0465320240970065","0.0603268034908083","0.0724672003506562","0.22802866765732","0.265388867350209","0.0898847880252189"
"B3_CW_13_2","B3","CW","0.0353692560845256","0.0398022889349023","0.0456834602564148","0.0521031197239289","0.0550462898302837","0.0714926530100241","0.0868361091054167","0.233943326528117","0.264936127295468","0.0973048179708012"
"B3_CW_13_3","B3","CW","0.0341645364738822","0.0384691529584859","0.0441776211148164","0.0504607883865939","0.0533002197813829","0.0694023898143644","0.0842749987634605","0.235035149379045","0.266388325117215","0.0971485952069937"
"B3_CW_14_1","B3","CW","0.0717364067646648","0.0844387471753703","0.099593209244044","0.1163846597063","0.125073523270684","0.156428401302367","0.187704848781944","0.211428368581302","0.260428473158875","0.0853002482927137"
"B3_CW_14_2","B3","CW","0.0715689935725256","0.0842227799562417","0.0994124387015329","0.116390771895477","0.125176697627932","0.156225334617456","0.187262933198664","0.210303157849295","0.26009181115415","0.0840407862349937"
"B3_CW_14_3","B3","CW","0.0714871118044712","0.08418809372115","0.0992856892800475","0.115910354121866","0.124484984133984","0.156534252212673","0.188445746108711","0.215874221138921","0.263143482401705","0.0878820790224384"
"B3_CW_15_1","B3","CW","0.0462959062992332","0.0559305366933456","0.0767500216691091","0.120590546516581","0.137003164741574","0.160463729117781","0.189105545785218","0.177184782418464","0.377815007291031","0.0425975995454536"
"B3_CW_15_2","B3","CW","0.0465475870894513","0.0564648888934863","0.0779800318427477","0.123532354144565","0.14059198142189","0.164583441511241","0.194021472323198","0.177256720092115","0.382081448998219","0.0423059272590917"
"B3_CW_15_3","B3","CW","0.0462754582167292","0.0560898696349438","0.0774174983042935","0.122691020275979","0.139689760835619","0.16348498947983","0.1925326243938","0.176565750943071","0.382233791937278","0.0420034665579461"
"B3_LW_1_1","B3","LW","0.0640196677266033","0.0764958330522477","0.101797680726998","0.154517705013188","0.175502502305214","0.210306513018639","0.240936965352874","0.170900187953572","0.375332344318653","0.0523628446650273"
"B3_LW_1_2","B3","LW","0.0641548726507705","0.0766484079291415","0.101999233372177","0.154917640814855","0.176014949384614","0.21085588342845","0.2414944524515","0.170653203599108","0.375408807795558","0.0519999595050492"
"B3_LW_1_3","B3","LW","0.0640668219117056","0.076566569582413","0.101997170887051","0.155154606295364","0.176333589023979","0.211241250729415","0.241938194818482","0.170534742463239","0.376493167975883","0.0521685268436097"
"B3_LW_2_1","B3","LW","0.06611011813826","0.0816194267079364","0.119106582024004","0.210297619871638","0.245543918904174","0.278958337770063","0.308913339105998","0.128147856332863","0.42564169436993","0.0331060370178047"
"B3_LW_2_2","B3","LW","0.0661875119429938","0.0817247951391775","0.119267401291584","0.210568410063976","0.245888093657669","0.279414710859095","0.30943253122014","0.128242440454552","0.425848698636533","0.0331582125850606"
"B3_LW_2_3","B3","LW","0.0663230407158306","0.0818958118612161","0.11952533911573","0.211020683090229","0.246432508592458","0.280015178130961","0.31010566654457","0.128335523257415","0.425830222214658","0.0332170636259124"
"B3_LW_3_1","B3","LW","0.0583437223366371","0.0698194286408281","0.0953355288499351","0.151954102429435","0.172978240686892","0.199630416234596","0.224701111171507","0.143791146409797","0.378173812396673","0.0388582384474166"
"B3_LW_3_2","B3","LW","0.0567358919201197","0.0675862467984738","0.0917280808438858","0.145270981292039","0.165082939455308","0.191161327174124","0.215451338826295","0.145969087472509","0.37647400119933","0.0402981775962763"
"B3_LW_3_3","B3","LW","0.0589958084778291","0.0705804143460034","0.0968475683964263","0.155684304354174","0.177433176759498","0.204044895111564","0.229100576348546","0.140642068155727","0.38037407494858","0.0377008898501057"
"B3_LW_4_1","B3","LW","0.0596415385322719","0.0726701076926906","0.095212998951302","0.134546025577744","0.150460033853039","0.19382490090017","0.230514227751233","0.22366038081471","0.377429511625067","0.0791146239703577"
"B3_LW_4_2","B3","LW","0.0602175136384485","0.0734105956099237","0.0965587541713367","0.137514397984342","0.154012080568835","0.198233582273864","0.235482941744386","0.222478012888315","0.380986647731613","0.0784201803708914"
"B3_LW_4_3","B3","LW","0.0603876521829702","0.0735484483437431","0.0966564434421081","0.137511959637105","0.15396687427728","0.198096751190654","0.235277792223289","0.222207187822906","0.38006214078155","0.0780692609658001"
"B3_LW_5_1","B3","LW","0.0681881639809787","0.0831291923122873","0.118981466061564","0.201386460407644","0.230943090545419","0.265968410012493","0.295235116936032","0.134030859142394","0.407547607588057","0.0413800638905617"
"B3_LW_5_2","B3","LW","0.0684652227353618","0.0833918318883823","0.119460779830462","0.202915181319622","0.23282120322576","0.266612460796846","0.294943246142698","0.129687919307146","0.405948313392272","0.0388155194765401"
"B3_LW_5_3","B3","LW","0.0685586368598868","0.0835133053876524","0.119684340987885","0.20339307826921","0.233413991901441","0.267164971653027","0.295431007575961","0.129211239899444","0.405979462025886","0.0384093470353737"
"B3_LW_6_1","B3","LW","0.0518162434354623","0.0614865517334519","0.0811744019344141","0.121919186014756","0.136806606217386","0.16858430285641","0.195976869100736","0.191187930958324","0.383311816709678","0.0651638838655836"
"B3_LW_6_2","B3","LW","0.0511836623382383","0.0609689109146228","0.0808891655803649","0.12267949786082","0.137737168410091","0.169731920343787","0.196690523741518","0.189397972679567","0.388121201947043","0.0652953667725394"
"B3_LW_6_3","B3","LW","0.0512208579570091","0.0610453022619133","0.0810591167285466","0.123125219292688","0.138278856570001","0.170291248218917","0.197212681103969","0.188606561742367","0.388549060199172","0.0650292773158472"
"B3_LW_7_1","B3","LW","0.0489651398418608","0.0575670377099773","0.070237460642757","0.0859041813543922","0.0927122563261616","0.125863499254449","0.153076244012635","0.257966693982467","0.324714244365179","0.0962672030916076"
"B3_LW_7_2","B3","LW","0.0477626854276851","0.0559907936137558","0.0680610501084084","0.0828830660403515","0.0893504305201885","0.121244859543438","0.147511667125807","0.258016790750276","0.322029901553739","0.0961507549593807"
"B3_LW_7_3","B3","LW","0.047226048011847","0.0557256433246636","0.0682203187295367","0.0839664750692344","0.090679667945456","0.122988707656308","0.14951515052091","0.257055136548674","0.328104083033148","0.0972491284814535"
"B3_LW_8_1","B3","LW","0.0605010449052883","0.0736025202629988","0.101388312709045","0.160992386164292","0.183110537860512","0.211338189611237","0.238078532944692","0.144261061627425","0.376342987533319","0.0418280178382052"
"B3_LW_8_2","B3","LW","0.0649696937883282","0.0794128565995997","0.109995093627186","0.175975638000954","0.200285601604446","0.22819299554679","0.255237498809907","0.134251281524966","0.372473490251845","0.036453976423695"
"B3_LW_8_3","B3","LW","0.0676342102285795","0.0827903727517908","0.114797553968934","0.183673006731531","0.209095977643488","0.237777564233896","0.265744215993946","0.132861699921599","0.371223779002084","0.0355745906981042"
"B3_LW_9_1","B3","LW","0.0659971379116642","0.0807966307540617","0.115730979558573","0.19513958942842","0.224553383938748","0.256825887894333","0.287850233147565","0.137031126101365","0.402765741651933","0.0366160027584053"
"B3_LW_9_2","B3","LW","0.0700256138260151","0.0860223301759268","0.123413194462261","0.20804080868405","0.239358697809067","0.273467449217833","0.305721823549391","0.135130522493699","0.401775485591969","0.0363337092720003"
"B3_LW_9_3","B3","LW","0.0711276425870972","0.0874560392118608","0.125465345208593","0.211408290273787","0.243243717563547","0.277896825819492","0.3104084338439","0.134487133486106","0.401752580906628","0.0365328072687544"
"B3_LW_10_1","B3","LW","0.0410580513776362","0.0492017611022571","0.0615478978132302","0.0793673343263756","0.0874019541150335","0.126564339525589","0.158507658593614","0.305101526478665","0.394885712292451","0.114686227249285"
"B3_LW_10_2","B3","LW","0.0405978253060077","0.0488075266228686","0.0610974431725579","0.0786273979813128","0.0865327614765964","0.126557328842147","0.15906754711693","0.310921190884984","0.399190940438803","0.117613943809446"
"B3_LW_10_3","B3","LW","0.0418245044310137","0.0506888625226172","0.0632282390974352","0.0804235261129041","0.0882391627499274","0.130063214342152","0.163748318728397","0.315624330449687","0.396584247402055","0.119126581208003"
"B3_LW_11_1","B3","LW","0.0709893650989771","0.0875564783458827","0.123656579109443","0.203188094829829","0.234128158461071","0.264825277255013","0.295249390422293","0.129548179714228","0.384855151823809","0.0328962665343424"
"B3_LW_11_2","B3","LW","0.071066079802597","0.0877223499809093","0.123724800706299","0.203001370656935","0.233688506710729","0.266688491611152","0.298232752245324","0.135120298764134","0.388783728700945","0.036189243002254"
"B3_LW_11_3","B3","LW","0.0716170599198192","0.0882226696331782","0.124078138277384","0.202905799596326","0.233494807868811","0.26566985754615","0.296722536869941","0.133069839518414","0.38545442032913","0.0351353562798841"
"B3_LW_12_1","B3","LW","0.0644142700613531","0.0786200662666012","0.110330950935257","0.179765120613884","0.205957444784831","0.242219207847292","0.274195249312099","0.155539402250441","0.400593155257623","0.0464512062384165"
"B3_LW_12_2","B3","LW","0.0649604985543923","0.0793062159436459","0.11166887347644","0.182847903533028","0.209574770016762","0.244599551143367","0.276239089189755","0.1504394500281","0.398711712175383","0.0435883223208965"
"B3_LW_12_3","B3","LW","0.0648824246758996","0.0793806834543588","0.112012919330482","0.184290558425008","0.211452918429842","0.24422609987456","0.274349179864016","0.142806787643914","0.395321605534553","0.0399195375673262"
"B3_LW_13_1","B3","LW","0.0448521334162894","0.0560133821897543","0.0756756709832942","0.111456823413227","0.125122275902991","0.172170541329545","0.209563902959973","0.266195466776465","0.429586500718977","0.0904579283176287"
"B3_LW_13_2","B3","LW","0.0448843913266948","0.0555866676778713","0.075405764806778","0.1121639877777","0.125711917470831","0.170703220636458","0.206980120919729","0.257537087067169","0.426911502577084","0.0885636309210906"
"B3_LW_13_3","B3","LW","0.0449991099510096","0.0557087846584046","0.0754865758546071","0.112035116053823","0.125450783958824","0.171372982303968","0.208247493759136","0.261412208296537","0.428873492651678","0.0907774651691398"
"B3_LW_14_1","B3","LW","0.063116464801932","0.0768833900695785","0.105806997070182","0.167326813009763","0.190864299436551","0.22244102899886","0.25199116742337","0.152137581616294","0.38040311766554","0.043126412807176"
"B3_LW_14_2","B3","LW","0.0629339402240361","0.0766818712617368","0.10554088033274","0.166939779858231","0.190416600725083","0.221941781221741","0.251428621113673","0.151968533647961","0.380551819974791","0.0430907373673634"
"B3_LW_14_3","B3","LW","0.0633017571500407","0.0771222198133124","0.106133829502379","0.167780037838312","0.191419969529338","0.222949195494339","0.252576612732337","0.151540022642922","0.380002060516345","0.0429040101242527"
"B3_LW_15_1","B3","LW","0.0471755118736215","0.0560053135982747","0.071543009960211","0.0959560529829246","0.105089251284159","0.135974725373803","0.160572154584778","0.22122840510987","0.345256772191703","0.078497534761545"
"B3_LW_15_2","B3","LW","0.0457668936652828","0.0541923944168066","0.0690517123665712","0.0923415382406157","0.100981998746448","0.131074258847284","0.154963414348419","0.223185225446325","0.345571826812044","0.0795731323267215"
"B3_LW_15_3","B3","LW","0.043273536939753","0.0511108572485963","0.0649840700375162","0.087148080833178","0.0952265157391232","0.123582338736051","0.146101612469133","0.222997973879965","0.346852970719733","0.0800781947707718"
"B4_LC_1_1","B4","LC","0.065258087615745","0.0815084682790685","0.114773338414148","0.182595670623292","0.209051888809719","0.247874750691807","0.285673100488142","0.169839274776162","0.393276066257564","0.0504488910981681"
"B4_LC_1_2","B4","LC","0.0656626825664637","0.0820019921320739","0.115349853550651","0.183424024649098","0.210028563439262","0.248282743913763","0.285886238131419","0.168012967972948","0.391392698901234","0.0491511898471501"
"B4_LC_1_3","B4","LC","0.065468349921134","0.0817733105038883","0.115081449350629","0.183072569601873","0.209619182361285","0.247944856934865","0.285518582126079","0.168310864229605","0.391922344302121","0.0492667124616981"
"B4_LC_2_1","B4","LC","0.0685129348267681","0.0830711053536649","0.11271803250253","0.173030279883135","0.19602745014569","0.225725816117303","0.254530251966229","0.143550303021401","0.356690793031518","0.0396699157903344"
"B4_LC_2_2","B4","LC","0.0686781692813087","0.0832283063871811","0.113004668245893","0.173631744294204","0.196709585354255","0.226259059698796","0.2548674641261","0.14252641486175","0.356448317741731","0.0394779195711476"
"B4_LC_2_3","B4","LC","0.0689898071039893","0.0836774833619779","0.114020219503926","0.176201425996968","0.199883950695961","0.228835543680594","0.257151471973298","0.139196971547047","0.357075062177253","0.0378868709587187"
"B4_LC_3_1","B4","LC","0.0637656450576354","0.0784599065973063","0.101632400056249","0.144833853620669","0.162666855700477","0.216095675506209","0.260240164754462","0.243808174554429","0.399823786466675","0.0837483744617755"
"B4_LC_3_2","B4","LC","0.0639424822294285","0.0787628310110233","0.102051634541206","0.14537319090931","0.163245743226133","0.216984387493335","0.261309938274629","0.243775174931508","0.3995949381328","0.0837049389743823"
"B4_LC_3_3","B4","LC","0.0644337880214357","0.0795345776869408","0.102980843465248","0.146401090416055","0.164325947308669","0.218803057127104","0.263443246101958","0.244477918740226","0.399255449160853","0.0839821656946026"
"B4_LC_4_1","B4","LC","0.0780390645858977","0.0973623536503026","0.128415158318813","0.183857286599808","0.208668326373425","0.24208673305772","0.27505474101472","0.151843477326863","0.327294306601798","0.0394641806127095"
"B4_LC_4_2","B4","LC","0.07735076094745","0.0959992286037811","0.125035753958417","0.175167600285952","0.198059585899849","0.230622691746122","0.262498186172702","0.154628728398008","0.317536118103022","0.040815458934234"
"B4_LC_4_3","B4","LC","0.0756760890364549","0.0936153575286409","0.120680361007307","0.165877599665938","0.186793816164666","0.221205769010935","0.253190453450856","0.165095937447052","0.31628058445732","0.0456566408233974"
"B4_LC_5_1","B4","LC","0.0716503452749447","0.0881819389903694","0.124535915976812","0.202130740898354","0.22947051288325","0.264778597412816","0.298797921189423","0.14392206530482","0.38517258037752","0.0423256696685485"
"B4_LC_5_2","B4","LC","0.071593064790393","0.0880893441148167","0.124488427086222","0.202330477353987","0.229774181037037","0.264530701599295","0.298252152459723","0.142516401366875","0.384724285423028","0.0415259491801144"
"B4_LC_5_3","B4","LC","0.0718312067541448","0.0883565298891714","0.125007487463477","0.20358887105941","0.231290535209322","0.264855428308942","0.297883884188115","0.138651173531771","0.382507038173019","0.0391879721521913"
"B4_LC_6_1","B4","LC","0.0546033233588257","0.0663280148526372","0.0897397632368718","0.138305178103687","0.156291877982504","0.198915020721152","0.233899910481223","0.211709584799408","0.413177490797533","0.0706780434444982"
"B4_LC_6_2","B4","LC","0.0538576359247863","0.0652727627934081","0.0875215517058276","0.132958546045552","0.149778468923742","0.19402758121599","0.229652304313764","0.223170472107717","0.415251646851359","0.0767081114841787"
"B4_LC_6_3","B4","LC","0.0540035204416521","0.0654817320243973","0.0877093834737364","0.132991122212857","0.149735569511567","0.194470405100807","0.230336061071856","0.224453037553115","0.415519657830241","0.0773460855476945"
"B4_LC_7_1","B4","LC","0.0397324090497052","0.048709831440676","0.0600906460268543","0.0759045587218319","0.08310034426085","0.113528034902483","0.134882808781751","0.248929719809348","0.344304539761006","0.0862841144416004"
"B4_LC_7_2","B4","LC","0.0382629610238905","0.0469383211578878","0.0578750296825252","0.0732782412079668","0.0801974368758029","0.111749563044871","0.13351717266186","0.260803843424588","0.356029088439124","0.0909202951545754"
"B4_LC_7_3","B4","LC","0.0383694756366744","0.0466638786160222","0.0570449020846958","0.0710644834413743","0.0775082037986082","0.105047312762917","0.124223030286317","0.242543697857318","0.331697908126244","0.0837459727187844"
"B4_LC_8_1","B4","LC","0.0676796446931548","0.0844691172465983","0.114651769094195","0.173539940614841","0.195889929100889","0.248771770509384","0.294491908484008","0.213906401534349","0.404315204501919","0.0741830585202344"
"B4_LC_8_2","B4","LC","0.0665465985220225","0.0830983384873277","0.113507055611707","0.173520587512599","0.196331550825747","0.248130629602098","0.292196911337189","0.209294855202501","0.406503050945372","0.0715215280440148"
"B4_LC_8_3","B4","LC","0.0666664033384947","0.0831697454976524","0.113423620249604","0.173015667502768","0.1957194511009","0.247418241358388","0.291705907073058","0.209890144394498","0.405965453547763","0.0720101773724936"
"B4_LC_9_1","B4","LC","0.0593777210863121","0.0730199838768407","0.103029405377321","0.169405008561059","0.193847550398537","0.226981572231429","0.257493454864121","0.154484708987179","0.401563927649493","0.0431830559900866"
"B4_LC_9_2","B4","LC","0.0594849714568781","0.0731609271589796","0.103272462720643","0.169853252443224","0.194297285449519","0.227381731534162","0.257967649133301","0.154314008274003","0.401201860867964","0.0428752470473691"
"B4_LC_9_3","B4","LC","0.0609681478182115","0.0750260198249621","0.106157574854066","0.17515983876243","0.200662501349237","0.233015156453247","0.263288130700975","0.148580655641258","0.398851191113973","0.0404449547348491"
"B4_LC_10_1","B4","LC","0.0687479154261788","0.0951932200264582","0.134585025919758","0.202260207566287","0.232194972577219","0.27940764824972","0.327184772384212","0.187423346511441","0.372924657746528","0.0484302600697573"
"B4_LC_10_2","B4","LC","0.0690143776472874","0.0935175371734357","0.132302305711983","0.202426918285801","0.232512282911878","0.279819618200401","0.326853943704316","0.185700641430116","0.381907097031266","0.0484875728181931"
"B4_LC_10_3","B4","LC","0.0685752484926566","0.0928284696384627","0.131479899537788","0.201767417335743","0.231817165007258","0.279828853141969","0.327255411593813","0.187688340337718","0.385024483380071","0.0492009598917014"
"B4_LC_11_1","B4","LC","0.0753873089567128","0.0919832615296907","0.126002228436533","0.198004926072233","0.226573264342104","0.258275550500119","0.288366504947985","0.133634770933956","0.365693029224031","0.0357497310756375"
"B4_LC_11_2","B4","LC","0.0746254221723059","0.0911317899957953","0.124796177445763","0.196179463162139","0.224575132094989","0.255486044380575","0.284940413026547","0.132164765598924","0.364781868175349","0.0348129077611581"
"B4_LC_11_3","B4","LC","0.0744293879618845","0.0908288861681945","0.124349964271321","0.195422147384481","0.223689919321304","0.254735643749448","0.28425705480579","0.1330293901729","0.365152613787105","0.0352201799280769"
"B4_LC_12_1","B4","LC","0.0558756587881645","0.0678131516984624","0.0908241105148808","0.137463817587637","0.155153224178395","0.192100122642705","0.22138121902346","0.188624358393477","0.38789834549841","0.0589387583408233"
"B4_LC_12_2","B4","LC","0.0541963845688631","0.0656625518369391","0.0881859202018174","0.13421854511494","0.151541482660641","0.187270434273192","0.216002752523253","0.188426573802136","0.389642710893226","0.0584679491972413"
"B4_LC_12_3","B4","LC","0.0535555695183679","0.064800602650289","0.0870923198404756","0.132754424668543","0.149845733299204","0.184942416974188","0.213353929194941","0.187767860931172","0.389523761530567","0.0580056400789012"
"B4_LC_13_1","B4","LC","0.0624246650621917","0.0795438898417983","0.113229513322568","0.176204130323791","0.199969479925576","0.276049533868815","0.333241552723571","0.262956244873455","0.460137655482874","0.0977468396806933"
"B4_LC_13_2","B4","LC","0.0624330739032802","0.0800597814948575","0.114093349244244","0.176971483287955","0.200796598627485","0.277536468786604","0.33561482735943","0.264595167600747","0.459124709796585","0.0977453799279351"
"B4_LC_13_3","B4","LC","0.0622625002993806","0.0799503189574807","0.113944794555606","0.176393332967956","0.200090238823056","0.277481588476772","0.336041542408618","0.266951205163615","0.459832688098649","0.0987159086348072"
"B4_LC_14_1","B4","LC","0.0532734805465852","0.0669365311781813","0.0906730964953358","0.132940249430988","0.150168137820526","0.203146341317661","0.243817813043297","0.249717467593041","0.424915710203726","0.0990332810941762"
"B4_LC_14_2","B4","LC","0.0523663217352068","0.0658004828456559","0.0889211447199876","0.12993388487273","0.146695220818161","0.198544061766004","0.238204658703043","0.249845043717753","0.423569277191627","0.0988765505101957"
"B4_LC_14_3","B4","LC","0.0510978649922748","0.0641887861301284","0.0865522076574115","0.126341456028891","0.142698940412467","0.192647098045462","0.230709138476112","0.247396282376626","0.421548462081621","0.0968822698801466"
"B4_LC_15_1","B4","LC","0.0671115011710325","0.08188167684044","0.111914640323842","0.175339566971999","0.199701264840069","0.243368244149417","0.27821289514692","0.176738647629846","0.398260781939971","0.0536404734094786"
"B4_LC_15_2","B4","LC","0.0661599719203068","0.0807785332261912","0.110563091079301","0.173742083519526","0.198006999543588","0.24207314482685","0.277017402845809","0.178938551243428","0.401740051707114","0.0546542059229712"
"B4_LC_15_3","B4","LC","0.0652045987686148","0.0797188901811776","0.109354664731358","0.172611771808937","0.196828629947176","0.241321798392213","0.276321518670667","0.180448588031815","0.405494283098341","0.0554679724651532"
"B4_CC_1_1","B4","CC","0.0519309071410817","0.0617959062184187","0.0801135947997664","0.113551227627808","0.126399026338982","0.158234362138273","0.194166095926698","0.229657506021576","0.358788374988594","0.0623339001004991"
"B4_CC_1_2","B4","CC","0.0525311725102025","0.0624898627001554","0.0810095144185767","0.114778866589127","0.12770136278138","0.159918623227816","0.196394814608418","0.230154667279053","0.35859247141753","0.0625551621207439"
"B4_CC_1_3","B4","CC","0.0528190385692993","0.0627972890528225","0.0814056550112936","0.115341528007818","0.128342141652253","0.16071758535591","0.197279200573711","0.229988423575386","0.358537320749743","0.0622722115966694"
"B4_CC_2_1","B4","CC","0.0525616808157109","0.061192971993903","0.0771030710859866","0.105869848134904","0.11736873096414","0.152875086975029","0.192237758798764","0.260387408295498","0.363722470648916","0.0708238408442484"
"B4_CC_2_2","B4","CC","0.0496664942611162","0.0578680706625272","0.0735263954841746","0.102821732042992","0.114319160188375","0.149030605912701","0.187998608278492","0.262938055703694","0.373948616659618","0.0713233646562494"
"B4_CC_2_3","B4","CC","0.0499201589058734","0.0581589630825188","0.0739339755434896","0.103398205310957","0.114961389738022","0.149923457991877","0.189086262796539","0.262792312541497","0.37418543448541","0.0711649365262984"
"B4_CC_3_1","B4","CC","0.0418048428715159","0.0468781800052366","0.053849681431565","0.0647416271076514","0.0698826242876748","0.0974230624441354","0.125804243711012","0.303596705606771","0.328051545017996","0.0853295650045492"
"B4_CC_3_2","B4","CC","0.0412984978199474","0.0468893342977128","0.0536820814922858","0.0637957422186081","0.0688213008352507","0.094399971108297","0.118720793436295","0.28249274399858","0.312454942321033","0.0797987230217547"
"B4_CC_3_3","B4","CC","0.0411931231112648","0.0465372779103019","0.0533541426937811","0.0636405830093294","0.0687056524701218","0.0949179625934595","0.120200199195073","0.289487058640626","0.318629767579722","0.0818178938893407"
"B4_CC_4_1","B4","CC","0.0354343321088971","0.040421721850751","0.0495213099048923","0.0656746717231511","0.0713961825392109","0.0926057190848202","0.120100217858449","0.275284995460693","0.340708148472261","0.0764509264568725"
"B4_CC_4_2","B4","CC","0.0375053881683522","0.0429827205048589","0.052998306462327","0.0705506874874494","0.0768102936794408","0.0992630859455346","0.128281830421083","0.271682101394549","0.340553572744312","0.0751979247591072"
"B4_CC_4_3","B4","CC","0.0391548313241908","0.0450867150953554","0.0559204648982563","0.0748562073968116","0.0816527183853866","0.105269166684226","0.135681552421887","0.26929818852852","0.342445114874457","0.0747341452454245"
"B4_CC_5_1","B4","CC","0.0455297304428512","0.0562455105437058","0.072849329873283","0.0985026778507161","0.1091753018916","0.146160950121439","0.189298220343353","0.288173010861777","0.375755283127178","0.0934835050058488"
"B4_CC_5_2","B4","CC","0.043781221713607","0.0541739864248357","0.0692641193055683","0.0913440826965355","0.100742293938803","0.135811451068246","0.176302757033811","0.292493051849276","0.3672287395139","0.0988472337633022"
"B4_CC_5_3","B4","CC","0.0431002318438104","0.0530247566809244","0.0673263110573925","0.0881887003483115","0.097112622467945","0.130076794286936","0.168403281895402","0.288185228001315","0.360460948006559","0.0969362219960627"
"B4_CC_6_1","B4","CC","0.0473941467348421","0.053862605524005","0.0650674746589895","0.0835643620800562","0.0903597464913582","0.111014766113248","0.139241167942646","0.232181425655147","0.290922111889644","0.0589423017167234"
"B4_CC_6_2","B4","CC","0.0496324635115602","0.056671138722628","0.0682867409652674","0.0867086652715415","0.0936145570640516","0.115185539526946","0.143976652201088","0.230656523323268","0.285826971153028","0.0593731063281315"
"B4_CC_6_3","B4","CC","0.0510045816166477","0.0585244086612081","0.0704972865772821","0.0888839491195011","0.0958852794306232","0.118228950130152","0.147482334376236","0.230394299222765","0.282498461135912","0.0598611125675173"
"B4_CC_7_1","B4","CC","0.059397048203716","0.0679790474209402","0.0819271083419752","0.104490713377483","0.113744953194886","0.138688022601219","0.16828774709484","0.211079318640024","0.286092276483038","0.0578822699131455"
"B4_CC_7_2","B4","CC","0.0549573284395111","0.061984040376034","0.0732481598403226","0.0906991344734373","0.0978493663945652","0.121249653598514","0.14911336742931","0.225330602619603","0.277947702694646","0.0630529060759612"
"B4_CC_7_3","B4","CC","0.0555508186027883","0.0625579546652004","0.0740280306364759","0.0918993710122584","0.0991425209414472","0.123320344638872","0.15252872983698","0.23032889098288","0.28115175728152","0.0638257595764509"
"B4_CC_8_1","B4","CC","0.0866588951735766","0.106502868778567","0.139690895584747","0.198929196610154","0.223475130051091","0.266617825639608","0.311310048441371","0.178483376996964","0.341357572991801","0.0582338720006806"
"B4_CC_8_2","B4","CC","0.0917011124269783","0.112066983762795","0.145071274722931","0.20140345914286","0.225159677017947","0.270345426803072","0.31699013209551","0.183291672794007","0.331575139598753","0.0619145867068581"
"B4_CC_8_3","B4","CC","0.094261127770685","0.11496235594241","0.147846578853169","0.202673572378128","0.226061555032441","0.272228565823215","0.319837199293733","0.185723795042433","0.326988251276615","0.0639025669003473"
"B4_CC_9_1","B4","CC","0.031179016223486","0.0369222065191463","0.0486289437626785","0.0709220335721202","0.0794392348489191","0.0994082144531179","0.123266010696189","0.235538262009465","0.377118854656222","0.0683435044376926"
"B4_CC_9_2","B4","CC","0.0334901097580005","0.0391696306356667","0.0518218691507454","0.0770726388395601","0.086091242499704","0.107153004170292","0.133325902831853","0.234940986827663","0.380945350414079","0.0635529222069582"
"B4_CC_9_3","B4","CC","0.033235655946756","0.0392906079443372","0.0525409393414099","0.0790466542707771","0.0886711155369335","0.110018091772876","0.136213002744607","0.230662032290718","0.386705904698418","0.0639837510370275"
"B4_CC_10_1","B4","CC","0.0495450849666011","0.0602283133619962","0.077583549707642","0.110434009030348","0.122603181648967","0.1483764356675","0.182341974788996","0.214864712347671","0.341865514642858","0.0534029142971986"
"B4_CC_10_2","B4","CC","0.0496572870084513","0.0603009757034264","0.0776362884141827","0.110223326355291","0.122412992896723","0.148403532749489","0.182643140968134","0.216457085219024","0.341706986601858","0.0541364169452428"
"B4_CC_10_3","B4","CC","0.0508430655598695","0.0617295211349664","0.0790683224732825","0.111086186287835","0.12318359923799","0.148533798055861","0.181815834151731","0.210811597554537","0.33323819299516","0.052597352257261"
"B4_CC_11_1","B4","CC","0.0501575929257355","0.0565589293297179","0.0684824070005907","0.0894957244443576","0.0974695268597289","0.125316794837968","0.160818315865036","0.265857065253314","0.328349621028237","0.0711622906547576"
"B4_CC_11_2","B4","CC","0.0475955861735258","0.054019818983007","0.0663761784050932","0.0889922707234901","0.0973431877949353","0.124921414891697","0.160655129569815","0.266302872505058","0.341524693130464","0.0710746229420358"
"B4_CC_11_3","B4","CC","0.0467052990039446","0.0531207443222882","0.0656154345825176","0.0887775533050564","0.0972715865587154","0.124693023590649","0.160433041945627","0.265905154324717","0.345766891166284","0.0704016411463404"
"B4_CC_12_1","B4","CC","0.0493803200296441","0.0547465770445039","0.0638213406930997","0.0789374134337047","0.0849120309947433","0.10459818292284","0.128219107118909","0.220072223976864","0.271194433547463","0.0581421017877939"
"B4_CC_12_2","B4","CC","0.0487594245313527","0.0540891761593091","0.0632305635391851","0.0786667161787024","0.0846963869900482","0.104341034984009","0.128284141845653","0.221927453202427","0.274633820350166","0.0582901601730701"
"B4_CC_12_3","B4","CC","0.050922266042349","0.0561465271863432","0.0651530882287078","0.079917537536345","0.0859335035853692","0.104107891850343","0.125771606360116","0.204825170800357","0.257585514507804","0.0538442849339509"
"B4_CC_13_1","B4","CC","0.0576813668078802","0.0671259145829453","0.0809524658334403","0.101384529930525","0.109661788101865","0.132311399468571","0.163263875790519","0.215230817677652","0.267647590105059","0.0537707539491435"
"B4_CC_13_2","B4","CC","0.0618953542183764","0.0739853282270068","0.0896453369274559","0.111030723692991","0.120317048242304","0.140926867251409","0.169581766942201","0.189557838850434","0.245096568466307","0.0446637899464871"
"B4_CC_13_3","B4","CC","0.0617082865374541","0.0734455164594068","0.0888958522638181","0.109956216966104","0.119147314119234","0.139662925305317","0.168002358258935","0.189259221315158","0.245230955105973","0.0457268251508138"
"B4_CC_14_1","B4","CC","0.0547292065470612","0.063076855211707","0.0759178332703095","0.0962017137819929","0.104837714880102","0.129460145740012","0.157325988907736","0.217243859521002","0.289103649610919","0.0580905137440006"
"B4_CC_14_2","B4","CC","0.0559132933001792","0.0643090645777629","0.0778457054860679","0.0997437824125983","0.108953247285115","0.13358054780329","0.161552292091006","0.211342360443942","0.290998789176306","0.056159164407622"
"B4_CC_14_3","B4","CC","0.0567407966495507","0.0653233544557884","0.0783173364636232","0.0984939750603441","0.107199295961846","0.130025595463032","0.155369962496545","0.199435054606157","0.274283787022953","0.0532645763724017"
"B4_CC_15_1","B4","CC","0.0534567062647025","0.0624848553342488","0.0784928548074506","0.108154123000436","0.119106769096599","0.144715280535717","0.175532866492467","0.208895217851906","0.324363093904166","0.0532733252537434"
"B4_CC_15_2","B4","CC","0.0493445423994481","0.0573930932854686","0.0722688964317546","0.100543240399917","0.110766801809038","0.135847109430309","0.166432523382789","0.219070116546241","0.334562684068294","0.0559637255753277"
"B4_CC_15_3","B4","CC","0.0484293601587971","0.0562033841511207","0.0707230990930294","0.0984900222662747","0.108501114539922","0.133313470568623","0.163667577188245","0.220769363128676","0.336257001831969","0.0563252071920893"
"B4_CW_1_1","B4","CW","0.0370514754983408","0.044007874588328","0.0561498920313343","0.0783418696046145","0.0871449232991639","0.107329635729027","0.131802356991546","0.223006601648806","0.344920579784011","0.0626557775857158"
"B4_CW_1_2","B4","CW","0.0379412879381624","0.0449621036085353","0.0570165588579867","0.0787483096701661","0.0874082967307385","0.107497176818892","0.131869931623973","0.221421983625066","0.338872235747632","0.0624996621222723"
"B4_CW_1_3","B4","CW","0.0376301742327256","0.0445323262350478","0.0563610704239215","0.0776150173787444","0.0860895293725664","0.10605186963455","0.130148715029405","0.222640348447757","0.338046923504057","0.0630455609840887"
"B4_CW_2_1","B4","CW","0.0415681233643223","0.0493926814591691","0.065109091168987","0.0983869779513647","0.111476832287436","0.136691868216731","0.162441478103462","0.202603331140281","0.384178193509288","0.0542282082306063"
"B4_CW_2_2","B4","CW","0.043693381068736","0.0527025695072142","0.0708676917762132","0.110112848622709","0.125499521785928","0.152379430405357","0.179921898628454","0.195067906493587","0.393781102424829","0.0512531913508153"
"B4_CW_2_3","B4","CW","0.0442692334841145","0.0537208488798537","0.0731737047400864","0.115828898564015","0.132535750429518","0.160148203824076","0.188616000326356","0.191296576514532","0.401275815763474","0.0501213066742196"
"B4_CW_3_1","B4","CW","0.0257683428319441","0.0300730721595049","0.034860466079607","0.0405962402471927","0.0435323225431017","0.0606557576270798","0.0747291923156091","0.274996640653024","0.316121435354329","0.101682456512238"
"B4_CW_3_2","B4","CW","0.0251412313993157","0.0291433920531794","0.0335920725045759","0.0391236894015539","0.0418816857813419","0.0588524253386553","0.0727012555083648","0.280169779754643","0.319029327134989","0.102039648348768"
"B4_CW_3_3","B4","CW","0.0246436186849032","0.0284602491803548","0.03269944697328","0.0381448274275249","0.0407837876359857","0.0578307021629641","0.0716127646788697","0.285362732660804","0.324101451328112","0.102583050527872"
"B4_CW_4_1","B4","CW","0.0490486559175574","0.0702849434220739","0.0930501515137025","0.11740621070062","0.134047706151688","0.171559729703764","0.210357065601355","0.24129635868426","0.325670032843236","0.0719164823503339"
"B4_CW_4_2","B4","CW","0.0486542021044322","0.0695659392905908","0.0919595645795692","0.115844799115263","0.132142243760692","0.168929082815833","0.206756374307826","0.239750279703447","0.323685613172361","0.0713720469180157"
"B4_CW_4_3","B4","CW","0.0467500427124073","0.0664159299236911","0.0874732595082769","0.109888744901594","0.125173567479141","0.1598747547448","0.195256726341476","0.237920992453979","0.321772801840599","0.0714819678115921"
"B4_CW_5_1","B4","CW","0.0459248415311035","0.0560894590226997","0.0761273448468091","0.117228527212266","0.133229093170419","0.159036645133875","0.188509302813378","0.189208179301589","0.379652101222512","0.048234780049921"
"B4_CW_5_2","B4","CW","0.038950738369148","0.0452947813515705","0.0577949383391152","0.0817924989094211","0.0909445901652156","0.108026119324758","0.128245272044401","0.186777357814538","0.329561057950702","0.0481084842881977"
"B4_CW_5_3","B4","CW","0.0413225006329063","0.0487732862810411","0.0637314926606615","0.0934898390963452","0.10474101957519","0.123992465839208","0.147027477898475","0.185055847715666","0.34710110783055","0.0465654229861801"
"B4_CW_6_1","B4","CW","0.0453768127189805","0.0679807145942827","0.0916511834583596","0.114693574821849","0.131178127049138","0.16680179833532","0.202628975647965","0.233660679013444","0.318464858704179","0.0732735181315727"
"B4_CW_6_2","B4","CW","0.0464357773363814","0.0697782162785589","0.0941816103637658","0.11789411071325","0.134842144849463","0.171650747041103","0.20838169280825","0.233577302593869","0.318748063969789","0.0730002955823629"
"B4_CW_6_3","B4","CW","0.0476075873479224","0.0715799661842596","0.0966322960500631","0.120990026821201","0.138429971494085","0.176445298837427","0.214038395384965","0.233719444928357","0.319640388949992","0.0728864240453364"
"B4_CW_7_1","B4","CW","0.0532050832360396","0.0696951444033337","0.0979234243536169","0.152190701273518","0.17559285029233","0.209959446017417","0.246256104459686","0.18525374796994","0.389651929206146","0.0487198306789875"
"B4_CW_7_2","B4","CW","0.0541865429980178","0.0703253865709589","0.0989986145179137","0.156078417100777","0.180171969988293","0.213092181016984","0.247370318276285","0.174180755625535","0.390705781892469","0.0453219365184506"
"B4_CW_7_3","B4","CW","0.0544927265781244","0.0701732621570374","0.0988574159959786","0.157287649403004","0.181657924506761","0.213662760382944","0.246751890106875","0.168660709174132","0.392006803044154","0.0434699545039335"
"B4_CW_8_1","B4","CW","0.047806388404216","0.0580444693403131","0.0789768457401781","0.121722062109957","0.137518150575287","0.165364687169548","0.196953137502382","0.194688599088436","0.382072657029005","0.0516540430734054"
"B4_CW_8_2","B4","CW","0.0472711430397236","0.0574176292167226","0.0781345695696319","0.120398846317408","0.136014074410192","0.163731718297834","0.195281315334791","0.195811689678443","0.382279923989169","0.051888043268528"
"B4_CW_8_3","B4","CW","0.0475484550078143","0.0576042936335458","0.0783233054128293","0.120646744259073","0.136246837311724","0.163608409808585","0.194539576190831","0.192944202889086","0.380420142880302","0.0507467272746411"
"B4_CW_9_1","B4","CW","0.0396521188108542","0.0486820992222104","0.058204722573474","0.0698359277515511","0.0766333422913637","0.105786796664737","0.123288062950922","0.242503670102379","0.318731187298247","0.0689337125126709"
"B4_CW_9_2","B4","CW","0.042137090640307","0.0523979744679719","0.0631953728866583","0.0759781327529959","0.0835502520421087","0.11206820919097","0.130271830820268","0.229028345948524","0.30544823045447","0.0647268730341699"
"B4_CW_9_3","B4","CW","0.0395977607092195","0.0490508799070911","0.0590458362149882","0.0713139959029307","0.0783525486767764","0.102922713627204","0.119150177221357","0.21738366270842","0.296861621879881","0.061483404675116"
"B4_CW_10_1","B4","CW","0.04904714377665","0.0623738250384816","0.0855428987592509","0.13332504341584","0.15172572927951","0.176906972706089","0.205357203153907","0.166707982857965","0.372262044380188","0.0408170654433688"
"B4_CW_10_2","B4","CW","0.0485350617431886","0.0617040906926014","0.0846580425064304","0.131773139556088","0.149863628290418","0.174837055059274","0.203780620423264","0.169419038367161","0.371732919158501","0.0409626820717386"
"B4_CW_10_3","B4","CW","0.0475462312207552","0.0600965433661848","0.0828725999131786","0.129951124483125","0.148047582800615","0.173298460902841","0.202368817001889","0.172301961638379","0.377733129197389","0.0419407297303495"
"B4_CW_11_1","B4","CW","0.0535204038482567","0.0656525526130258","0.0943084423677277","0.159625099331616","0.184019450863679","0.210762980812229","0.241725130582135","0.151758440079557","0.405509238622393","0.0356669904635678"
"B4_CW_11_2","B4","CW","0.0529436835447787","0.0647899077151434","0.0924481016863913","0.154699181597293","0.177958729859162","0.204134716841183","0.23537893009689","0.155702975853154","0.400585148845447","0.0362566479682206"
"B4_CW_11_3","B4","CW","0.0525856477046548","0.0642959909153804","0.0914729990630367","0.152409929236754","0.175197349477293","0.201213530475358","0.232379224741535","0.157291777373925","0.399010188807403","0.0366597162817337"
"B4_CW_12_1","B4","CW","0.0484092645608027","0.0623313232696904","0.0785124537396201","0.100028411812908","0.11142841138658","0.135016593830201","0.160578012662862","0.197922874711205","0.287200153729376","0.0497638992861499"
"B4_CW_12_2","B4","CW","0.0462879931959799","0.0589693754936763","0.0744961379956711","0.0963044714244364","0.107117344033196","0.131558587595137","0.157865889132307","0.209386186082734","0.301485196663837","0.0534705528318212"
"B4_CW_12_3","B4","CW","0.0453195331214768","0.0574542278383967","0.0728236350788272","0.0950709791584053","0.105672838252879","0.130772582292434","0.157759967109874","0.215291162481786","0.310220189801341","0.0553249123447035"
"B4_CW_13_1","B4","CW","0.0579730499566724","0.0749804360760247","0.103830445578135","0.160342133612691","0.182728570245137","0.212647286537748","0.249030731829278","0.173832980240379","0.367817370858267","0.0394881378760808"
"B4_CW_13_2","B4","CW","0.0594279455265266","0.0771285408310205","0.107028900859245","0.165030613852305","0.188132253872058","0.21861491598363","0.255969518783354","0.17370894990094","0.366558244642366","0.0392955769816126"
"B4_CW_13_3","B4","CW","0.060406417997563","0.0784219051991629","0.108535821205356","0.166733859237951","0.190006748239387","0.220577937364907","0.257995209335458","0.172659704364176","0.364125742926122","0.0386884479273651"
"B4_CW_14_1","B4","CW","0.0596990757956624","0.0724450241158368","0.0995538947217917","0.159044250417044","0.182082568549547","0.2135948945239","0.247631633820306","0.168761786542789","0.389514461141673","0.0418131296488062"
"B4_CW_14_2","B4","CW","0.0598823345687874","0.0723816681757085","0.0993234305680221","0.158386549607129","0.181345824761706","0.212765356576754","0.246293115568483","0.168054196640873","0.388494946118258","0.0416591102083617"
"B4_CW_14_3","B4","CW","0.0594525403130556","0.0720084902972602","0.0992364618399493","0.1593539460208","0.182727611477437","0.214139546339257","0.247560982323389","0.166864937398863","0.391793105033634","0.0411943591782613"
"B4_CW_15_1","B4","CW","0.0518073135707465","0.0625596361744289","0.0802698347720654","0.112974659756647","0.12572351776582","0.152636644727151","0.179997604578152","0.193221652422929","0.336840290242479","0.0502942567838845"
"B4_CW_15_2","B4","CW","0.0503589636912282","0.0608648904390139","0.0783511530315565","0.110587313187391","0.122977662919958","0.150802211768323","0.179998226277846","0.20447420772188","0.343658592049441","0.0530871878289631"
"B4_CW_15_3","B4","CW","0.0502191316024533","0.0606731204698323","0.078093523668442","0.110308000077929","0.122725141351788","0.150201380302718","0.17878562419084","0.201800925022204","0.34319523200994","0.0526448112702609"
"B4_LW_1_1","B4","LW","0.0801976344147307","0.100828993911674","0.146897285768938","0.249075110823874","0.287371910984615","0.323408188229461","0.356911863282288","0.121032209777155","0.396206329472007","0.0301608241075746"
"B4_LW_1_2","B4","LW","0.0809753044714919","0.101952596622675","0.148689844074085","0.252247858192162","0.291282395212863","0.327684047568329","0.361678002149988","0.120878435986537","0.396660285966628","0.0300903374703832"
"B4_LW_1_3","B4","LW","0.0810062733486012","0.102045022172086","0.148948516943658","0.253035704506378","0.292401375290678","0.329113703781423","0.363394141139296","0.121428087846767","0.397803524264076","0.0301838651550274"
"B4_LW_2_1","B4","LW","0.0610226695678043","0.0750744106159559","0.0997649408140053","0.146793813892201","0.165536559963244","0.210545411817093","0.24710987403412","0.210905784413142","0.388962320846127","0.0658887745185713"
"B4_LW_2_2","B4","LW","0.0593527203454291","0.0729720511106211","0.0962686886780905","0.139950011459591","0.157692729055222","0.203265993899337","0.240210857162741","0.220997882107008","0.390336931389533","0.0695118733399143"
"B4_LW_2_3","B4","LW","0.0598774617355046","0.0736415412887319","0.0974598152545537","0.142476591058019","0.16061915205681","0.205545000196979","0.242167477846012","0.215923100825771","0.389373813599838","0.0677388720931062"
"B4_LW_3_1","B4","LW","0.0508020455691691","0.0626230835294549","0.0778454520333168","0.0963267273393681","0.107150695457796","0.157225051249768","0.199410441168874","0.3168246706323","0.381071772166463","0.106127751365917"
"B4_LW_3_2","B4","LW","0.0522436612245929","0.0642538484209995","0.0801556737268581","0.0996590933862237","0.110660100739914","0.160640151142424","0.203133055562812","0.310484423417313","0.377467812166548","0.105184725359072"
"B4_LW_3_3","B4","LW","0.052789071474819","0.0649809611361948","0.0811583477152816","0.101199280097825","0.112484484209263","0.162322316728247","0.205148740253642","0.307831828895288","0.375803903319472","0.103229337413751"
"B4_LW_4_1","B4","LW","0.0770688446148656","0.0953661802068683","0.138239504377435","0.237267709271044","0.273413194628636","0.305346470743142","0.332394291928815","0.109239184693652","0.39744895003452","0.0279180462942615"
"B4_LW_4_2","B4","LW","0.0776864660388732","0.0961682995033388","0.139588492611111","0.239783684655175","0.276491864197012","0.308717665302632","0.33596540458839","0.108894928839572","0.39792608353537","0.0279047822647132"
"B4_LW_4_3","B4","LW","0.0791708907430518","0.0982156828403039","0.142890522304464","0.245583876456312","0.283201179969297","0.316412979205454","0.34467774437163","0.109676411565904","0.398395404186865","0.0278956064781364"
"B4_LW_5_1","B4","LW","0.0714619901085074","0.0877156383335542","0.122124126645684","0.195733041068484","0.221997700488568","0.25414013976154","0.282214542030637","0.131637666235449","0.373865841220654","0.0372389083839749"
"B4_LW_5_2","B4","LW","0.0711363376754941","0.0872760670665355","0.121496798916316","0.194789045380492","0.220957473994349","0.253026487388133","0.281050278603012","0.131953145678923","0.374268854594606","0.0372858840387921"
"B4_LW_5_3","B4","LW","0.0714124242022582","0.087634980224186","0.122643810562929","0.198372098551553","0.225342769553706","0.256732270451589","0.284276598215511","0.12784970547148","0.375877029104592","0.0353962278627925"
"B4_LW_6_1","B4","LW","0.0474710584543729","0.0569161086266698","0.0723619586135016","0.0985022739956158","0.109314565854597","0.153753709791704","0.190030337777462","0.283087201367264","0.403210815839795","0.0988891762746946"
"B4_LW_6_2","B4","LW","0.0463997328782919","0.0554526435663981","0.0702058259915836","0.0949489390628336","0.105340397446783","0.147573111968167","0.182307465152242","0.281197474273207","0.397964692986355","0.0979839650060675"
"B4_LW_6_3","B4","LW","0.0458500780637262","0.0547376633165903","0.0690922219245772","0.0930546419438452","0.103211784953355","0.144042160393391","0.177845206091539","0.279364172640282","0.394094193948523","0.0970976958959776"
"B4_LW_7_1","B4","LW","0.0758311434555475","0.0944659195296514","0.132174435550512","0.213216556962727","0.244957205717092","0.281288831004992","0.312993773085748","0.135229123849285","0.383184871643523","0.0366465384890247"
"B4_LW_7_2","B4","LW","0.0759121360234025","0.0945928491200601","0.132290291297098","0.213205383609372","0.244933336858658","0.281336062618383","0.313120533376844","0.135433441899942","0.382870384430188","0.036699751850438"
"B4_LW_7_3","B4","LW","0.0762424597166044","0.0949770347163062","0.13273633518554","0.213627476448891","0.245291517144733","0.28161164174116","0.313213236614927","0.134854649783997","0.381804901579142","0.0366593608549327"
"B4_LW_8_1","B4","LW","0.0781561137282136","0.0974042843195957","0.138765292176084","0.228477402594827","0.261072997437343","0.296634481026465","0.3282390304556","0.126378095061038","0.384485976749875","0.0342436047366413"
"B4_LW_8_2","B4","LW","0.0800038086424666","0.0999389908378969","0.143623392187307","0.239465526187817","0.274067093122435","0.308782388768049","0.339854409529796","0.119360372198343","0.386302659153642","0.0315182579231326"
"B4_LW_8_3","B4","LW","0.0806163991190229","0.100772876086905","0.14500746156953","0.242215913499229","0.277254837445317","0.311863877977676","0.342741120481708","0.117718871585982","0.386319738544226","0.0309741748946757"
"B4_LW_9_1","B4","LW","0.0544168894908826","0.0667096264795304","0.0935088928197445","0.151495450921502","0.172934036745769","0.206153247383421","0.233677743878712","0.162366346556074","0.402201087255458","0.0456642468504662"
"B4_LW_9_2","B4","LW","0.0466982800675726","0.0566347348375629","0.0777675300363971","0.123176810512503","0.139769604828292","0.168780247025131","0.192501652897254","0.171777946355851","0.396684071877144","0.0492332003254546"
"B4_LW_9_3","B4","LW","0.0462614743490169","0.0560261454679897","0.0767214066320699","0.121134206770707","0.137332321157425","0.16599726092167","0.189453393833261","0.172441103022087","0.395626490431262","0.0496605035659001"
"B4_LW_10_1","B4","LW","0.056244307747938","0.0708537055427564","0.0995925036321036","0.160580987638627","0.185343524708177","0.227014803705479","0.262052099764564","0.186090083452094","0.420306033445199","0.0571233187459833"
"B4_LW_10_2","B4","LW","0.0552512725833933","0.0695287830124445","0.0978403849116464","0.158196921571249","0.182659855991016","0.223690603251335","0.258110434386926","0.1860759389658","0.421644936898068","0.0573226321774318"
"B4_LW_10_3","B4","LW","0.0561857253409664","0.0706208749916766","0.0996762357429278","0.162244600067773","0.187445817903633","0.227788015097519","0.261808318811936","0.180101636226199","0.420647596813104","0.0547966483388067"
"B4_LW_11_1","B4","LW","0.0641703824120965","0.0794237842584368","0.110390525099632","0.173219354300862","0.196963524027218","0.243686614429208","0.281384480990813","0.189545121394097","0.407232325901257","0.061199763700426"
"B4_LW_11_2","B4","LW","0.06401112129841","0.0791774637335922","0.109778502693175","0.171504443681078","0.19488428441659","0.242064673270107","0.280115279538078","0.192357462185387","0.407072283934297","0.0624633210489725"
"B4_LW_11_3","B4","LW","0.0638971342108993","0.0790520563924683","0.10949926787888","0.170679290201434","0.193912156022017","0.242462166877469","0.281389610946688","0.196864078183423","0.409439666081008","0.0642078245496434"
"B4_LW_12_1","B4","LW","0.0517521985745471","0.0642081761003407","0.0885705013823183","0.138351688133622","0.156825213877817","0.193455247639013","0.22468751591068","0.191394964729629","0.401635013668896","0.0574927267247115"
"B4_LW_12_2","B4","LW","0.0509900526061622","0.0634355876275174","0.0870835757395963","0.134926719068725","0.152961060569089","0.191913459973541","0.224435522902541","0.202882300159133","0.4070948953503","0.0626469980944744"
"B4_LW_12_3","B4","LW","0.052098422110592","0.064975810261206","0.0889036958117982","0.136694170053235","0.155107278023735","0.197205422791817","0.231809156860354","0.211899945023019","0.411544251690463","0.0678662338640205"
"B4_LW_13_1","B4","LW","0.0374805303548195","0.0444554136920913","0.0554508908432883","0.0734774373263459","0.0810067824804422","0.105831044716847","0.128276280634083","0.241944398794329","0.350097340774983","0.0802044004866756"
"B4_LW_13_2","B4","LW","0.0380148234804747","0.04485467071964","0.0556835958341664","0.0731999974731507","0.0804378358205635","0.104376802378294","0.126301773194508","0.237601426929313","0.341227209781699","0.0785192327319006"
"B4_LW_13_3","B4","LW","0.0381765046516479","0.0450591555377937","0.0558945524867112","0.0733428786792508","0.0805443137216277","0.105070945971871","0.127497784777324","0.24117461384132","0.343134949800411","0.0801949858837866"
"B4_LW_14_1","B4","LW","0.0617840694590511","0.0760388864382296","0.103417515166872","0.160183182180562","0.183192571006889","0.230796051405445","0.267895458501893","0.200800678342272","0.412961442063896","0.0639911341188676"
"B4_LW_14_2","B4","LW","0.0597357673808585","0.0738341376018823","0.100672731041622","0.155773775390906","0.178197507666691","0.232120001290419","0.272683468962333","0.222691852382209","0.429649584151141","0.0731404825167461"
"B4_LW_14_3","B4","LW","0.0595447882515139","0.0735478659406163","0.100451104640409","0.156137979152267","0.178696767573958","0.232323443558199","0.27236370885627","0.220689892112479","0.430952779513911","0.0725878360678333"
"B4_LW_15_1","B4","LW","0.0653841770258059","0.0819582185645345","0.114794932503275","0.185791813804811","0.214385266668104","0.265273407467319","0.304576686596138","0.187074419804256","0.425585327979409","0.0569515626868119"
"B4_LW_15_2","B4","LW","0.067024939463479","0.0843368536545203","0.11835920778786","0.191516509630668","0.221146693709039","0.273598336562988","0.314412507563909","0.187626460352435","0.425551349634592","0.0569314745996925"
"B4_LW_15_3","B4","LW","0.0656076286413453","0.0822464399767863","0.115469025051348","0.187452138380062","0.21637035939962","0.26761215612341","0.307204043346609","0.186733099057359","0.426788900893153","0.05679941522185"
"B5_LC_1_1","B5","LC","0.0628072684041413","0.0915494518573465","0.126440124490916","0.166160033756487","0.196783572320644","0.260596050424077","0.321450199236978","0.263244431198121","0.375160069255124","0.0747109972370688"
"B5_LC_1_2","B5","LC","0.056439632948748","0.0810811552626366","0.111131069157276","0.148668106954899","0.176039104661814","0.236469190599659","0.302368807143207","0.289159587228432","0.395262602190303","0.0853949904822021"
"B5_LC_1_3","B5","LC","0.0562933358156593","0.081002859758395","0.111017333233627","0.148347958052848","0.175715485834303","0.236066697786444","0.301889206336882","0.289379284944463","0.394959688502854","0.0853475538396955"
"B5_LC_2_1","B5","LC","0.069561129994953","0.0852013541243011","0.120030881346274","0.198829688243126","0.230235025408129","0.261029724923299","0.290139030051912","0.129525675759992","0.392005612526462","0.0326786981765896"
"B5_LC_2_2","B5","LC","0.070521720429288","0.0863874838328419","0.12168146165625","0.201284282776134","0.232695498678997","0.263271657027666","0.292092148788613","0.127350801852554","0.389521791758193","0.0318897457235181"
"B5_LC_2_3","B5","LC","0.0700706179060343","0.0858097394889309","0.120918579829329","0.200322101728303","0.231788008765234","0.262427374253059","0.291300983284152","0.128040802995451","0.39109907011364","0.032239359442856"
"B5_LC_3_1","B5","LC","0.0578581251676447","0.0709837500218973","0.101020858130631","0.169637032203848","0.195737378782548","0.224041137876188","0.250181384601344","0.13611947115851","0.403318672195184","0.0374003225958119"
"B5_LC_3_2","B5","LC","0.0615670402505772","0.0757559494993693","0.108124880648565","0.181010348548474","0.208810074337247","0.237868024245053","0.264638543601079","0.131749536648446","0.398486654801616","0.0349827226094449"
"B5_LC_3_3","B5","LC","0.0620430560935804","0.0764005570479344","0.109074430308078","0.1824360915528","0.210437013853451","0.239665892485458","0.266663146781318","0.131687392803602","0.397660013164039","0.0347859039743265"
"B5_LC_4_1","B5","LC","0.0495566197612725","0.0609595123953936","0.0787462935324801","0.106884069453684","0.120120650545863","0.158962809939853","0.192830959068025","0.24788814680828","0.376379625359612","0.0878434019914702"
"B5_LC_4_2","B5","LC","0.0525422589904964","0.0652002353904107","0.0845107046331574","0.11463793286072","0.129691122796567","0.171617504251765","0.207856885841881","0.247367552019816","0.377072959335126","0.084102758403566"
"B5_LC_4_3","B5","LC","0.0524855609071472","0.0651671556070545","0.084488547928615","0.114589731853874","0.129658835891474","0.17156066260425","0.20785500924423","0.24752731493908","0.377234272094049","0.0843472434161212"
"B5_LC_5_1","B5","LC","0.0685168025377361","0.0847146699504826","0.120749842888878","0.201420377776202","0.232905048504631","0.266327752357992","0.296802772582994","0.13471837235258","0.399428229431887","0.0368773679303838"
"B5_LC_5_2","B5","LC","0.0684108188839076","0.0845174713908278","0.12048588076382","0.201238960449487","0.232699584141875","0.265759851507775","0.295843583102198","0.133234715244038","0.399333791761855","0.0363976804378294"
"B5_LC_5_3","B5","LC","0.0684833107838301","0.084500769010452","0.120536390935512","0.202125160051451","0.233816579762445","0.266078923447075","0.29527098215604","0.129735087112424","0.399320400572959","0.0350821661013035"
"B5_LC_6_1","B5","LC","0.0575056420994573","0.0703351976189963","0.100478627683051","0.169480100914794","0.195388004372405","0.2231133775312","0.249472939298606","0.135719335897069","0.403314501567626","0.036375142421971"
"B5_LC_6_2","B5","LC","0.0593828376144642","0.0727178062751213","0.104098740468139","0.175894167769915","0.202772718287795","0.231094074795219","0.257746797899293","0.133353571514049","0.40293634493603","0.0353575270343568"
"B5_LC_6_3","B5","LC","0.0608084253846415","0.0746048576674833","0.107018281406979","0.18130737807105","0.209000317337481","0.237670065735529","0.264509886895241","0.131020070630137","0.402576640921725","0.0343982659133479"
"B5_LC_7_1","B5","LC","0.0484367804621361","0.060542193708181","0.0868194465094358","0.139747013412926","0.160598133072844","0.209637200642222","0.250470070711504","0.232647437099726","0.449956038701827","0.0772140166505123"
"B5_LC_7_2","B5","LC","0.048190859331394","0.0603554855782382","0.0865414506022699","0.138519798806574","0.158840608161291","0.210192589551154","0.252498194203951","0.241565952624431","0.45426496653726","0.0831321085436684"
"B5_LC_7_3","B5","LC","0.0487380999990948","0.0611392268884587","0.087729305457041","0.14038069019074","0.160931513020855","0.21303473486385","0.255869377413248","0.241339718077539","0.454063752693358","0.0831479613601594"
"B5_LC_8_1","B5","LC","0.0697483864560653","0.0857228447255172","0.118734698702902","0.187754781104588","0.215916167387675","0.259332951346507","0.296739409808389","0.171601136432447","0.401303633152393","0.0559594050085624"
"B5_LC_8_2","B5","LC","0.0700838622345364","0.0861535558630152","0.119513102078997","0.189554122670522","0.21814422892891","0.261303036533244","0.29861262359935","0.169681157503819","0.401433053789562","0.0548189179444668"
"B5_LC_8_3","B5","LC","0.0708522949316","0.0871214189565546","0.121209976221188","0.19320962136758","0.222527883468837","0.265141754317909","0.302191323816961","0.165757205883173","0.401039544159822","0.0529506299942238"
"B5_LC_9_1","B5","LC","0.0664346907248693","0.0815404902390825","0.116812447526868","0.197448412447612","0.227402872893963","0.255716882120768","0.282439333001238","0.12123509501924","0.394663287778694","0.0303797143018669"
"B5_LC_9_2","B5","LC","0.0670755647976863","0.0823789638793393","0.118107073853351","0.199881157157695","0.230238393564736","0.258747071345671","0.285528975720469","0.1204171152949","0.394708199895464","0.0300484870455822"
"B5_LC_9_3","B5","LC","0.0700436723561142","0.0859969844684358","0.12367706138918","0.210361657799725","0.242521575259757","0.271871691949799","0.298895267612638","0.116955232513452","0.395917147299699","0.0290584258470382"
"B5_LC_10_1","B5","LC","0.0408993487965963","0.0516008513041121","0.0740686765192969","0.116954986106899","0.131425731212519","0.191363698082894","0.240231569892469","0.306568065271951","0.489997662777334","0.115575730723113"
"B5_LC_10_2","B5","LC","0.0401356145873428","0.0504383335782827","0.0719600635131992","0.112372448260388","0.125848425933879","0.185647716527463","0.233740529309106","0.313303684598347","0.490204651171683","0.119061878985281"
"B5_LC_10_3","B5","LC","0.0410472803046505","0.0518325285035847","0.0742405529060574","0.116786557109429","0.131546054970818","0.189973694022449","0.238183389701767","0.302865068201495","0.484841535314304","0.112242979082151"
"B5_LC_11_1","B5","LC","0.0614085251816789","0.0760888247253376","0.103280531032529","0.15324517668047","0.173685981333193","0.233129427932053","0.278148628284515","0.244053043197029","0.42474711379027","0.0894595821391151"
"B5_LC_11_2","B5","LC","0.0596489055256814","0.0739044334170386","0.100118109920029","0.147753371725314","0.167236812280809","0.227776223282354","0.273176501038324","0.253510163807308","0.429586843566529","0.0938867734350811"
"B5_LC_11_3","B5","LC","0.059340867084055","0.0736003054459676","0.0996979675342667","0.146861509581723","0.166125714611524","0.227326870825072","0.273008087756372","0.256143233835347","0.430810104786024","0.0954814496199111"
"B5_LC_12_1","B5","LC","0.067755076397472","0.0852524073471988","0.11804540797307","0.189627719978221","0.218137699286067","0.246602139185757","0.267523972761207","0.114158433758762","0.372639863140312","0.0301692668772083"
"B5_LC_12_2","B5","LC","0.0676323596971887","0.0844893333117178","0.117851366442449","0.191401162387943","0.220426095238775","0.248781472476017","0.270152826804696","0.113875559035419","0.377201841626034","0.0296882223389715"
"B5_LC_12_3","B5","LC","0.0684485883870785","0.0852438419384724","0.119337235562079","0.194800263131876","0.224400067756483","0.252965498797719","0.27482770228456","0.113411907810089","0.378937937346612","0.0293050604400473"
"B5_LC_13_1","B5","LC","0.0385509653921439","0.047331987634141","0.0665714808345172","0.103655033693158","0.116455025563454","0.161211761116277","0.198511044440446","0.275154937453324","0.458364720109863","0.0980388793290789"
"B5_LC_13_2","B5","LC","0.0396521500275036","0.0487143832599396","0.0685453174892701","0.107050025294604","0.120350313863788","0.164180305912844","0.201464511802118","0.266951253377317","0.452794316434679","0.0933385582066245"
"B5_LC_13_3","B5","LC","0.0397192878225022","0.048790302703149","0.068604295062725","0.107171802947855","0.120520787428594","0.163891449152955","0.200945600968607","0.265320178873528","0.451403494094465","0.0923164337372938"
"B5_LC_14_1","B5","LC","0.0719264254168226","0.0878230844125076","0.121916999967337","0.197522548345187","0.228175917602667","0.267355799832791","0.300835408153084","0.150973659557563","0.398822082839662","0.0433183068624409"
"B5_LC_14_2","B5","LC","0.0713148490366406","0.0869703986374901","0.12078918215715","0.196820143049154","0.227584363611343","0.267714130501355","0.301109558856552","0.152403576511654","0.403880716449264","0.0442030754203774"
"B5_LC_14_3","B5","LC","0.0713723524418675","0.087047400881689","0.120879388785829","0.196692420311329","0.22736721857751","0.267182685770112","0.300591763373463","0.152264745078471","0.402629255239317","0.0439180595486073"
"B5_LC_15_1","B5","LC","0.0450913992191978","0.0539821455416464","0.0734552343712717","0.115036302044273","0.130631687912121","0.166451618590991","0.192989550908045","0.204416242570991","0.425403476126836","0.0764992911964064"
"B5_LC_15_2","B5","LC","0.0452324192767902","0.0541084652646325","0.0734973631439403","0.114704182610426","0.130192074928028","0.166015006618403","0.192544384172698","0.204607798214111","0.423804377420413","0.0766805558043571"
"B5_LC_15_3","B5","LC","0.0452614383300137","0.0541340458452788","0.0735380917919978","0.114850043395013","0.130365175494914","0.166131841246226","0.192527843054503","0.203904475069712","0.423633920410222","0.0758027648576188"
"B5_LW_1_1","B5","LW","0.0736477844715069","0.0934590073672749","0.125722399787073","0.184330334336568","0.212180963039873","0.284870012026158","0.345429912827795","0.255528475098683","0.423292992918081","0.0791429879757724"
"B5_LW_1_2","B5","LW","0.0757473072229318","0.0972506136526622","0.131749440165541","0.193016845698905","0.222377385745557","0.294382857901018","0.355486793783849","0.247576812256683","0.415493126596644","0.0748209658500097"
"B5_LW_1_3","B5","LW","0.0762745870661247","0.0980458990911368","0.132889660875317","0.194527417680055","0.224145483658458","0.295914020966876","0.357131548082544","0.2459766641739","0.413914389600834","0.0742092954154468"
"B5_LW_2_1","B5","LW","0.089635053065148","0.112984070421541","0.161653039171161","0.269163732493629","0.312797646707622","0.360032050627848","0.403803328969853","0.14148528775241","0.403495007359073","0.0372341707453564"
"B5_LW_2_2","B5","LW","0.0905453477793786","0.114017288089299","0.163659006017932","0.275540550405939","0.320840389200321","0.366810704139901","0.409413861939764","0.135820647439973","0.405944772145398","0.0352048733901902"
"B5_LW_2_3","B5","LW","0.0904326811046491","0.113914148583923","0.163432443008913","0.274577780237059","0.319632624324786","0.365867122434511","0.408752446374496","0.136865084433292","0.40535286758592","0.0353501774274345"
"B5_LW_3_1","B5","LW","0.0838845447025179","0.105019949774776","0.153994143550422","0.264748673713557","0.304136153045644","0.34281897471953","0.378041937138677","0.121070562891095","0.40247805774871","0.0315228050376752"
"B5_LW_3_2","B5","LW","0.0847019919355912","0.106384881673352","0.156137031475701","0.268411541129336","0.308348417015006","0.347957743956556","0.384176965524287","0.122286776257489","0.403119867757189","0.0320017360154511"
"B5_LW_3_3","B5","LW","0.0843318161818542","0.1057863022568","0.155177289563705","0.266730359294037","0.306383622254272","0.345660782565186","0.381572438794272","0.122038738362418","0.402932571444294","0.0318504195066662"
"B5_LW_4_1","B5","LW","0.0609146842837703","0.0755938749191225","0.101692470279993","0.148115784429214","0.165727755972823","0.235996213008392","0.294248688490384","0.292058141369475","0.44920833048699","0.122552380146303"
"B5_LW_4_2","B5","LW","0.0603473265208677","0.075083402305573","0.101471679543835","0.14836943025552","0.166245006442277","0.235828274850506","0.293985753208623","0.290266713174373","0.449431863922263","0.121727091013714"
"B5_LW_4_3","B5","LW","0.0600249372666383","0.0747689690531948","0.101175832145398","0.147907300362027","0.165763597949155","0.235824993080708","0.294441426386947","0.292463527203894","0.45090309377331","0.123021423213645"
"B5_LW_5_1","B5","LW","0.083571437746473","0.103912935963151","0.14661866986139","0.241715443415844","0.279266841259319","0.321932333491418","0.359140649110378","0.138617790829045","0.398647460654769","0.0393997100865321"
"B5_LW_5_2","B5","LW","0.0835355502594035","0.103915789121862","0.146822481365962","0.242617770981315","0.280578425526467","0.322442386353352","0.359262721568677","0.136196759437874","0.398684362857845","0.0385600078098747"
"B5_LW_5_3","B5","LW","0.0835125758464145","0.103954343350066","0.14662864719223","0.241515682277828","0.279124627318847","0.32176416882731","0.35918731888472","0.138936230104751","0.398687505905763","0.0396031292543524"
"B5_LW_6_1","B5","LW","0.0849002562823382","0.106512497456135","0.154886098136733","0.263996111463775","0.304648971770148","0.34296163909754","0.378523784473473","0.121333047128969","0.39969167360615","0.0308688031786967"
"B5_LW_6_2","B5","LW","0.0880245338065211","0.110822803967053","0.161177225659456","0.273132159034072","0.314928968924536","0.355225284667964","0.392998272060084","0.123652694399789","0.397671290762106","0.0316230278017613"
"B5_LW_6_3","B5","LW","0.0866564251598607","0.109095848602227","0.158541515504288","0.267990506524249","0.308608526600224","0.348660431231633","0.386538018833731","0.125581180063729","0.397323455190904","0.0326950126596985"
"B5_LW_7_1","B5","LW","0.0766333033286607","0.0944338535658913","0.12829305331228","0.196076923464817","0.222542700790353","0.273213869448362","0.319187302648534","0.192281266363255","0.393137369945905","0.0628683788688661"
"B5_LW_7_2","B5","LW","0.0771369180665355","0.09519653391553","0.129790072242431","0.199199692579428","0.226222887351408","0.277234909625887","0.32369594246161","0.191121639730362","0.394409826997187","0.0621617325116444"
"B5_LW_7_3","B5","LW","0.0772138725548693","0.0953491575209446","0.130265266438181","0.200540098660579","0.227881067052158","0.27840095841188","0.324819441445929","0.189473771728153","0.394297701319989","0.0613598633106598"
"B5_LW_8_1","B5","LW","0.0843331144738973","0.103984407130738","0.146674355869834","0.244539788099656","0.282596304528929","0.32559453347765","0.361250764131101","0.13479459971942","0.403477445966771","0.0381928313372401"
"B5_LW_8_2","B5","LW","0.0876134237806316","0.107991945467739","0.152321432840284","0.253475935218325","0.29261846288045","0.333093590024658","0.367940336566674","0.126684663141196","0.395471769712412","0.0343685090953506"
"B5_LW_8_3","B5","LW","0.0889172599885325","0.109513978945771","0.154384974890938","0.256412422744949","0.295711034311897","0.334366434866462","0.368278801447962","0.122172265284704","0.390341186116606","0.0321799783245985"
"B5_LW_9_1","B5","LW","0.0788790872788497","0.0978467332264489","0.141408438657589","0.242144586027006","0.279510965580376","0.317237095399718","0.350119925594902","0.12493596081925","0.406765181692603","0.0335373215145168"
"B5_LW_9_2","B5","LW","0.0791692211057221","0.098241809031173","0.142222526445456","0.243810342297946","0.281438793633877","0.31870537769599","0.351482422716683","0.123540254615451","0.405935644343547","0.0326647320803401"
"B5_LW_9_3","B5","LW","0.0780778922581922","0.0968646049102549","0.140308972437253","0.24087382056954","0.278014969463818","0.314810683881244","0.347404803658794","0.123736548405065","0.406577376847085","0.032667186154069"
"B5_LW_10_1","B5","LW","0.0594859744607489","0.0745170444986086","0.10797861967148","0.179714022745681","0.206047013343032","0.245956465924957","0.280823732769015","0.167461245401523","0.418844922237595","0.0519468279709592"
"B5_LW_10_2","B5","LW","0.0593962061755935","0.0743158443514171","0.107424880809172","0.178371970311497","0.20450614677283","0.243356215304489","0.277582801407828","0.165744113412244","0.416211004481558","0.0503560126492807"
"B5_LW_10_3","B5","LW","0.0604696666308708","0.0757500306976461","0.109606465561554","0.182175309263559","0.208911467500668","0.248398679144398","0.283319039475996","0.165167102529052","0.416366913548301","0.0506197648863477"
"B5_LW_11_1","B5","LW","0.0798444882514825","0.0983997570841437","0.132869413435204","0.201848940821303","0.229852230002335","0.273800440611069","0.30899479213039","0.159409700753726","0.37189632796896","0.0473431004304961"
"B5_LW_11_2","B5","LW","0.0762231411890015","0.0936988654364928","0.124968468241657","0.185496472272281","0.210492004372335","0.253930790629133","0.288138376079765","0.168442173430799","0.366845001377592","0.0512798156958911"
"B5_LW_11_3","B5","LW","0.0763605517086541","0.0940692728239981","0.125919373374548","0.188141636469051","0.213955098896111","0.256103715674761","0.289653251636471","0.162796290015763","0.366275894002317","0.0488132360584829"
"B5_LW_12_1","B5","LW","0.0683679014791246","0.0826485856080077","0.107118571430351","0.158671977778748","0.179761193353911","0.205529248123794","0.222882511425515","0.118738883216474","0.334934586923011","0.0313408606260428"
"B5_LW_12_2","B5","LW","0.0645604064761265","0.077710433096906","0.0998777681743102","0.146495316857223","0.165697060323191","0.189458569111053","0.20493188877347","0.117474296444969","0.32968126659958","0.0315404265143345"
"B5_LW_12_3","B5","LW","0.0652714071808435","0.0786461110938079","0.101111662276321","0.148241796307512","0.167718035344768","0.191993740524996","0.207857233014868","0.118565482881943","0.33011346716288","0.0316143898971075"
"B5_LW_13_1","B5","LW","0.0503609706399968","0.0669100862361672","0.0977338617097001","0.127978835867816","0.138893273125152","0.263579396437892","0.354972494855777","0.450005216804152","0.512625876365829","0.171279374337101"
"B5_LW_13_2","B5","LW","0.0507732480788506","0.0671501195906822","0.0969284508285311","0.126721323627453","0.138099411148993","0.254111697192609","0.339389832151394","0.434235919889672","0.500344776927347","0.164205546014321"
"B5_LW_13_3","B5","LW","0.051277080726897","0.0677948579534998","0.0975125734958021","0.127824277387661","0.139544355558529","0.254957074276125","0.339677454378805","0.430577115076846","0.49874475997723","0.161778157753656"
"B5_LW_14_1","B5","LW","0.11027316007778","0.151529547194214","0.203523076279243","0.276930459518363","0.31574571471569","0.364558981513008","0.406814792201978","0.139842008522974","0.298614766716181","0.0349468354915292"
"B5_LW_14_2","B5","LW","0.111943484020541","0.153822846019692","0.20628020311306","0.279360566458255","0.318387878412984","0.367417034047922","0.410082886417331","0.139916176763565","0.295700038500365","0.0346543703612803"
"B5_LW_14_3","B5","LW","0.112503452381865","0.155720860493376","0.209982130436858","0.285733632674005","0.326199330081065","0.377959459571688","0.422375995400688","0.142331137831737","0.300989709839433","0.0356878772667126"
"B5_LW_15_1","B5","LW","0.0739634498840887","0.0912345155942905","0.131507597165322","0.227516426955044","0.264171194101898","0.298572525900603","0.327929008815122","0.120326276961539","0.411152013351727","0.030703087353892"
"B5_LW_15_2","B5","LW","0.0734301917628904","0.09056990326024","0.130761068635005","0.226975026999338","0.26380251911187","0.298457014084625","0.328026305079607","0.121179125190791","0.413470615208427","0.0309483044928966"
"B5_LW_15_3","B5","LW","0.0734767309406374","0.0906669604714653","0.130907973133929","0.227165029461575","0.264190570354067","0.298821602914972","0.328541862073788","0.121318969392661","0.413750406364783","0.0310784733436778"
"B5_CW_1_1","B5","CW","0.0798425118665025","0.111356577623043","0.141670308908481","0.170863168969331","0.188990600248605","0.225815539201174","0.256675164928622","0.164825316145863","0.246161162703339","0.0437497767098072"
"B5_CW_1_2","B5","CW","0.0790817488298126","0.109891035896867","0.139541314244689","0.168305463475872","0.186107718550415","0.222974601549253","0.253812122182752","0.166817831327465","0.247589032249859","0.0443925293571794"
"B5_CW_1_3","B5","CW","0.0791753951353911","0.109330196880713","0.138571307468635","0.167343959662163","0.184978951041396","0.222780160992059","0.254004975723107","0.170049338516992","0.2510541352041","0.045367637116759"
"B5_CW_2_1","B5","CW","0.0725740895204379","0.0893979387824722","0.113028369642849","0.150748357678177","0.167064658932448","0.212591745921754","0.248694072730349","0.208738464373117","0.33331500292295","0.05838482513926"
"B5_CW_2_2","B5","CW","0.0696394796302445","0.0857567544139627","0.109821674733774","0.150867478220367","0.167980242941391","0.217356358562859","0.256087002846142","0.220115224409843","0.358091014903653","0.062318128992642"
"B5_CW_2_3","B5","CW","0.0681100328828526","0.08367868931476","0.106713239208087","0.145551076969285","0.162000566378389","0.211398767929603","0.249607137341016","0.225111106671353","0.359383240432635","0.0647934643884711"
"B5_CW_3_1","B5","CW","0.0408945284848485","0.0479178673717483","0.054429335561125","0.0607144977570062","0.06327362177134","0.0911423327520881","0.108757493064306","0.272721144842761","0.29614606282407","0.102546273017452"
"B5_CW_3_2","B5","CW","0.0405729870934151","0.0477665994791186","0.0544749373628343","0.0608975137391969","0.0634286477841739","0.0937883227041958","0.112564124221453","0.287028053372017","0.311136218037629","0.108142923328242"
"B5_CW_3_3","B5","CW","0.0402974747852048","0.0475965946131421","0.0544077897602614","0.0609090312049791","0.0634044866185442","0.095492955844372","0.115000788282719","0.296153528412337","0.321595876409656","0.112191074601072"
"B5_CW_4_1","B5","CW","0.0462579261684632","0.0538298924314421","0.067216685927924","0.0925144992629539","0.102347750246592","0.132136700649155","0.162937946259294","0.244965944895234","0.359171175604826","0.0667902566981501"
"B5_CW_4_2","B5","CW","0.0456567113282779","0.0530709952648321","0.0663396204885853","0.0913809353752867","0.100990541941129","0.130423276346718","0.161306643247822","0.247001831635373","0.359378761726201","0.0671749495361877"
"B5_CW_4_3","B5","CW","0.0456737012472881","0.0531756345250968","0.066439151512833","0.0914706594549369","0.101082283438789","0.13053310277462","0.161349878125118","0.246577744537666","0.359564694350195","0.0670401874337997"
"B5_CW_5_1","B5","CW","0.049346614072408","0.0571092792618847","0.06644974774915","0.0816456117085209","0.0899539632630928","0.135634517999916","0.163263512064931","0.297224930691967","0.380653684513592","0.0893130894838867"
"B5_CW_5_2","B5","CW","0.0489564738138625","0.0567071612123457","0.0661137436126733","0.081404023416122","0.0898652047878797","0.135369398662948","0.163142450186369","0.297309039000918","0.381619360243899","0.0885826862578196"
"B5_CW_5_3","B5","CW","0.0489767156327299","0.0568438670069891","0.0664741339651958","0.0822308518342867","0.0908690613413818","0.136867752202715","0.165286859224495","0.298371870738284","0.384103714423608","0.0885547406931018"
"B5_CW_6_1","B5","CW","0.0925816397817802","0.110644792718424","0.130994423483054","0.155637794738674","0.168175450794503","0.19994976513507","0.226769162973982","0.158866114749118","0.22818680372789","0.043944653102423"
"B5_CW_6_2","B5","CW","0.0911621699304859","0.108603637342326","0.128447291735243","0.153636928558183","0.166371738110291","0.199309033516731","0.227568349580704","0.166596554946777","0.237551604956109","0.0458232171784091"
"B5_CW_6_3","B5","CW","0.089065327696779","0.105955487765533","0.125239215941541","0.150752053435848","0.163475807743106","0.197659829402313","0.227234903301182","0.174635531486953","0.247067497563429","0.0486551432094412"
"B5_CW_7_1","B5","CW","0.0695532108896513","0.0904329200758903","0.123460881444693","0.183854758546527","0.209223615907377","0.24720229861274","0.283095881732727","0.164390788862469","0.356275751617216","0.0423043545918215"
"B5_CW_7_2","B5","CW","0.0604102883070614","0.0782993738200943","0.103635441992654","0.147573253184496","0.166489727029475","0.198502409020083","0.227560617358579","0.169117096580476","0.337142848013825","0.0451795544261419"
"B5_CW_7_3","B5","CW","0.0607850390603183","0.0786455693042852","0.104137847268349","0.148442578730472","0.167463921511882","0.200303992057896","0.23048236922413","0.172565232115492","0.339371370069218","0.0458407080956471"
"B5_CW_8_1","B5","CW","0.0482809714160089","0.0574674538449691","0.0695909683784325","0.0894006669846956","0.0979717474044745","0.14036167433809","0.169229938130592","0.276429678578442","0.374298681654533","0.0846685780799066"
"B5_CW_8_2","B5","CW","0.0522665623435368","0.0624007364971359","0.07526744305608","0.0954555207204561","0.104499045318375","0.147416631726813","0.176564285321964","0.266251255161839","0.358968674929418","0.0798239768138928"
"B5_CW_8_3","B5","CW","0.0516220338976362","0.0617233927843283","0.0744841363281414","0.0944869417392772","0.103363279858705","0.145620891939503","0.174426787910109","0.265540280320122","0.358468896694841","0.0798333846307724"
"B5_CW_9_1","B5","CW","0.0781736631584341","0.0975000080121544","0.127087438208196","0.179429601404021","0.201258833537553","0.24231979825527","0.275876099785874","0.168812480730811","0.334973408033891","0.0457741975722604"
"B5_CW_9_2","B5","CW","0.075120621496252","0.0930707957700905","0.119251300791341","0.16319701139357","0.181941117507057","0.221247015030171","0.252220276366334","0.174046400204805","0.322998883178964","0.047736825577132"
"B5_CW_9_3","B5","CW","0.074494302961901","0.0919022930418083","0.117018785908341","0.158321873981195","0.176070690870871","0.215539227483528","0.246281022890327","0.178004371898483","0.320204131272067","0.0493303151267716"
"B5_CW_10_1","B5","CW","0.0649089695098861","0.0842139650410511","0.123228524887901","0.208799536525918","0.242648530486019","0.283269467616542","0.318929277769158","0.150610508092388","0.418028386255933","0.0384445650636734"
"B5_CW_10_2","B5","CW","0.0636740823357883","0.0823165193779794","0.120934137350022","0.20649591258638","0.240250105433476","0.279913591342116","0.314602635097937","0.148558182425649","0.420861358139468","0.0381021499521713"
"B5_CW_10_3","B5","CW","0.0646281093301362","0.0835379303397953","0.122766886763753","0.209772699358432","0.244078355391754","0.284166239098723","0.319240747255182","0.147868504728324","0.420900280416032","0.0378612764373404"
"B5_CW_11_1","B5","CW","0.0518165180124525","0.0639240952608265","0.0798816829739951","0.106842760669819","0.118079305610999","0.151090261870512","0.175609849572258","0.208434477305353","0.336770236756232","0.0598579673198576"
"B5_CW_11_2","B5","CW","0.0504998675347739","0.0618156141971178","0.0771211402851714","0.103427925153929","0.114265747295646","0.148402988572618","0.173542262026737","0.218202966710091","0.346329386680098","0.0642987025112598"
"B5_CW_11_3","B5","CW","0.0511633951165432","0.0630406595366957","0.0786245992448776","0.10510037360185","0.116095786127835","0.149114409534981","0.173555659964509","0.211056024811306","0.33882366623277","0.0612791307113541"
"B5_CW_12_1","B5","CW","0.0654111781254744","0.0845824258455542","0.119216146122426","0.187564085153073","0.215450680793117","0.259999093203301","0.29831253269311","0.175283112867274","0.395713699927137","0.0452741808178493"
"B5_CW_12_2","B5","CW","0.0620661322371227","0.0801445626235257","0.113956268306547","0.18228650257528","0.209733463048759","0.251931930177329","0.288955133282406","0.173120914920575","0.401943257668074","0.0446008809337859"
"B5_CW_12_3","B5","CW","0.0597093147194307","0.076870972983283","0.109762791138195","0.177059391987034","0.203764699328116","0.243248925152876","0.27868533088871","0.169784083387241","0.402758523098272","0.0434078732527234"
"B5_CW_13_1","B5","CW","0.082849071826473","0.108567911998476","0.147650751043328","0.210125917647053","0.236803683768498","0.281811349672607","0.327964938431202","0.178572091164345","0.334996706254926","0.043781656387438"
"B5_CW_13_2","B5","CW","0.0814680428306968","0.105709427746148","0.143051239802817","0.203142108591428","0.228731386171342","0.272883815886176","0.317322999288143","0.178985774043404","0.334773376617183","0.0445471490077856"
"B5_CW_13_3","B5","CW","0.0800593111608204","0.103659367535423","0.140408111595848","0.200264738340753","0.22569324160428","0.269955364312848","0.31434045333325","0.180877181853098","0.339006396630753","0.04537713109975"
"B5_CW_14_1","B5","CW","0.0707265103659704","0.0963248182932495","0.12427253876185","0.156001188468995","0.173448167552344","0.21136997456188","0.240075800356059","0.172673573268102","0.278708907645243","0.0479556795811416"
"B5_CW_14_2","B5","CW","0.0866245369607084","0.117444080679806","0.151009967468634","0.188750178798134","0.209394305218641","0.249966757140548","0.281223443527546","0.158201308512474","0.263782869990283","0.0425249512548678"
"B5_CW_14_3","B5","CW","0.0788631970801364","0.104286860846051","0.132428916007709","0.166271184642614","0.184190223046676","0.2210406599846","0.248805799068484","0.161012500832839","0.268924598327399","0.0438689067526864"
"B5_CW_15_1","B5","CW","0.0679852744184791","0.0871887979489572","0.121619433366898","0.190604023005287","0.21696262152044","0.254206216659782","0.28697899122827","0.1522476345799","0.375889917883907","0.0396151518229313"
"B5_CW_15_2","B5","CW","0.0629095135300385","0.0810225123088488","0.114930812527173","0.185350990629501","0.211918600818474","0.246561902378972","0.277373188881864","0.147178697490507","0.387458616165905","0.0381767286406459"
"B5_CW_15_3","B5","CW","0.0617112582505181","0.0797003003603706","0.114057610949282","0.18635137309181","0.213481564950936","0.247156991892767","0.277002080411472","0.14250168553888","0.391376408894412","0.0367382291384124"
"B5_CC_1_1","B5","CC","0.0426681087787737","0.05136359636972","0.0654921287248334","0.0895853694178504","0.0996089183162492","0.135191852973188","0.17394699000708","0.290964950656544","0.383858788835227","0.0766767238173788"
"B5_CC_1_2","B5","CC","0.0427756817314436","0.0516266340699427","0.0659295138465948","0.0901718005789882","0.100347062628426","0.135917289729705","0.17461027451864","0.289322563280012","0.383242779056871","0.0761831349454519"
"B5_CC_1_3","B5","CC","0.0421210181538032","0.0505637889240362","0.0645292462779916","0.0885448431773283","0.0984301466030895","0.133719665184896","0.17219450259352","0.291583962487407","0.386357663633263","0.0773598273581738"
"B5_CC_2_1","B5","CC","0.0392577737659352","0.0498348291180941","0.0618567655569308","0.0785604360899129","0.0868214860072724","0.121308322070921","0.151846250474073","0.288978404032808","0.3613912792397","0.0857128027523512"
"B5_CC_2_2","B5","CC","0.0390197221562563","0.0487758246485929","0.0600819871354565","0.0759630872596266","0.08368104593414","0.116914038772828","0.146012068376015","0.288007463168608","0.358410865499008","0.0853998706430943"
"B5_CC_2_3","B5","CC","0.0401134373660779","0.0499502735339606","0.0613778546529315","0.0774103385151958","0.0851992859988357","0.118098823693292","0.146830483437519","0.28210919531479","0.35315753711048","0.0838933976362072"
"B5_CC_3_1","B5","CC","0.0520735505627791","0.0608389059082635","0.0758741143814697","0.10304634042462","0.1140801758066","0.149995718165994","0.182686419505155","0.246847726472816","0.361896843168651","0.0689068195085592"
"B5_CC_3_2","B5","CC","0.0510028729547454","0.0596820029321417","0.0751342391413104","0.103583684173685","0.114945042861555","0.150935067755385","0.184169366209009","0.247059688272674","0.368719096633929","0.0683428428502075"
"B5_CC_3_3","B5","CC","0.0511119795397353","0.0597894050443701","0.0752704042622781","0.103797220279816","0.115190736768502","0.151127861709138","0.184378946770693","0.246524306851022","0.368829357375407","0.0684669938979593"
"B5_CC_4_1","B5","CC","0.0492407007350503","0.0587508189774874","0.070202952416311","0.0862896677086709","0.0933252664485337","0.115575224978716","0.134471832384823","0.193712747029333","0.271554555442997","0.0580804566281461"
"B5_CC_4_2","B5","CC","0.0472872460816504","0.056113919380747","0.0669232911460695","0.0827674291318279","0.0894821330213105","0.111876445493326","0.130871836475915","0.200988733224133","0.280526357690418","0.0608518714668245"
"B5_CC_4_3","B5","CC","0.0462018211870588","0.0545892758085981","0.0650525081343762","0.0807630565251743","0.0873151393899193","0.109905422481451","0.129247635716488","0.20680013454842","0.28669668910106","0.0626866596978959"
"B5_CC_5_1","B5","CC","0.0524524544498511","0.0624919197110364","0.0788323323591725","0.108329278853121","0.118736717190256","0.148992864140389","0.183587719377956","0.232191577401197","0.339719343889534","0.0627761059749794"
"B5_CC_5_2","B5","CC","0.0564660102711178","0.0679922015510103","0.0852443986700486","0.114391622520309","0.125162713328779","0.157566958263528","0.193930407201419","0.232701513019366","0.329124178849293","0.0633600264216491"
"B5_CC_5_3","B5","CC","0.0609856878980637","0.0738824115154256","0.0922857797600278","0.121804285691946","0.132968537086565","0.165228024575467","0.201711389057794","0.222551814531385","0.312433712242778","0.059686166007597"
"B5_CC_6_1","B5","CC","0.065212391978174","0.0812980368736591","0.0994030613615177","0.120207582140888","0.130728041739473","0.168682873173152","0.199431213775649","0.220451568799006","0.286044481895067","0.063567613492095"
"B5_CC_6_2","B5","CC","0.0698277609448713","0.0866056514389183","0.105824300140667","0.127471723865955","0.138856954546702","0.1743268427031","0.204113714578819","0.201921991178451","0.269452226565636","0.0574759499710309"
"B5_CC_6_3","B5","CC","0.069818404777749","0.0867171307293552","0.1059024082271","0.127407779442448","0.138769583582672","0.173338807726784","0.202577644118388","0.198527962223896","0.265946871634124","0.0561755230215651"
"B5_CC_7_1","B5","CC","0.0402769689134394","0.0481753654890886","0.0634373051883047","0.0959400150383066","0.10810716448259","0.126635804931607","0.143820027907551","0.156462031985436","0.359297897691428","0.0446766847476559"
"B5_CC_7_2","B5","CC","0.0404361961430017","0.0484547526106169","0.0642131850985368","0.09798765981711","0.110618431749897","0.129146325653064","0.146322079525928","0.153947629990918","0.3623560670548","0.0437666817185078"
"B5_CC_7_3","B5","CC","0.0426368696582112","0.0515598364464961","0.0695139007900189","0.107845258682808","0.121832018624609","0.14149711252488","0.159981735029196","0.149845476465568","0.367199498216652","0.04253158396841"
"B5_CC_8_1","B5","CC","0.0471157439210454","0.0567683988761925","0.0752867460441148","0.112080560496319","0.124887017497393","0.157137836363065","0.19019983001855","0.222944432092527","0.38372668300822","0.0608471580422781"
"B5_CC_8_2","B5","CC","0.0496814626764686","0.0599643862767729","0.0784962915943208","0.114045275016717","0.126417996411081","0.160739915659259","0.195274114683474","0.229596577513571","0.375911676521514","0.0632271830449113"
"B5_CC_8_3","B5","CC","0.0505679770050406","0.0609859665411852","0.0792424025397219","0.113684369940806","0.125810038295891","0.159624833692779","0.193547564127123","0.22752487662393","0.368185600278279","0.0626315590802781"
"B5_CC_9_1","B5","CC","0.0397824418154888","0.0456238871109245","0.0573833511782778","0.080596338448048","0.0888220776866699","0.116317150198757","0.145226752022728","0.258311136119499","0.374392465526962","0.0697602567486144"
"B5_CC_9_2","B5","CC","0.0409399058385647","0.0473289671847023","0.0600908242242503","0.0851650578818938","0.0940357054984393","0.122863205897059","0.153450601558565","0.256933213478015","0.378153073484642","0.0696379968640886"
"B5_CC_9_3","B5","CC","0.0413357971155652","0.0478956048692017","0.0610004112049222","0.0867766920463079","0.0959898155674336","0.124819633840732","0.155492453051008","0.253922877610534","0.377820615346911","0.0682216126788035"
"B5_CC_10_1","B5","CC","0.0435815218419173","0.053513132247383","0.0682030305617034","0.0928228081685584","0.103369624844344","0.134416245690836","0.159447354812596","0.2267187429705","0.357545389026763","0.0657378229776125"
"B5_CC_10_2","B5","CC","0.0425262929470918","0.0521961518646118","0.0666000703215786","0.090996639840916","0.101483658345833","0.132480167528086","0.157570855377853","0.229881797620032","0.362381611131548","0.0668743242717917"
"B5_CC_10_3","B5","CC","0.0424429468739164","0.0517731827343902","0.0654936290892824","0.0881881344595213","0.0980193341646748","0.127661752390281","0.151658498304415","0.227960097770038","0.352944187999213","0.0660425514768998"
"B5_CC_11_1","B5","CC","0.0362229772290589","0.0401603860663385","0.0465167901307844","0.057174497030951","0.061239402584695","0.0755652823534323","0.0912034233422889","0.211531972332272","0.267699321488721","0.0584088224688975"
"B5_CC_11_2","B5","CC","0.0336294124479058","0.0373221211135282","0.0435319696657252","0.0543211006405239","0.0582786911460923","0.070874332933747","0.0854683301769554","0.20523345011321","0.267758450806358","0.0558479385263897"
"B5_CC_11_3","B5","CC","0.0344131501283179","0.0381760614859491","0.0445918893501528","0.0558160384606516","0.0599084718101998","0.0728799877005797","0.0879442498476121","0.205515041310804","0.26909860964011","0.0555063433092921"
"B5_CC_12_1","B5","CC","0.0595359491245716","0.0727565573923334","0.0935314378944134","0.129529121054358","0.143812239469765","0.173753648608433","0.207348338185899","0.197562065525344","0.325653812376431","0.0495201189864805"
"B5_CC_12_2","B5","CC","0.0481277320117903","0.0583070926322888","0.0791819484805126","0.122982263308343","0.139201556200423","0.172036831310714","0.207905888981017","0.215589928916853","0.399466930300409","0.0544699084240527"
"B5_CC_12_3","B5","CC","0.0485267312329163","0.0586435295368144","0.0799813010916839","0.124983405884638","0.141607181383088","0.173666755515825","0.210530867254159","0.214211388795422","0.398919139318518","0.0530488346325041"
"B5_CC_13_1","B5","CC","0.0487870980548431","0.0582842576416611","0.071049818735091","0.0906880769220264","0.0993128082488256","0.14342827543919","0.177440373162218","0.294754378913501","0.37404247423929","0.0842583437412501"
"B5_CC_13_2","B5","CC","0.0527071651737114","0.0638281964695872","0.0782060051586349","0.0990738047414195","0.109446327290368","0.158542599535822","0.194286164505113","0.290897136484205","0.374588085787809","0.0840132815652121"
"B5_CC_13_3","B5","CC","0.0587818334690667","0.0732310274332111","0.0910627290139466","0.11557090158287","0.128578274065318","0.180770313700459","0.218790962508139","0.271397365903912","0.362226501918451","0.0769860260675911"
"B5_CC_14_1","B5","CC","0.0418324263757257","0.0525404576929594","0.0639453348377933","0.077978098278674","0.0848811715481557","0.104167319318699","0.124238342165345","0.203315723619291","0.265229547363038","0.0562996652369556"
"B5_CC_14_2","B5","CC","0.0664209208357075","0.0882214403076032","0.110708055502402","0.134045983482082","0.147484677076778","0.166848011309759","0.188576336921145","0.136056471648442","0.215871603466355","0.0333862944725807"
"B5_CC_14_3","B5","CC","0.0604087038369768","0.0798475304070636","0.0995253093727432","0.120324054854458","0.132083057199645","0.151624467578588","0.173288665942939","0.148918338616158","0.223544507677798","0.0379995156097719"
"B5_CC_15_1","B5","CC","0.0453678552929919","0.0553938802199585","0.0760283931031273","0.117504001659164","0.132990540712941","0.163238455306579","0.198756845104866","0.216836843782559","0.393351336699453","0.0533130684705301"
"B5_CC_15_2","B5","CC","0.044651484923416","0.0543020686951891","0.0753816982455195","0.119929692254254","0.136324101120235","0.169952150502575","0.207629016533733","0.225650527167286","0.416433337612146","0.0572595789875527"
"B5_CC_15_3","B5","CC","0.0445447585163156","0.0536549770667796","0.0735886964760435","0.115693630085412","0.131090194963731","0.165175834323777","0.202871375182413","0.233094596381128","0.415828391167057","0.0597018491178085"
