"","Plot","Block","Treatment","Quad","total","CoverID","Hits","PctCover","FG","FG2"
"1","B","1","C","1",178,"ACHY",7,3.93258426966292,"Perennial_Grass","Plant"
"2","B","1","C","1",178,"ANBR",0,0,"Annual_Forb","Plant"
"3","B","1","C","1",178,"ASAM",0,0,"Annual_Forb","Plant"
"4","B","1","C","1",178,"Bromus",23,12.9213483146067,"Annual_Grass","Plant"
"5","B","1","C","1",178,"CHER",0,0,"Annual_Forb","Plant"
"6","B","1","C","1",178,"CYAC",0,0,"Annual_Forb","Plant"
"7","B","1","C","1",178,"DEAN",0,0,"Annual_Forb","Plant"
"8","B","1","C","1",178,"DEPI",1,0.561797752808989,"Annual_Forb","Plant"
"9","B","1","C","1",178,"Dark",9,5.0561797752809,"DkCy","Biocrust"
"10","B","1","C","1",178,"ENFR",0,0,"Annual_Forb","Plant"
"11","B","1","C","1",178,"EPTO",0,0,"Shrub","Plant"
"12","B","1","C","1",178,"ERIN",0,0,"Annual_Forb","Plant"
"13","B","1","C","1",178,"GAPI",0,0,"Annual_Forb","Plant"
"14","B","1","C","1",178,"GIIN",0,0,"Annual_Forb","Plant"
"15","B","1","C","1",178,"GUSA",10,5.61797752808989,"Shrub","Plant"
"16","B","1","C","1",178,"HIJA",7,3.93258426966292,"Perennial_Grass","Plant"
"17","B","1","C","1",178,"LYGR",0,0,"Annual_Forb","Plant"
"18","B","1","C","1",178,"Lichen",19,10.6741573033708,"Lichen","Biocrust"
"19","B","1","C","1",178,"Light",17,9.55056179775281,"LtCy","Biocrust"
"20","B","1","C","1",178,"Litter",65,36.5168539325843,"Litter","Abiotic_Cover"
"21","B","1","C","1",178,"MAAF",0,0,"Annual_Forb","Plant"
"22","B","1","C","1",178,"MACA",0,0,"Annual_Forb","Plant"
"23","B","1","C","1",178,"Moss",14,7.86516853932584,"Moss","Biocrust"
"24","B","1","C","1",178,"OECA",0,0,"Annual_Forb","Plant"
"25","B","1","C","1",178,"OPUNT",0,0,"Cactus","Plant"
"26","B","1","C","1",178,"PlantBase",6,3.37078651685393,"Plant_Base","Plant"
"27","B","1","C","1",178,"SCWH",0,0,"Cactus","Plant"
"28","B","1","C","1",178,"STCO",0,0,"Perennial_Grass","Plant"
"29","B","1","C","1",178,"TILA",0,0,"Annual_Forb","Plant"
"30","B","1","C","1",178,"Bare",0,0,"Bare_Ground","Abiotic_Cover"
"31","B","1","C","1",178,"Chamber",0,0,"Chamber","Abiotic_Cover"
"32","B","1","C","1",178,"Rock",0,0,"Rock","Abiotic_Cover"
"33","B","1","C","1",178,"ATCO",0,0,"Shrub","Plant"
"34","B","1","C","2",150,"ACHY",0,0,"Perennial_Grass","Plant"
"35","B","1","C","2",150,"ANBR",0,0,"Annual_Forb","Plant"
"36","B","1","C","2",150,"ASAM",0,0,"Annual_Forb","Plant"
"37","B","1","C","2",150,"Bromus",25,16.6666666666667,"Annual_Grass","Plant"
"38","B","1","C","2",150,"CHER",0,0,"Annual_Forb","Plant"
"39","B","1","C","2",150,"CYAC",0,0,"Annual_Forb","Plant"
"40","B","1","C","2",150,"DEAN",0,0,"Annual_Forb","Plant"
"41","B","1","C","2",150,"DEPI",0,0,"Annual_Forb","Plant"
"42","B","1","C","2",150,"Dark",3,2,"DkCy","Biocrust"
"43","B","1","C","2",150,"ENFR",0,0,"Annual_Forb","Plant"
"44","B","1","C","2",150,"EPTO",0,0,"Shrub","Plant"
"45","B","1","C","2",150,"ERIN",0,0,"Annual_Forb","Plant"
"46","B","1","C","2",150,"GAPI",0,0,"Annual_Forb","Plant"
"47","B","1","C","2",150,"GIIN",0,0,"Annual_Forb","Plant"
"48","B","1","C","2",150,"GUSA",4,2.66666666666667,"Shrub","Plant"
"49","B","1","C","2",150,"HIJA",3,2,"Perennial_Grass","Plant"
"50","B","1","C","2",150,"LYGR",0,0,"Annual_Forb","Plant"
"51","B","1","C","2",150,"Lichen",15,10,"Lichen","Biocrust"
"52","B","1","C","2",150,"Light",23,15.3333333333333,"LtCy","Biocrust"
"53","B","1","C","2",150,"Litter",70,46.6666666666667,"Litter","Abiotic_Cover"
"54","B","1","C","2",150,"MAAF",0,0,"Annual_Forb","Plant"
"55","B","1","C","2",150,"MACA",0,0,"Annual_Forb","Plant"
"56","B","1","C","2",150,"Moss",5,3.33333333333333,"Moss","Biocrust"
"57","B","1","C","2",150,"OECA",0,0,"Annual_Forb","Plant"
"58","B","1","C","2",150,"OPUNT",0,0,"Cactus","Plant"
"59","B","1","C","2",150,"PlantBase",2,1.33333333333333,"Plant_Base","Plant"
"60","B","1","C","2",150,"SCWH",0,0,"Cactus","Plant"
"61","B","1","C","2",150,"STCO",0,0,"Perennial_Grass","Plant"
"62","B","1","C","2",150,"TILA",0,0,"Annual_Forb","Plant"
"63","B","1","C","2",150,"Bare",0,0,"Bare_Ground","Abiotic_Cover"
"64","B","1","C","2",150,"Chamber",0,0,"Chamber","Abiotic_Cover"
"65","B","1","C","2",150,"Rock",0,0,"Rock","Abiotic_Cover"
"66","B","1","C","2",150,"ATCO",0,0,"Shrub","Plant"
"67","B","1","C","3",169,"ACHY",16,9.46745562130178,"Perennial_Grass","Plant"
"68","B","1","C","3",169,"ANBR",0,0,"Annual_Forb","Plant"
"69","B","1","C","3",169,"ASAM",0,0,"Annual_Forb","Plant"
"70","B","1","C","3",169,"Bromus",10,5.91715976331361,"Annual_Grass","Plant"
"71","B","1","C","3",169,"CHER",0,0,"Annual_Forb","Plant"
"72","B","1","C","3",169,"CYAC",0,0,"Annual_Forb","Plant"
"73","B","1","C","3",169,"DEAN",0,0,"Annual_Forb","Plant"
"74","B","1","C","3",169,"DEPI",0,0,"Annual_Forb","Plant"
"75","B","1","C","3",169,"Dark",9,5.32544378698225,"DkCy","Biocrust"
"76","B","1","C","3",169,"ENFR",0,0,"Annual_Forb","Plant"
"77","B","1","C","3",169,"EPTO",0,0,"Shrub","Plant"
"78","B","1","C","3",169,"ERIN",0,0,"Annual_Forb","Plant"
"79","B","1","C","3",169,"GAPI",0,0,"Annual_Forb","Plant"
"80","B","1","C","3",169,"GIIN",0,0,"Annual_Forb","Plant"
"81","B","1","C","3",169,"GUSA",3,1.77514792899408,"Shrub","Plant"
"82","B","1","C","3",169,"HIJA",2,1.18343195266272,"Perennial_Grass","Plant"
"83","B","1","C","3",169,"LYGR",0,0,"Annual_Forb","Plant"
"84","B","1","C","3",169,"Lichen",22,13.0177514792899,"Lichen","Biocrust"
"85","B","1","C","3",169,"Light",29,17.1597633136095,"LtCy","Biocrust"
"86","B","1","C","3",169,"Litter",51,30.1775147928994,"Litter","Abiotic_Cover"
"87","B","1","C","3",169,"MAAF",0,0,"Annual_Forb","Plant"
"88","B","1","C","3",169,"MACA",0,0,"Annual_Forb","Plant"
"89","B","1","C","3",169,"Moss",14,8.28402366863905,"Moss","Biocrust"
"90","B","1","C","3",169,"OECA",0,0,"Annual_Forb","Plant"
"91","B","1","C","3",169,"OPUNT",0,0,"Cactus","Plant"
"92","B","1","C","3",169,"PlantBase",3,1.77514792899408,"Plant_Base","Plant"
"93","B","1","C","3",169,"SCWH",0,0,"Cactus","Plant"
"94","B","1","C","3",169,"STCO",0,0,"Perennial_Grass","Plant"
"95","B","1","C","3",169,"TILA",0,0,"Annual_Forb","Plant"
"96","B","1","C","3",169,"Bare",1,0.591715976331361,"Bare_Ground","Abiotic_Cover"
"97","B","1","C","3",169,"Chamber",8,4.73372781065089,"Chamber","Abiotic_Cover"
"98","B","1","C","3",169,"Rock",1,0.591715976331361,"Rock","Abiotic_Cover"
"99","B","1","C","3",169,"ATCO",0,0,"Shrub","Plant"
"100","B","1","C","4",190,"ACHY",24,12.6315789473684,"Perennial_Grass","Plant"
"101","B","1","C","4",190,"ANBR",0,0,"Annual_Forb","Plant"
"102","B","1","C","4",190,"ASAM",0,0,"Annual_Forb","Plant"
"103","B","1","C","4",190,"Bromus",9,4.73684210526316,"Annual_Grass","Plant"
"104","B","1","C","4",190,"CHER",2,1.05263157894737,"Annual_Forb","Plant"
"105","B","1","C","4",190,"CYAC",0,0,"Annual_Forb","Plant"
"106","B","1","C","4",190,"DEAN",0,0,"Annual_Forb","Plant"
"107","B","1","C","4",190,"DEPI",0,0,"Annual_Forb","Plant"
"108","B","1","C","4",190,"Dark",7,3.68421052631579,"DkCy","Biocrust"
"109","B","1","C","4",190,"ENFR",0,0,"Annual_Forb","Plant"
"110","B","1","C","4",190,"EPTO",0,0,"Shrub","Plant"
"111","B","1","C","4",190,"ERIN",0,0,"Annual_Forb","Plant"
"112","B","1","C","4",190,"GAPI",0,0,"Annual_Forb","Plant"
"113","B","1","C","4",190,"GIIN",0,0,"Annual_Forb","Plant"
"114","B","1","C","4",190,"GUSA",2,1.05263157894737,"Shrub","Plant"
"115","B","1","C","4",190,"HIJA",6,3.15789473684211,"Perennial_Grass","Plant"
"116","B","1","C","4",190,"LYGR",0,0,"Annual_Forb","Plant"
"117","B","1","C","4",190,"Lichen",10,5.26315789473684,"Lichen","Biocrust"
"118","B","1","C","4",190,"Light",45,23.6842105263158,"LtCy","Biocrust"
"119","B","1","C","4",190,"Litter",63,33.1578947368421,"Litter","Abiotic_Cover"
"120","B","1","C","4",190,"MAAF",0,0,"Annual_Forb","Plant"
"121","B","1","C","4",190,"MACA",0,0,"Annual_Forb","Plant"
"122","B","1","C","4",190,"Moss",3,1.57894736842105,"Moss","Biocrust"
"123","B","1","C","4",190,"OECA",0,0,"Annual_Forb","Plant"
"124","B","1","C","4",190,"OPUNT",0,0,"Cactus","Plant"
"125","B","1","C","4",190,"PlantBase",8,4.21052631578947,"Plant_Base","Plant"
"126","B","1","C","4",190,"SCWH",0,0,"Cactus","Plant"
"127","B","1","C","4",190,"STCO",0,0,"Perennial_Grass","Plant"
"128","B","1","C","4",190,"TILA",0,0,"Annual_Forb","Plant"
"129","B","1","C","4",190,"Bare",0,0,"Bare_Ground","Abiotic_Cover"
"130","B","1","C","4",190,"Chamber",0,0,"Chamber","Abiotic_Cover"
"131","B","1","C","4",190,"Rock",3,1.57894736842105,"Rock","Abiotic_Cover"
"132","B","1","C","4",190,"ATCO",8,4.21052631578947,"Shrub","Plant"
"133","B","1","L","1",134,"ACHY",0,0,"Perennial_Grass","Plant"
"134","B","1","L","1",134,"ANBR",0,0,"Annual_Forb","Plant"
"135","B","1","L","1",134,"ASAM",0,0,"Annual_Forb","Plant"
"136","B","1","L","1",134,"Bromus",17,12.6865671641791,"Annual_Grass","Plant"
"137","B","1","L","1",134,"CHER",0,0,"Annual_Forb","Plant"
"138","B","1","L","1",134,"CYAC",0,0,"Annual_Forb","Plant"
"139","B","1","L","1",134,"DEAN",0,0,"Annual_Forb","Plant"
"140","B","1","L","1",134,"DEPI",0,0,"Annual_Forb","Plant"
"141","B","1","L","1",134,"Dark",3,2.23880597014925,"DkCy","Biocrust"
"142","B","1","L","1",134,"ENFR",0,0,"Annual_Forb","Plant"
"143","B","1","L","1",134,"EPTO",0,0,"Shrub","Plant"
"144","B","1","L","1",134,"ERIN",0,0,"Annual_Forb","Plant"
"145","B","1","L","1",134,"GAPI",0,0,"Annual_Forb","Plant"
"146","B","1","L","1",134,"GIIN",0,0,"Annual_Forb","Plant"
"147","B","1","L","1",134,"GUSA",0,0,"Shrub","Plant"
"148","B","1","L","1",134,"HIJA",2,1.49253731343284,"Perennial_Grass","Plant"
"149","B","1","L","1",134,"LYGR",0,0,"Annual_Forb","Plant"
"150","B","1","L","1",134,"Lichen",1,0.746268656716418,"Lichen","Biocrust"
"151","B","1","L","1",134,"Light",41,30.5970149253731,"LtCy","Biocrust"
"152","B","1","L","1",134,"Litter",55,41.044776119403,"Litter","Abiotic_Cover"
"153","B","1","L","1",134,"MAAF",0,0,"Annual_Forb","Plant"
"154","B","1","L","1",134,"MACA",0,0,"Annual_Forb","Plant"
"155","B","1","L","1",134,"Moss",9,6.71641791044776,"Moss","Biocrust"
"156","B","1","L","1",134,"OECA",0,0,"Annual_Forb","Plant"
"157","B","1","L","1",134,"OPUNT",0,0,"Cactus","Plant"
"158","B","1","L","1",134,"PlantBase",1,0.746268656716418,"Plant_Base","Plant"
"159","B","1","L","1",134,"SCWH",0,0,"Cactus","Plant"
"160","B","1","L","1",134,"STCO",0,0,"Perennial_Grass","Plant"
"161","B","1","L","1",134,"TILA",0,0,"Annual_Forb","Plant"
"162","B","1","L","1",134,"Bare",2,1.49253731343284,"Bare_Ground","Abiotic_Cover"
"163","B","1","L","1",134,"Chamber",0,0,"Chamber","Abiotic_Cover"
"164","B","1","L","1",134,"Rock",3,2.23880597014925,"Rock","Abiotic_Cover"
"165","B","1","L","1",134,"ATCO",0,0,"Shrub","Plant"
"166","B","1","L","2",126,"ACHY",0,0,"Perennial_Grass","Plant"
"167","B","1","L","2",126,"ANBR",0,0,"Annual_Forb","Plant"
"168","B","1","L","2",126,"ASAM",1,0.793650793650794,"Annual_Forb","Plant"
"169","B","1","L","2",126,"Bromus",5,3.96825396825397,"Annual_Grass","Plant"
"170","B","1","L","2",126,"CHER",0,0,"Annual_Forb","Plant"
"171","B","1","L","2",126,"CYAC",0,0,"Annual_Forb","Plant"
"172","B","1","L","2",126,"DEAN",0,0,"Annual_Forb","Plant"
"173","B","1","L","2",126,"DEPI",0,0,"Annual_Forb","Plant"
"174","B","1","L","2",126,"Dark",6,4.76190476190476,"DkCy","Biocrust"
"175","B","1","L","2",126,"ENFR",0,0,"Annual_Forb","Plant"
"176","B","1","L","2",126,"EPTO",0,0,"Shrub","Plant"
"177","B","1","L","2",126,"ERIN",0,0,"Annual_Forb","Plant"
"178","B","1","L","2",126,"GAPI",0,0,"Annual_Forb","Plant"
"179","B","1","L","2",126,"GIIN",0,0,"Annual_Forb","Plant"
"180","B","1","L","2",126,"GUSA",0,0,"Shrub","Plant"
"181","B","1","L","2",126,"HIJA",3,2.38095238095238,"Perennial_Grass","Plant"
"182","B","1","L","2",126,"LYGR",0,0,"Annual_Forb","Plant"
"183","B","1","L","2",126,"Lichen",0,0,"Lichen","Biocrust"
"184","B","1","L","2",126,"Light",33,26.1904761904762,"LtCy","Biocrust"
"185","B","1","L","2",126,"Litter",55,43.6507936507937,"Litter","Abiotic_Cover"
"186","B","1","L","2",126,"MAAF",0,0,"Annual_Forb","Plant"
"187","B","1","L","2",126,"MACA",0,0,"Annual_Forb","Plant"
"188","B","1","L","2",126,"Moss",7,5.55555555555556,"Moss","Biocrust"
"189","B","1","L","2",126,"OECA",2,1.58730158730159,"Annual_Forb","Plant"
"190","B","1","L","2",126,"OPUNT",0,0,"Cactus","Plant"
"191","B","1","L","2",126,"PlantBase",5,3.96825396825397,"Plant_Base","Plant"
"192","B","1","L","2",126,"SCWH",0,0,"Cactus","Plant"
"193","B","1","L","2",126,"STCO",0,0,"Perennial_Grass","Plant"
"194","B","1","L","2",126,"TILA",0,0,"Annual_Forb","Plant"
"195","B","1","L","2",126,"Bare",2,1.58730158730159,"Bare_Ground","Abiotic_Cover"
"196","B","1","L","2",126,"Chamber",0,0,"Chamber","Abiotic_Cover"
"197","B","1","L","2",126,"Rock",7,5.55555555555556,"Rock","Abiotic_Cover"
"198","B","1","L","2",126,"ATCO",0,0,"Shrub","Plant"
"199","B","1","L","3",168,"ACHY",0,0,"Perennial_Grass","Plant"
"200","B","1","L","3",168,"ANBR",0,0,"Annual_Forb","Plant"
"201","B","1","L","3",168,"ASAM",0,0,"Annual_Forb","Plant"
"202","B","1","L","3",168,"Bromus",26,15.4761904761905,"Annual_Grass","Plant"
"203","B","1","L","3",168,"CHER",0,0,"Annual_Forb","Plant"
"204","B","1","L","3",168,"CYAC",0,0,"Annual_Forb","Plant"
"205","B","1","L","3",168,"DEAN",0,0,"Annual_Forb","Plant"
"206","B","1","L","3",168,"DEPI",0,0,"Annual_Forb","Plant"
"207","B","1","L","3",168,"Dark",8,4.76190476190476,"DkCy","Biocrust"
"208","B","1","L","3",168,"ENFR",0,0,"Annual_Forb","Plant"
"209","B","1","L","3",168,"EPTO",0,0,"Shrub","Plant"
"210","B","1","L","3",168,"ERIN",0,0,"Annual_Forb","Plant"
"211","B","1","L","3",168,"GAPI",0,0,"Annual_Forb","Plant"
"212","B","1","L","3",168,"GIIN",0,0,"Annual_Forb","Plant"
"213","B","1","L","3",168,"GUSA",1,0.595238095238095,"Shrub","Plant"
"214","B","1","L","3",168,"HIJA",6,3.57142857142857,"Perennial_Grass","Plant"
"215","B","1","L","3",168,"LYGR",0,0,"Annual_Forb","Plant"
"216","B","1","L","3",168,"Lichen",6,3.57142857142857,"Lichen","Biocrust"
"217","B","1","L","3",168,"Light",23,13.6904761904762,"LtCy","Biocrust"
"218","B","1","L","3",168,"Litter",65,38.6904761904762,"Litter","Abiotic_Cover"
"219","B","1","L","3",168,"MAAF",0,0,"Annual_Forb","Plant"
"220","B","1","L","3",168,"MACA",0,0,"Annual_Forb","Plant"
"221","B","1","L","3",168,"Moss",1,0.595238095238095,"Moss","Biocrust"
"222","B","1","L","3",168,"OECA",0,0,"Annual_Forb","Plant"
"223","B","1","L","3",168,"OPUNT",0,0,"Cactus","Plant"
"224","B","1","L","3",168,"PlantBase",5,2.97619047619048,"Plant_Base","Plant"
"225","B","1","L","3",168,"SCWH",0,0,"Cactus","Plant"
"226","B","1","L","3",168,"STCO",0,0,"Perennial_Grass","Plant"
"227","B","1","L","3",168,"TILA",0,0,"Annual_Forb","Plant"
"228","B","1","L","3",168,"Bare",3,1.78571428571429,"Bare_Ground","Abiotic_Cover"
"229","B","1","L","3",168,"Chamber",13,7.73809523809524,"Chamber","Abiotic_Cover"
"230","B","1","L","3",168,"Rock",11,6.54761904761905,"Rock","Abiotic_Cover"
"231","B","1","L","3",168,"ATCO",0,0,"Shrub","Plant"
"232","B","1","L","4",165,"ACHY",0,0,"Perennial_Grass","Plant"
"233","B","1","L","4",165,"ANBR",0,0,"Annual_Forb","Plant"
"234","B","1","L","4",165,"ASAM",0,0,"Annual_Forb","Plant"
"235","B","1","L","4",165,"Bromus",11,6.66666666666667,"Annual_Grass","Plant"
"236","B","1","L","4",165,"CHER",0,0,"Annual_Forb","Plant"
"237","B","1","L","4",165,"CYAC",0,0,"Annual_Forb","Plant"
"238","B","1","L","4",165,"DEAN",0,0,"Annual_Forb","Plant"
"239","B","1","L","4",165,"DEPI",0,0,"Annual_Forb","Plant"
"240","B","1","L","4",165,"Dark",3,1.81818181818182,"DkCy","Biocrust"
"241","B","1","L","4",165,"ENFR",0,0,"Annual_Forb","Plant"
"242","B","1","L","4",165,"EPTO",0,0,"Shrub","Plant"
"243","B","1","L","4",165,"ERIN",0,0,"Annual_Forb","Plant"
"244","B","1","L","4",165,"GAPI",0,0,"Annual_Forb","Plant"
"245","B","1","L","4",165,"GIIN",0,0,"Annual_Forb","Plant"
"246","B","1","L","4",165,"GUSA",0,0,"Shrub","Plant"
"247","B","1","L","4",165,"HIJA",3,1.81818181818182,"Perennial_Grass","Plant"
"248","B","1","L","4",165,"LYGR",0,0,"Annual_Forb","Plant"
"249","B","1","L","4",165,"Lichen",1,0.606060606060606,"Lichen","Biocrust"
"250","B","1","L","4",165,"Light",33,20,"LtCy","Biocrust"
"251","B","1","L","4",165,"Litter",69,41.8181818181818,"Litter","Abiotic_Cover"
"252","B","1","L","4",165,"MAAF",0,0,"Annual_Forb","Plant"
"253","B","1","L","4",165,"MACA",0,0,"Annual_Forb","Plant"
"254","B","1","L","4",165,"Moss",1,0.606060606060606,"Moss","Biocrust"
"255","B","1","L","4",165,"OECA",0,0,"Annual_Forb","Plant"
"256","B","1","L","4",165,"OPUNT",0,0,"Cactus","Plant"
"257","B","1","L","4",165,"PlantBase",5,3.03030303030303,"Plant_Base","Plant"
"258","B","1","L","4",165,"SCWH",0,0,"Cactus","Plant"
"259","B","1","L","4",165,"STCO",0,0,"Perennial_Grass","Plant"
"260","B","1","L","4",165,"TILA",0,0,"Annual_Forb","Plant"
"261","B","1","L","4",165,"Bare",0,0,"Bare_Ground","Abiotic_Cover"
"262","B","1","L","4",165,"Chamber",12,7.27272727272727,"Chamber","Abiotic_Cover"
"263","B","1","L","4",165,"Rock",15,9.09090909090909,"Rock","Abiotic_Cover"
"264","B","1","L","4",165,"ATCO",12,7.27272727272727,"Shrub","Plant"
"265","B","1","LW","1",135,"ACHY",0,0,"Perennial_Grass","Plant"
"266","B","1","LW","1",135,"ANBR",0,0,"Annual_Forb","Plant"
"267","B","1","LW","1",135,"ASAM",0,0,"Annual_Forb","Plant"
"268","B","1","LW","1",135,"Bromus",6,4.44444444444444,"Annual_Grass","Plant"
"269","B","1","LW","1",135,"CHER",0,0,"Annual_Forb","Plant"
"270","B","1","LW","1",135,"CYAC",0,0,"Annual_Forb","Plant"
"271","B","1","LW","1",135,"DEAN",0,0,"Annual_Forb","Plant"
"272","B","1","LW","1",135,"DEPI",0,0,"Annual_Forb","Plant"
"273","B","1","LW","1",135,"Dark",8,5.92592592592593,"DkCy","Biocrust"
"274","B","1","LW","1",135,"ENFR",0,0,"Annual_Forb","Plant"
"275","B","1","LW","1",135,"EPTO",0,0,"Shrub","Plant"
"276","B","1","LW","1",135,"ERIN",0,0,"Annual_Forb","Plant"
"277","B","1","LW","1",135,"GAPI",0,0,"Annual_Forb","Plant"
"278","B","1","LW","1",135,"GIIN",0,0,"Annual_Forb","Plant"
"279","B","1","LW","1",135,"GUSA",4,2.96296296296296,"Shrub","Plant"
"280","B","1","LW","1",135,"HIJA",11,8.14814814814815,"Perennial_Grass","Plant"
"281","B","1","LW","1",135,"LYGR",0,0,"Annual_Forb","Plant"
"282","B","1","LW","1",135,"Lichen",1,0.740740740740741,"Lichen","Biocrust"
"283","B","1","LW","1",135,"Light",41,30.3703703703704,"LtCy","Biocrust"
"284","B","1","LW","1",135,"Litter",50,37.037037037037,"Litter","Abiotic_Cover"
"285","B","1","LW","1",135,"MAAF",0,0,"Annual_Forb","Plant"
"286","B","1","LW","1",135,"MACA",0,0,"Annual_Forb","Plant"
"287","B","1","LW","1",135,"Moss",0,0,"Moss","Biocrust"
"288","B","1","LW","1",135,"OECA",0,0,"Annual_Forb","Plant"
"289","B","1","LW","1",135,"OPUNT",0,0,"Cactus","Plant"
"290","B","1","LW","1",135,"PlantBase",7,5.18518518518519,"Plant_Base","Plant"
"291","B","1","LW","1",135,"SCWH",0,0,"Cactus","Plant"
"292","B","1","LW","1",135,"STCO",0,0,"Perennial_Grass","Plant"
"293","B","1","LW","1",135,"TILA",0,0,"Annual_Forb","Plant"
"294","B","1","LW","1",135,"Bare",0,0,"Bare_Ground","Abiotic_Cover"
"295","B","1","LW","1",135,"Chamber",0,0,"Chamber","Abiotic_Cover"
"296","B","1","LW","1",135,"Rock",7,5.18518518518519,"Rock","Abiotic_Cover"
"297","B","1","LW","1",135,"ATCO",0,0,"Shrub","Plant"
"298","B","1","LW","2",141,"ACHY",0,0,"Perennial_Grass","Plant"
"299","B","1","LW","2",141,"ANBR",1,0.709219858156028,"Annual_Forb","Plant"
"300","B","1","LW","2",141,"ASAM",0,0,"Annual_Forb","Plant"
"301","B","1","LW","2",141,"Bromus",9,6.38297872340426,"Annual_Grass","Plant"
"302","B","1","LW","2",141,"CHER",0,0,"Annual_Forb","Plant"
"303","B","1","LW","2",141,"CYAC",0,0,"Annual_Forb","Plant"
"304","B","1","LW","2",141,"DEAN",0,0,"Annual_Forb","Plant"
"305","B","1","LW","2",141,"DEPI",0,0,"Annual_Forb","Plant"
"306","B","1","LW","2",141,"Dark",0,0,"DkCy","Biocrust"
"307","B","1","LW","2",141,"ENFR",0,0,"Annual_Forb","Plant"
"308","B","1","LW","2",141,"EPTO",0,0,"Shrub","Plant"
"309","B","1","LW","2",141,"ERIN",0,0,"Annual_Forb","Plant"
"310","B","1","LW","2",141,"GAPI",0,0,"Annual_Forb","Plant"
"311","B","1","LW","2",141,"GIIN",0,0,"Annual_Forb","Plant"
"312","B","1","LW","2",141,"GUSA",3,2.12765957446809,"Shrub","Plant"
"313","B","1","LW","2",141,"HIJA",10,7.09219858156028,"Perennial_Grass","Plant"
"314","B","1","LW","2",141,"LYGR",0,0,"Annual_Forb","Plant"
"315","B","1","LW","2",141,"Lichen",1,0.709219858156028,"Lichen","Biocrust"
"316","B","1","LW","2",141,"Light",56,39.7163120567376,"LtCy","Biocrust"
"317","B","1","LW","2",141,"Litter",42,29.7872340425532,"Litter","Abiotic_Cover"
"318","B","1","LW","2",141,"MAAF",0,0,"Annual_Forb","Plant"
"319","B","1","LW","2",141,"MACA",0,0,"Annual_Forb","Plant"
"320","B","1","LW","2",141,"Moss",0,0,"Moss","Biocrust"
"321","B","1","LW","2",141,"OECA",0,0,"Annual_Forb","Plant"
"322","B","1","LW","2",141,"OPUNT",0,0,"Cactus","Plant"
"323","B","1","LW","2",141,"PlantBase",6,4.25531914893617,"Plant_Base","Plant"
"324","B","1","LW","2",141,"SCWH",0,0,"Cactus","Plant"
"325","B","1","LW","2",141,"STCO",0,0,"Perennial_Grass","Plant"
"326","B","1","LW","2",141,"TILA",0,0,"Annual_Forb","Plant"
"327","B","1","LW","2",141,"Bare",0,0,"Bare_Ground","Abiotic_Cover"
"328","B","1","LW","2",141,"Chamber",0,0,"Chamber","Abiotic_Cover"
"329","B","1","LW","2",141,"Rock",13,9.21985815602837,"Rock","Abiotic_Cover"
"330","B","1","LW","2",141,"ATCO",0,0,"Shrub","Plant"
"331","B","1","LW","3",144,"ACHY",4,2.77777777777778,"Perennial_Grass","Plant"
"332","B","1","LW","3",144,"ANBR",0,0,"Annual_Forb","Plant"
"333","B","1","LW","3",144,"ASAM",0,0,"Annual_Forb","Plant"
"334","B","1","LW","3",144,"Bromus",14,9.72222222222222,"Annual_Grass","Plant"
"335","B","1","LW","3",144,"CHER",0,0,"Annual_Forb","Plant"
"336","B","1","LW","3",144,"CYAC",0,0,"Annual_Forb","Plant"
"337","B","1","LW","3",144,"DEAN",0,0,"Annual_Forb","Plant"
"338","B","1","LW","3",144,"DEPI",0,0,"Annual_Forb","Plant"
"339","B","1","LW","3",144,"Dark",4,2.77777777777778,"DkCy","Biocrust"
"340","B","1","LW","3",144,"ENFR",0,0,"Annual_Forb","Plant"
"341","B","1","LW","3",144,"EPTO",0,0,"Shrub","Plant"
"342","B","1","LW","3",144,"ERIN",0,0,"Annual_Forb","Plant"
"343","B","1","LW","3",144,"GAPI",0,0,"Annual_Forb","Plant"
"344","B","1","LW","3",144,"GIIN",0,0,"Annual_Forb","Plant"
"345","B","1","LW","3",144,"GUSA",2,1.38888888888889,"Shrub","Plant"
"346","B","1","LW","3",144,"HIJA",1,0.694444444444444,"Perennial_Grass","Plant"
"347","B","1","LW","3",144,"LYGR",0,0,"Annual_Forb","Plant"
"348","B","1","LW","3",144,"Lichen",0,0,"Lichen","Biocrust"
"349","B","1","LW","3",144,"Light",41,28.4722222222222,"LtCy","Biocrust"
"350","B","1","LW","3",144,"Litter",59,40.9722222222222,"Litter","Abiotic_Cover"
"351","B","1","LW","3",144,"MAAF",0,0,"Annual_Forb","Plant"
"352","B","1","LW","3",144,"MACA",0,0,"Annual_Forb","Plant"
"353","B","1","LW","3",144,"Moss",0,0,"Moss","Biocrust"
"354","B","1","LW","3",144,"OECA",0,0,"Annual_Forb","Plant"
"355","B","1","LW","3",144,"OPUNT",0,0,"Cactus","Plant"
"356","B","1","LW","3",144,"PlantBase",1,0.694444444444444,"Plant_Base","Plant"
"357","B","1","LW","3",144,"SCWH",0,0,"Cactus","Plant"
"358","B","1","LW","3",144,"STCO",0,0,"Perennial_Grass","Plant"
"359","B","1","LW","3",144,"TILA",0,0,"Annual_Forb","Plant"
"360","B","1","LW","3",144,"Bare",1,0.694444444444444,"Bare_Ground","Abiotic_Cover"
"361","B","1","LW","3",144,"Chamber",11,7.63888888888889,"Chamber","Abiotic_Cover"
"362","B","1","LW","3",144,"Rock",6,4.16666666666667,"Rock","Abiotic_Cover"
"363","B","1","LW","3",144,"ATCO",0,0,"Shrub","Plant"
"364","B","1","LW","4",146,"ACHY",0,0,"Perennial_Grass","Plant"
"365","B","1","LW","4",146,"ANBR",0,0,"Annual_Forb","Plant"
"366","B","1","LW","4",146,"ASAM",0,0,"Annual_Forb","Plant"
"367","B","1","LW","4",146,"Bromus",10,6.84931506849315,"Annual_Grass","Plant"
"368","B","1","LW","4",146,"CHER",0,0,"Annual_Forb","Plant"
"369","B","1","LW","4",146,"CYAC",0,0,"Annual_Forb","Plant"
"370","B","1","LW","4",146,"DEAN",0,0,"Annual_Forb","Plant"
"371","B","1","LW","4",146,"DEPI",0,0,"Annual_Forb","Plant"
"372","B","1","LW","4",146,"Dark",6,4.10958904109589,"DkCy","Biocrust"
"373","B","1","LW","4",146,"ENFR",0,0,"Annual_Forb","Plant"
"374","B","1","LW","4",146,"EPTO",0,0,"Shrub","Plant"
"375","B","1","LW","4",146,"ERIN",0,0,"Annual_Forb","Plant"
"376","B","1","LW","4",146,"GAPI",0,0,"Annual_Forb","Plant"
"377","B","1","LW","4",146,"GIIN",0,0,"Annual_Forb","Plant"
"378","B","1","LW","4",146,"GUSA",16,10.958904109589,"Shrub","Plant"
"379","B","1","LW","4",146,"HIJA",1,0.684931506849315,"Perennial_Grass","Plant"
"380","B","1","LW","4",146,"LYGR",0,0,"Annual_Forb","Plant"
"381","B","1","LW","4",146,"Lichen",1,0.684931506849315,"Lichen","Biocrust"
"382","B","1","LW","4",146,"Light",42,28.7671232876712,"LtCy","Biocrust"
"383","B","1","LW","4",146,"Litter",64,43.8356164383562,"Litter","Abiotic_Cover"
"384","B","1","LW","4",146,"MAAF",0,0,"Annual_Forb","Plant"
"385","B","1","LW","4",146,"MACA",0,0,"Annual_Forb","Plant"
"386","B","1","LW","4",146,"Moss",0,0,"Moss","Biocrust"
"387","B","1","LW","4",146,"OECA",0,0,"Annual_Forb","Plant"
"388","B","1","LW","4",146,"OPUNT",0,0,"Cactus","Plant"
"389","B","1","LW","4",146,"PlantBase",5,3.42465753424658,"Plant_Base","Plant"
"390","B","1","LW","4",146,"SCWH",0,0,"Cactus","Plant"
"391","B","1","LW","4",146,"STCO",0,0,"Perennial_Grass","Plant"
"392","B","1","LW","4",146,"TILA",0,0,"Annual_Forb","Plant"
"393","B","1","LW","4",146,"Bare",0,0,"Bare_Ground","Abiotic_Cover"
"394","B","1","LW","4",146,"Chamber",0,0,"Chamber","Abiotic_Cover"
"395","B","1","LW","4",146,"Rock",0,0,"Rock","Abiotic_Cover"
"396","B","1","LW","4",146,"ATCO",1,0.684931506849315,"Shrub","Plant"
"397","B","1","W","1",145,"ACHY",1,0.689655172413793,"Perennial_Grass","Plant"
"398","B","1","W","1",145,"ANBR",0,0,"Annual_Forb","Plant"
"399","B","1","W","1",145,"ASAM",0,0,"Annual_Forb","Plant"
"400","B","1","W","1",145,"Bromus",13,8.96551724137931,"Annual_Grass","Plant"
"401","B","1","W","1",145,"CHER",0,0,"Annual_Forb","Plant"
"402","B","1","W","1",145,"CYAC",0,0,"Annual_Forb","Plant"
"403","B","1","W","1",145,"DEAN",0,0,"Annual_Forb","Plant"
"404","B","1","W","1",145,"DEPI",0,0,"Annual_Forb","Plant"
"405","B","1","W","1",145,"Dark",30,20.6896551724138,"DkCy","Biocrust"
"406","B","1","W","1",145,"ENFR",0,0,"Annual_Forb","Plant"
"407","B","1","W","1",145,"EPTO",0,0,"Shrub","Plant"
"408","B","1","W","1",145,"ERIN",0,0,"Annual_Forb","Plant"
"409","B","1","W","1",145,"GAPI",0,0,"Annual_Forb","Plant"
"410","B","1","W","1",145,"GIIN",0,0,"Annual_Forb","Plant"
"411","B","1","W","1",145,"GUSA",3,2.06896551724138,"Shrub","Plant"
"412","B","1","W","1",145,"HIJA",10,6.89655172413793,"Perennial_Grass","Plant"
"413","B","1","W","1",145,"LYGR",0,0,"Annual_Forb","Plant"
"414","B","1","W","1",145,"Lichen",7,4.82758620689655,"Lichen","Biocrust"
"415","B","1","W","1",145,"Light",11,7.58620689655172,"LtCy","Biocrust"
"416","B","1","W","1",145,"Litter",60,41.3793103448276,"Litter","Abiotic_Cover"
"417","B","1","W","1",145,"MAAF",0,0,"Annual_Forb","Plant"
"418","B","1","W","1",145,"MACA",0,0,"Annual_Forb","Plant"
"419","B","1","W","1",145,"Moss",1,0.689655172413793,"Moss","Biocrust"
"420","B","1","W","1",145,"OECA",0,0,"Annual_Forb","Plant"
"421","B","1","W","1",145,"OPUNT",0,0,"Cactus","Plant"
"422","B","1","W","1",145,"PlantBase",7,4.82758620689655,"Plant_Base","Plant"
"423","B","1","W","1",145,"SCWH",0,0,"Cactus","Plant"
"424","B","1","W","1",145,"STCO",0,0,"Perennial_Grass","Plant"
"425","B","1","W","1",145,"TILA",0,0,"Annual_Forb","Plant"
"426","B","1","W","1",145,"Bare",0,0,"Bare_Ground","Abiotic_Cover"
"427","B","1","W","1",145,"Chamber",0,0,"Chamber","Abiotic_Cover"
"428","B","1","W","1",145,"Rock",0,0,"Rock","Abiotic_Cover"
"429","B","1","W","1",145,"ATCO",2,1.37931034482759,"Shrub","Plant"
"430","B","1","W","2",176,"ACHY",7,3.97727272727273,"Perennial_Grass","Plant"
"431","B","1","W","2",176,"ANBR",0,0,"Annual_Forb","Plant"
"432","B","1","W","2",176,"ASAM",0,0,"Annual_Forb","Plant"
"433","B","1","W","2",176,"Bromus",27,15.3409090909091,"Annual_Grass","Plant"
"434","B","1","W","2",176,"CHER",0,0,"Annual_Forb","Plant"
"435","B","1","W","2",176,"CYAC",0,0,"Annual_Forb","Plant"
"436","B","1","W","2",176,"DEAN",0,0,"Annual_Forb","Plant"
"437","B","1","W","2",176,"DEPI",0,0,"Annual_Forb","Plant"
"438","B","1","W","2",176,"Dark",30,17.0454545454545,"DkCy","Biocrust"
"439","B","1","W","2",176,"ENFR",0,0,"Annual_Forb","Plant"
"440","B","1","W","2",176,"EPTO",0,0,"Shrub","Plant"
"441","B","1","W","2",176,"ERIN",0,0,"Annual_Forb","Plant"
"442","B","1","W","2",176,"GAPI",0,0,"Annual_Forb","Plant"
"443","B","1","W","2",176,"GIIN",0,0,"Annual_Forb","Plant"
"444","B","1","W","2",176,"GUSA",0,0,"Shrub","Plant"
"445","B","1","W","2",176,"HIJA",8,4.54545454545455,"Perennial_Grass","Plant"
"446","B","1","W","2",176,"LYGR",0,0,"Annual_Forb","Plant"
"447","B","1","W","2",176,"Lichen",9,5.11363636363636,"Lichen","Biocrust"
"448","B","1","W","2",176,"Light",12,6.81818181818182,"LtCy","Biocrust"
"449","B","1","W","2",176,"Litter",71,40.3409090909091,"Litter","Abiotic_Cover"
"450","B","1","W","2",176,"MAAF",0,0,"Annual_Forb","Plant"
"451","B","1","W","2",176,"MACA",0,0,"Annual_Forb","Plant"
"452","B","1","W","2",176,"Moss",0,0,"Moss","Biocrust"
"453","B","1","W","2",176,"OECA",0,0,"Annual_Forb","Plant"
"454","B","1","W","2",176,"OPUNT",0,0,"Cactus","Plant"
"455","B","1","W","2",176,"PlantBase",6,3.40909090909091,"Plant_Base","Plant"
"456","B","1","W","2",176,"SCWH",0,0,"Cactus","Plant"
"457","B","1","W","2",176,"STCO",0,0,"Perennial_Grass","Plant"
"458","B","1","W","2",176,"TILA",0,0,"Annual_Forb","Plant"
"459","B","1","W","2",176,"Bare",2,1.13636363636364,"Bare_Ground","Abiotic_Cover"
"460","B","1","W","2",176,"Chamber",0,0,"Chamber","Abiotic_Cover"
"461","B","1","W","2",176,"Rock",0,0,"Rock","Abiotic_Cover"
"462","B","1","W","2",176,"ATCO",4,2.27272727272727,"Shrub","Plant"
"463","B","1","W","3",171,"ACHY",2,1.16959064327485,"Perennial_Grass","Plant"
"464","B","1","W","3",171,"ANBR",0,0,"Annual_Forb","Plant"
"465","B","1","W","3",171,"ASAM",0,0,"Annual_Forb","Plant"
"466","B","1","W","3",171,"Bromus",30,17.5438596491228,"Annual_Grass","Plant"
"467","B","1","W","3",171,"CHER",0,0,"Annual_Forb","Plant"
"468","B","1","W","3",171,"CYAC",0,0,"Annual_Forb","Plant"
"469","B","1","W","3",171,"DEAN",0,0,"Annual_Forb","Plant"
"470","B","1","W","3",171,"DEPI",0,0,"Annual_Forb","Plant"
"471","B","1","W","3",171,"Dark",21,12.280701754386,"DkCy","Biocrust"
"472","B","1","W","3",171,"ENFR",0,0,"Annual_Forb","Plant"
"473","B","1","W","3",171,"EPTO",0,0,"Shrub","Plant"
"474","B","1","W","3",171,"ERIN",0,0,"Annual_Forb","Plant"
"475","B","1","W","3",171,"GAPI",0,0,"Annual_Forb","Plant"
"476","B","1","W","3",171,"GIIN",0,0,"Annual_Forb","Plant"
"477","B","1","W","3",171,"GUSA",8,4.67836257309941,"Shrub","Plant"
"478","B","1","W","3",171,"HIJA",3,1.75438596491228,"Perennial_Grass","Plant"
"479","B","1","W","3",171,"LYGR",0,0,"Annual_Forb","Plant"
"480","B","1","W","3",171,"Lichen",1,0.584795321637427,"Lichen","Biocrust"
"481","B","1","W","3",171,"Light",23,13.4502923976608,"LtCy","Biocrust"
"482","B","1","W","3",171,"Litter",55,32.1637426900585,"Litter","Abiotic_Cover"
"483","B","1","W","3",171,"MAAF",0,0,"Annual_Forb","Plant"
"484","B","1","W","3",171,"MACA",0,0,"Annual_Forb","Plant"
"485","B","1","W","3",171,"Moss",0,0,"Moss","Biocrust"
"486","B","1","W","3",171,"OECA",0,0,"Annual_Forb","Plant"
"487","B","1","W","3",171,"OPUNT",0,0,"Cactus","Plant"
"488","B","1","W","3",171,"PlantBase",12,7.01754385964912,"Plant_Base","Plant"
"489","B","1","W","3",171,"SCWH",0,0,"Cactus","Plant"
"490","B","1","W","3",171,"STCO",0,0,"Perennial_Grass","Plant"
"491","B","1","W","3",171,"TILA",0,0,"Annual_Forb","Plant"
"492","B","1","W","3",171,"Bare",0,0,"Bare_Ground","Abiotic_Cover"
"493","B","1","W","3",171,"Chamber",10,5.84795321637427,"Chamber","Abiotic_Cover"
"494","B","1","W","3",171,"Rock",1,0.584795321637427,"Rock","Abiotic_Cover"
"495","B","1","W","3",171,"ATCO",5,2.92397660818713,"Shrub","Plant"
"496","B","1","W","4",192,"ACHY",0,0,"Perennial_Grass","Plant"
"497","B","1","W","4",192,"ANBR",0,0,"Annual_Forb","Plant"
"498","B","1","W","4",192,"ASAM",0,0,"Annual_Forb","Plant"
"499","B","1","W","4",192,"Bromus",38,19.7916666666667,"Annual_Grass","Plant"
"500","B","1","W","4",192,"CHER",0,0,"Annual_Forb","Plant"
"501","B","1","W","4",192,"CYAC",1,0.520833333333333,"Annual_Forb","Plant"
"502","B","1","W","4",192,"DEAN",0,0,"Annual_Forb","Plant"
"503","B","1","W","4",192,"DEPI",0,0,"Annual_Forb","Plant"
"504","B","1","W","4",192,"Dark",20,10.4166666666667,"DkCy","Biocrust"
"505","B","1","W","4",192,"ENFR",0,0,"Annual_Forb","Plant"
"506","B","1","W","4",192,"EPTO",0,0,"Shrub","Plant"
"507","B","1","W","4",192,"ERIN",0,0,"Annual_Forb","Plant"
"508","B","1","W","4",192,"GAPI",0,0,"Annual_Forb","Plant"
"509","B","1","W","4",192,"GIIN",0,0,"Annual_Forb","Plant"
"510","B","1","W","4",192,"GUSA",3,1.5625,"Shrub","Plant"
"511","B","1","W","4",192,"HIJA",5,2.60416666666667,"Perennial_Grass","Plant"
"512","B","1","W","4",192,"LYGR",0,0,"Annual_Forb","Plant"
"513","B","1","W","4",192,"Lichen",4,2.08333333333333,"Lichen","Biocrust"
"514","B","1","W","4",192,"Light",27,14.0625,"LtCy","Biocrust"
"515","B","1","W","4",192,"Litter",68,35.4166666666667,"Litter","Abiotic_Cover"
"516","B","1","W","4",192,"MAAF",0,0,"Annual_Forb","Plant"
"517","B","1","W","4",192,"MACA",0,0,"Annual_Forb","Plant"
"518","B","1","W","4",192,"Moss",0,0,"Moss","Biocrust"
"519","B","1","W","4",192,"OECA",0,0,"Annual_Forb","Plant"
"520","B","1","W","4",192,"OPUNT",0,0,"Cactus","Plant"
"521","B","1","W","4",192,"PlantBase",13,6.77083333333333,"Plant_Base","Plant"
"522","B","1","W","4",192,"SCWH",0,0,"Cactus","Plant"
"523","B","1","W","4",192,"STCO",0,0,"Perennial_Grass","Plant"
"524","B","1","W","4",192,"TILA",0,0,"Annual_Forb","Plant"
"525","B","1","W","4",192,"Bare",0,0,"Bare_Ground","Abiotic_Cover"
"526","B","1","W","4",192,"Chamber",0,0,"Chamber","Abiotic_Cover"
"527","B","1","W","4",192,"Rock",2,1.04166666666667,"Rock","Abiotic_Cover"
"528","B","1","W","4",192,"ATCO",11,5.72916666666667,"Shrub","Plant"
"529","B","2","C","1",196,"ACHY",8,4.08163265306122,"Perennial_Grass","Plant"
"530","B","2","C","1",196,"ANBR",0,0,"Annual_Forb","Plant"
"531","B","2","C","1",196,"ASAM",0,0,"Annual_Forb","Plant"
"532","B","2","C","1",196,"Bromus",48,24.4897959183673,"Annual_Grass","Plant"
"533","B","2","C","1",196,"CHER",0,0,"Annual_Forb","Plant"
"534","B","2","C","1",196,"CYAC",0,0,"Annual_Forb","Plant"
"535","B","2","C","1",196,"DEAN",0,0,"Annual_Forb","Plant"
"536","B","2","C","1",196,"DEPI",0,0,"Annual_Forb","Plant"
"537","B","2","C","1",196,"Dark",0,0,"DkCy","Biocrust"
"538","B","2","C","1",196,"ENFR",0,0,"Annual_Forb","Plant"
"539","B","2","C","1",196,"EPTO",0,0,"Shrub","Plant"
"540","B","2","C","1",196,"ERIN",0,0,"Annual_Forb","Plant"
"541","B","2","C","1",196,"GAPI",0,0,"Annual_Forb","Plant"
"542","B","2","C","1",196,"GIIN",0,0,"Annual_Forb","Plant"
"543","B","2","C","1",196,"GUSA",3,1.53061224489796,"Shrub","Plant"
"544","B","2","C","1",196,"HIJA",6,3.06122448979592,"Perennial_Grass","Plant"
"545","B","2","C","1",196,"LYGR",0,0,"Annual_Forb","Plant"
"546","B","2","C","1",196,"Lichen",7,3.57142857142857,"Lichen","Biocrust"
"547","B","2","C","1",196,"Light",7,3.57142857142857,"LtCy","Biocrust"
"548","B","2","C","1",196,"Litter",96,48.9795918367347,"Litter","Abiotic_Cover"
"549","B","2","C","1",196,"MAAF",0,0,"Annual_Forb","Plant"
"550","B","2","C","1",196,"MACA",0,0,"Annual_Forb","Plant"
"551","B","2","C","1",196,"Moss",15,7.6530612244898,"Moss","Biocrust"
"552","B","2","C","1",196,"OECA",0,0,"Annual_Forb","Plant"
"553","B","2","C","1",196,"OPUNT",0,0,"Cactus","Plant"
"554","B","2","C","1",196,"PlantBase",6,3.06122448979592,"Plant_Base","Plant"
"555","B","2","C","1",196,"SCWH",0,0,"Cactus","Plant"
"556","B","2","C","1",196,"STCO",0,0,"Perennial_Grass","Plant"
"557","B","2","C","1",196,"TILA",0,0,"Annual_Forb","Plant"
"558","B","2","C","1",196,"Bare",0,0,"Bare_Ground","Abiotic_Cover"
"559","B","2","C","1",196,"Chamber",0,0,"Chamber","Abiotic_Cover"
"560","B","2","C","1",196,"Rock",0,0,"Rock","Abiotic_Cover"
"561","B","2","C","1",196,"ATCO",0,0,"Shrub","Plant"
"562","B","2","C","2",166,"ACHY",6,3.6144578313253,"Perennial_Grass","Plant"
"563","B","2","C","2",166,"ANBR",0,0,"Annual_Forb","Plant"
"564","B","2","C","2",166,"ASAM",0,0,"Annual_Forb","Plant"
"565","B","2","C","2",166,"Bromus",23,13.855421686747,"Annual_Grass","Plant"
"566","B","2","C","2",166,"CHER",0,0,"Annual_Forb","Plant"
"567","B","2","C","2",166,"CYAC",0,0,"Annual_Forb","Plant"
"568","B","2","C","2",166,"DEAN",0,0,"Annual_Forb","Plant"
"569","B","2","C","2",166,"DEPI",0,0,"Annual_Forb","Plant"
"570","B","2","C","2",166,"Dark",2,1.20481927710843,"DkCy","Biocrust"
"571","B","2","C","2",166,"ENFR",0,0,"Annual_Forb","Plant"
"572","B","2","C","2",166,"EPTO",0,0,"Shrub","Plant"
"573","B","2","C","2",166,"ERIN",0,0,"Annual_Forb","Plant"
"574","B","2","C","2",166,"GAPI",0,0,"Annual_Forb","Plant"
"575","B","2","C","2",166,"GIIN",0,0,"Annual_Forb","Plant"
"576","B","2","C","2",166,"GUSA",13,7.83132530120482,"Shrub","Plant"
"577","B","2","C","2",166,"HIJA",0,0,"Perennial_Grass","Plant"
"578","B","2","C","2",166,"LYGR",0,0,"Annual_Forb","Plant"
"579","B","2","C","2",166,"Lichen",7,4.21686746987952,"Lichen","Biocrust"
"580","B","2","C","2",166,"Light",10,6.02409638554217,"LtCy","Biocrust"
"581","B","2","C","2",166,"Litter",78,46.9879518072289,"Litter","Abiotic_Cover"
"582","B","2","C","2",166,"MAAF",0,0,"Annual_Forb","Plant"
"583","B","2","C","2",166,"MACA",0,0,"Annual_Forb","Plant"
"584","B","2","C","2",166,"Moss",5,3.01204819277108,"Moss","Biocrust"
"585","B","2","C","2",166,"OECA",0,0,"Annual_Forb","Plant"
"586","B","2","C","2",166,"OPUNT",0,0,"Cactus","Plant"
"587","B","2","C","2",166,"PlantBase",10,6.02409638554217,"Plant_Base","Plant"
"588","B","2","C","2",166,"SCWH",0,0,"Cactus","Plant"
"589","B","2","C","2",166,"STCO",0,0,"Perennial_Grass","Plant"
"590","B","2","C","2",166,"TILA",0,0,"Annual_Forb","Plant"
"591","B","2","C","2",166,"Bare",0,0,"Bare_Ground","Abiotic_Cover"
"592","B","2","C","2",166,"Chamber",0,0,"Chamber","Abiotic_Cover"
"593","B","2","C","2",166,"Rock",0,0,"Rock","Abiotic_Cover"
"594","B","2","C","2",166,"ATCO",12,7.2289156626506,"Shrub","Plant"
"595","B","2","C","3",207,"ACHY",14,6.76328502415459,"Perennial_Grass","Plant"
"596","B","2","C","3",207,"ANBR",0,0,"Annual_Forb","Plant"
"597","B","2","C","3",207,"ASAM",0,0,"Annual_Forb","Plant"
"598","B","2","C","3",207,"Bromus",51,24.6376811594203,"Annual_Grass","Plant"
"599","B","2","C","3",207,"CHER",0,0,"Annual_Forb","Plant"
"600","B","2","C","3",207,"CYAC",0,0,"Annual_Forb","Plant"
"601","B","2","C","3",207,"DEAN",0,0,"Annual_Forb","Plant"
"602","B","2","C","3",207,"DEPI",0,0,"Annual_Forb","Plant"
"603","B","2","C","3",207,"Dark",3,1.44927536231884,"DkCy","Biocrust"
"604","B","2","C","3",207,"ENFR",0,0,"Annual_Forb","Plant"
"605","B","2","C","3",207,"EPTO",0,0,"Shrub","Plant"
"606","B","2","C","3",207,"ERIN",0,0,"Annual_Forb","Plant"
"607","B","2","C","3",207,"GAPI",0,0,"Annual_Forb","Plant"
"608","B","2","C","3",207,"GIIN",0,0,"Annual_Forb","Plant"
"609","B","2","C","3",207,"GUSA",0,0,"Shrub","Plant"
"610","B","2","C","3",207,"HIJA",1,0.483091787439614,"Perennial_Grass","Plant"
"611","B","2","C","3",207,"LYGR",0,0,"Annual_Forb","Plant"
"612","B","2","C","3",207,"Lichen",12,5.79710144927536,"Lichen","Biocrust"
"613","B","2","C","3",207,"Light",20,9.66183574879227,"LtCy","Biocrust"
"614","B","2","C","3",207,"Litter",72,34.7826086956522,"Litter","Abiotic_Cover"
"615","B","2","C","3",207,"MAAF",0,0,"Annual_Forb","Plant"
"616","B","2","C","3",207,"MACA",0,0,"Annual_Forb","Plant"
"617","B","2","C","3",207,"Moss",19,9.17874396135266,"Moss","Biocrust"
"618","B","2","C","3",207,"OECA",0,0,"Annual_Forb","Plant"
"619","B","2","C","3",207,"OPUNT",0,0,"Cactus","Plant"
"620","B","2","C","3",207,"PlantBase",4,1.93236714975845,"Plant_Base","Plant"
"621","B","2","C","3",207,"SCWH",0,0,"Cactus","Plant"
"622","B","2","C","3",207,"STCO",0,0,"Perennial_Grass","Plant"
"623","B","2","C","3",207,"TILA",0,0,"Annual_Forb","Plant"
"624","B","2","C","3",207,"Bare",1,0.483091787439614,"Bare_Ground","Abiotic_Cover"
"625","B","2","C","3",207,"Chamber",9,4.34782608695652,"Chamber","Abiotic_Cover"
"626","B","2","C","3",207,"Rock",1,0.483091787439614,"Rock","Abiotic_Cover"
"627","B","2","C","3",207,"ATCO",0,0,"Shrub","Plant"
"628","B","2","C","4",198,"ACHY",10,5.05050505050505,"Perennial_Grass","Plant"
"629","B","2","C","4",198,"ANBR",0,0,"Annual_Forb","Plant"
"630","B","2","C","4",198,"ASAM",0,0,"Annual_Forb","Plant"
"631","B","2","C","4",198,"Bromus",23,11.6161616161616,"Annual_Grass","Plant"
"632","B","2","C","4",198,"CHER",0,0,"Annual_Forb","Plant"
"633","B","2","C","4",198,"CYAC",0,0,"Annual_Forb","Plant"
"634","B","2","C","4",198,"DEAN",0,0,"Annual_Forb","Plant"
"635","B","2","C","4",198,"DEPI",0,0,"Annual_Forb","Plant"
"636","B","2","C","4",198,"Dark",4,2.02020202020202,"DkCy","Biocrust"
"637","B","2","C","4",198,"ENFR",0,0,"Annual_Forb","Plant"
"638","B","2","C","4",198,"EPTO",0,0,"Shrub","Plant"
"639","B","2","C","4",198,"ERIN",0,0,"Annual_Forb","Plant"
"640","B","2","C","4",198,"GAPI",0,0,"Annual_Forb","Plant"
"641","B","2","C","4",198,"GIIN",0,0,"Annual_Forb","Plant"
"642","B","2","C","4",198,"GUSA",10,5.05050505050505,"Shrub","Plant"
"643","B","2","C","4",198,"HIJA",0,0,"Perennial_Grass","Plant"
"644","B","2","C","4",198,"LYGR",0,0,"Annual_Forb","Plant"
"645","B","2","C","4",198,"Lichen",0,0,"Lichen","Biocrust"
"646","B","2","C","4",198,"Light",32,16.1616161616162,"LtCy","Biocrust"
"647","B","2","C","4",198,"Litter",96,48.4848484848485,"Litter","Abiotic_Cover"
"648","B","2","C","4",198,"MAAF",0,0,"Annual_Forb","Plant"
"649","B","2","C","4",198,"MACA",0,0,"Annual_Forb","Plant"
"650","B","2","C","4",198,"Moss",6,3.03030303030303,"Moss","Biocrust"
"651","B","2","C","4",198,"OECA",0,0,"Annual_Forb","Plant"
"652","B","2","C","4",198,"OPUNT",0,0,"Cactus","Plant"
"653","B","2","C","4",198,"PlantBase",1,0.505050505050505,"Plant_Base","Plant"
"654","B","2","C","4",198,"SCWH",0,0,"Cactus","Plant"
"655","B","2","C","4",198,"STCO",0,0,"Perennial_Grass","Plant"
"656","B","2","C","4",198,"TILA",0,0,"Annual_Forb","Plant"
"657","B","2","C","4",198,"Bare",1,0.505050505050505,"Bare_Ground","Abiotic_Cover"
"658","B","2","C","4",198,"Chamber",0,0,"Chamber","Abiotic_Cover"
"659","B","2","C","4",198,"Rock",0,0,"Rock","Abiotic_Cover"
"660","B","2","C","4",198,"ATCO",15,7.57575757575758,"Shrub","Plant"
"661","B","2","L","1",148,"ACHY",0,0,"Perennial_Grass","Plant"
"662","B","2","L","1",148,"ANBR",0,0,"Annual_Forb","Plant"
"663","B","2","L","1",148,"ASAM",0,0,"Annual_Forb","Plant"
"664","B","2","L","1",148,"Bromus",14,9.45945945945946,"Annual_Grass","Plant"
"665","B","2","L","1",148,"CHER",0,0,"Annual_Forb","Plant"
"666","B","2","L","1",148,"CYAC",0,0,"Annual_Forb","Plant"
"667","B","2","L","1",148,"DEAN",0,0,"Annual_Forb","Plant"
"668","B","2","L","1",148,"DEPI",0,0,"Annual_Forb","Plant"
"669","B","2","L","1",148,"Dark",6,4.05405405405405,"DkCy","Biocrust"
"670","B","2","L","1",148,"ENFR",0,0,"Annual_Forb","Plant"
"671","B","2","L","1",148,"EPTO",0,0,"Shrub","Plant"
"672","B","2","L","1",148,"ERIN",0,0,"Annual_Forb","Plant"
"673","B","2","L","1",148,"GAPI",0,0,"Annual_Forb","Plant"
"674","B","2","L","1",148,"GIIN",0,0,"Annual_Forb","Plant"
"675","B","2","L","1",148,"GUSA",2,1.35135135135135,"Shrub","Plant"
"676","B","2","L","1",148,"HIJA",1,0.675675675675676,"Perennial_Grass","Plant"
"677","B","2","L","1",148,"LYGR",0,0,"Annual_Forb","Plant"
"678","B","2","L","1",148,"Lichen",0,0,"Lichen","Biocrust"
"679","B","2","L","1",148,"Light",14,9.45945945945946,"LtCy","Biocrust"
"680","B","2","L","1",148,"Litter",81,54.7297297297297,"Litter","Abiotic_Cover"
"681","B","2","L","1",148,"MAAF",0,0,"Annual_Forb","Plant"
"682","B","2","L","1",148,"MACA",0,0,"Annual_Forb","Plant"
"683","B","2","L","1",148,"Moss",7,4.72972972972973,"Moss","Biocrust"
"684","B","2","L","1",148,"OECA",0,0,"Annual_Forb","Plant"
"685","B","2","L","1",148,"OPUNT",0,0,"Cactus","Plant"
"686","B","2","L","1",148,"PlantBase",3,2.02702702702703,"Plant_Base","Plant"
"687","B","2","L","1",148,"SCWH",0,0,"Cactus","Plant"
"688","B","2","L","1",148,"STCO",0,0,"Perennial_Grass","Plant"
"689","B","2","L","1",148,"TILA",7,4.72972972972973,"Annual_Forb","Plant"
"690","B","2","L","1",148,"Bare",0,0,"Bare_Ground","Abiotic_Cover"
"691","B","2","L","1",148,"Chamber",0,0,"Chamber","Abiotic_Cover"
"692","B","2","L","1",148,"Rock",13,8.78378378378378,"Rock","Abiotic_Cover"
"693","B","2","L","1",148,"ATCO",0,0,"Shrub","Plant"
"694","B","2","L","2",125,"ACHY",0,0,"Perennial_Grass","Plant"
"695","B","2","L","2",125,"ANBR",0,0,"Annual_Forb","Plant"
"696","B","2","L","2",125,"ASAM",0,0,"Annual_Forb","Plant"
"697","B","2","L","2",125,"Bromus",19,15.2,"Annual_Grass","Plant"
"698","B","2","L","2",125,"CHER",0,0,"Annual_Forb","Plant"
"699","B","2","L","2",125,"CYAC",0,0,"Annual_Forb","Plant"
"700","B","2","L","2",125,"DEAN",0,0,"Annual_Forb","Plant"
"701","B","2","L","2",125,"DEPI",0,0,"Annual_Forb","Plant"
"702","B","2","L","2",125,"Dark",2,1.6,"DkCy","Biocrust"
"703","B","2","L","2",125,"ENFR",0,0,"Annual_Forb","Plant"
"704","B","2","L","2",125,"EPTO",0,0,"Shrub","Plant"
"705","B","2","L","2",125,"ERIN",0,0,"Annual_Forb","Plant"
"706","B","2","L","2",125,"GAPI",0,0,"Annual_Forb","Plant"
"707","B","2","L","2",125,"GIIN",0,0,"Annual_Forb","Plant"
"708","B","2","L","2",125,"GUSA",4,3.2,"Shrub","Plant"
"709","B","2","L","2",125,"HIJA",0,0,"Perennial_Grass","Plant"
"710","B","2","L","2",125,"LYGR",0,0,"Annual_Forb","Plant"
"711","B","2","L","2",125,"Lichen",0,0,"Lichen","Biocrust"
"712","B","2","L","2",125,"Light",9,7.2,"LtCy","Biocrust"
"713","B","2","L","2",125,"Litter",85,68,"Litter","Abiotic_Cover"
"714","B","2","L","2",125,"MAAF",0,0,"Annual_Forb","Plant"
"715","B","2","L","2",125,"MACA",0,0,"Annual_Forb","Plant"
"716","B","2","L","2",125,"Moss",3,2.4,"Moss","Biocrust"
"717","B","2","L","2",125,"OECA",0,0,"Annual_Forb","Plant"
"718","B","2","L","2",125,"OPUNT",0,0,"Cactus","Plant"
"719","B","2","L","2",125,"PlantBase",0,0,"Plant_Base","Plant"
"720","B","2","L","2",125,"SCWH",0,0,"Cactus","Plant"
"721","B","2","L","2",125,"STCO",0,0,"Perennial_Grass","Plant"
"722","B","2","L","2",125,"TILA",0,0,"Annual_Forb","Plant"
"723","B","2","L","2",125,"Bare",0,0,"Bare_Ground","Abiotic_Cover"
"724","B","2","L","2",125,"Chamber",0,0,"Chamber","Abiotic_Cover"
"725","B","2","L","2",125,"Rock",3,2.4,"Rock","Abiotic_Cover"
"726","B","2","L","2",125,"ATCO",0,0,"Shrub","Plant"
"727","B","2","L","3",152,"ACHY",0,0,"Perennial_Grass","Plant"
"728","B","2","L","3",152,"ANBR",0,0,"Annual_Forb","Plant"
"729","B","2","L","3",152,"ASAM",0,0,"Annual_Forb","Plant"
"730","B","2","L","3",152,"Bromus",22,14.4736842105263,"Annual_Grass","Plant"
"731","B","2","L","3",152,"CHER",0,0,"Annual_Forb","Plant"
"732","B","2","L","3",152,"CYAC",0,0,"Annual_Forb","Plant"
"733","B","2","L","3",152,"DEAN",0,0,"Annual_Forb","Plant"
"734","B","2","L","3",152,"DEPI",0,0,"Annual_Forb","Plant"
"735","B","2","L","3",152,"Dark",4,2.63157894736842,"DkCy","Biocrust"
"736","B","2","L","3",152,"ENFR",0,0,"Annual_Forb","Plant"
"737","B","2","L","3",152,"EPTO",0,0,"Shrub","Plant"
"738","B","2","L","3",152,"ERIN",0,0,"Annual_Forb","Plant"
"739","B","2","L","3",152,"GAPI",0,0,"Annual_Forb","Plant"
"740","B","2","L","3",152,"GIIN",0,0,"Annual_Forb","Plant"
"741","B","2","L","3",152,"GUSA",2,1.31578947368421,"Shrub","Plant"
"742","B","2","L","3",152,"HIJA",6,3.94736842105263,"Perennial_Grass","Plant"
"743","B","2","L","3",152,"LYGR",0,0,"Annual_Forb","Plant"
"744","B","2","L","3",152,"Lichen",3,1.97368421052632,"Lichen","Biocrust"
"745","B","2","L","3",152,"Light",16,10.5263157894737,"LtCy","Biocrust"
"746","B","2","L","3",152,"Litter",69,45.3947368421053,"Litter","Abiotic_Cover"
"747","B","2","L","3",152,"MAAF",0,0,"Annual_Forb","Plant"
"748","B","2","L","3",152,"MACA",0,0,"Annual_Forb","Plant"
"749","B","2","L","3",152,"Moss",5,3.28947368421053,"Moss","Biocrust"
"750","B","2","L","3",152,"OECA",0,0,"Annual_Forb","Plant"
"751","B","2","L","3",152,"OPUNT",0,0,"Cactus","Plant"
"752","B","2","L","3",152,"PlantBase",4,2.63157894736842,"Plant_Base","Plant"
"753","B","2","L","3",152,"SCWH",0,0,"Cactus","Plant"
"754","B","2","L","3",152,"STCO",0,0,"Perennial_Grass","Plant"
"755","B","2","L","3",152,"TILA",0,0,"Annual_Forb","Plant"
"756","B","2","L","3",152,"Bare",1,0.657894736842105,"Bare_Ground","Abiotic_Cover"
"757","B","2","L","3",152,"Chamber",11,7.23684210526316,"Chamber","Abiotic_Cover"
"758","B","2","L","3",152,"Rock",9,5.92105263157895,"Rock","Abiotic_Cover"
"759","B","2","L","3",152,"ATCO",0,0,"Shrub","Plant"
"760","B","2","L","4",163,"ACHY",4,2.45398773006135,"Perennial_Grass","Plant"
"761","B","2","L","4",163,"ANBR",0,0,"Annual_Forb","Plant"
"762","B","2","L","4",163,"ASAM",0,0,"Annual_Forb","Plant"
"763","B","2","L","4",163,"Bromus",17,10.4294478527607,"Annual_Grass","Plant"
"764","B","2","L","4",163,"CHER",0,0,"Annual_Forb","Plant"
"765","B","2","L","4",163,"CYAC",0,0,"Annual_Forb","Plant"
"766","B","2","L","4",163,"DEAN",0,0,"Annual_Forb","Plant"
"767","B","2","L","4",163,"DEPI",0,0,"Annual_Forb","Plant"
"768","B","2","L","4",163,"Dark",2,1.22699386503067,"DkCy","Biocrust"
"769","B","2","L","4",163,"ENFR",0,0,"Annual_Forb","Plant"
"770","B","2","L","4",163,"EPTO",0,0,"Shrub","Plant"
"771","B","2","L","4",163,"ERIN",0,0,"Annual_Forb","Plant"
"772","B","2","L","4",163,"GAPI",0,0,"Annual_Forb","Plant"
"773","B","2","L","4",163,"GIIN",0,0,"Annual_Forb","Plant"
"774","B","2","L","4",163,"GUSA",6,3.68098159509202,"Shrub","Plant"
"775","B","2","L","4",163,"HIJA",0,0,"Perennial_Grass","Plant"
"776","B","2","L","4",163,"LYGR",0,0,"Annual_Forb","Plant"
"777","B","2","L","4",163,"Lichen",0,0,"Lichen","Biocrust"
"778","B","2","L","4",163,"Light",33,20.2453987730061,"LtCy","Biocrust"
"779","B","2","L","4",163,"Litter",91,55.8282208588957,"Litter","Abiotic_Cover"
"780","B","2","L","4",163,"MAAF",0,0,"Annual_Forb","Plant"
"781","B","2","L","4",163,"MACA",0,0,"Annual_Forb","Plant"
"782","B","2","L","4",163,"Moss",2,1.22699386503067,"Moss","Biocrust"
"783","B","2","L","4",163,"OECA",0,0,"Annual_Forb","Plant"
"784","B","2","L","4",163,"OPUNT",0,0,"Cactus","Plant"
"785","B","2","L","4",163,"PlantBase",1,0.613496932515337,"Plant_Base","Plant"
"786","B","2","L","4",163,"SCWH",0,0,"Cactus","Plant"
"787","B","2","L","4",163,"STCO",0,0,"Perennial_Grass","Plant"
"788","B","2","L","4",163,"TILA",0,0,"Annual_Forb","Plant"
"789","B","2","L","4",163,"Bare",0,0,"Bare_Ground","Abiotic_Cover"
"790","B","2","L","4",163,"Chamber",0,0,"Chamber","Abiotic_Cover"
"791","B","2","L","4",163,"Rock",7,4.29447852760736,"Rock","Abiotic_Cover"
"792","B","2","L","4",163,"ATCO",0,0,"Shrub","Plant"
"793","B","2","LW","1",147,"ACHY",0,0,"Perennial_Grass","Plant"
"794","B","2","LW","1",147,"ANBR",1,0.680272108843537,"Annual_Forb","Plant"
"795","B","2","LW","1",147,"ASAM",0,0,"Annual_Forb","Plant"
"796","B","2","LW","1",147,"Bromus",19,12.9251700680272,"Annual_Grass","Plant"
"797","B","2","LW","1",147,"CHER",0,0,"Annual_Forb","Plant"
"798","B","2","LW","1",147,"CYAC",0,0,"Annual_Forb","Plant"
"799","B","2","LW","1",147,"DEAN",0,0,"Annual_Forb","Plant"
"800","B","2","LW","1",147,"DEPI",0,0,"Annual_Forb","Plant"
"801","B","2","LW","1",147,"Dark",5,3.40136054421769,"DkCy","Biocrust"
"802","B","2","LW","1",147,"ENFR",0,0,"Annual_Forb","Plant"
"803","B","2","LW","1",147,"EPTO",0,0,"Shrub","Plant"
"804","B","2","LW","1",147,"ERIN",0,0,"Annual_Forb","Plant"
"805","B","2","LW","1",147,"GAPI",0,0,"Annual_Forb","Plant"
"806","B","2","LW","1",147,"GIIN",0,0,"Annual_Forb","Plant"
"807","B","2","LW","1",147,"GUSA",2,1.36054421768707,"Shrub","Plant"
"808","B","2","LW","1",147,"HIJA",0,0,"Perennial_Grass","Plant"
"809","B","2","LW","1",147,"LYGR",0,0,"Annual_Forb","Plant"
"810","B","2","LW","1",147,"Lichen",1,0.680272108843537,"Lichen","Biocrust"
"811","B","2","LW","1",147,"Light",37,25.1700680272109,"LtCy","Biocrust"
"812","B","2","LW","1",147,"Litter",69,46.9387755102041,"Litter","Abiotic_Cover"
"813","B","2","LW","1",147,"MAAF",0,0,"Annual_Forb","Plant"
"814","B","2","LW","1",147,"MACA",6,4.08163265306122,"Annual_Forb","Plant"
"815","B","2","LW","1",147,"Moss",0,0,"Moss","Biocrust"
"816","B","2","LW","1",147,"OECA",0,0,"Annual_Forb","Plant"
"817","B","2","LW","1",147,"OPUNT",0,0,"Cactus","Plant"
"818","B","2","LW","1",147,"PlantBase",0,0,"Plant_Base","Plant"
"819","B","2","LW","1",147,"SCWH",0,0,"Cactus","Plant"
"820","B","2","LW","1",147,"STCO",0,0,"Perennial_Grass","Plant"
"821","B","2","LW","1",147,"TILA",0,0,"Annual_Forb","Plant"
"822","B","2","LW","1",147,"Bare",0,0,"Bare_Ground","Abiotic_Cover"
"823","B","2","LW","1",147,"Chamber",0,0,"Chamber","Abiotic_Cover"
"824","B","2","LW","1",147,"Rock",6,4.08163265306122,"Rock","Abiotic_Cover"
"825","B","2","LW","1",147,"ATCO",1,0.680272108843537,"Shrub","Plant"
"826","B","2","LW","2",169,"ACHY",0,0,"Perennial_Grass","Plant"
"827","B","2","LW","2",169,"ANBR",0,0,"Annual_Forb","Plant"
"828","B","2","LW","2",169,"ASAM",0,0,"Annual_Forb","Plant"
"829","B","2","LW","2",169,"Bromus",38,22.4852071005917,"Annual_Grass","Plant"
"830","B","2","LW","2",169,"CHER",0,0,"Annual_Forb","Plant"
"831","B","2","LW","2",169,"CYAC",0,0,"Annual_Forb","Plant"
"832","B","2","LW","2",169,"DEAN",0,0,"Annual_Forb","Plant"
"833","B","2","LW","2",169,"DEPI",0,0,"Annual_Forb","Plant"
"834","B","2","LW","2",169,"Dark",1,0.591715976331361,"DkCy","Biocrust"
"835","B","2","LW","2",169,"ENFR",0,0,"Annual_Forb","Plant"
"836","B","2","LW","2",169,"EPTO",0,0,"Shrub","Plant"
"837","B","2","LW","2",169,"ERIN",0,0,"Annual_Forb","Plant"
"838","B","2","LW","2",169,"GAPI",0,0,"Annual_Forb","Plant"
"839","B","2","LW","2",169,"GIIN",0,0,"Annual_Forb","Plant"
"840","B","2","LW","2",169,"GUSA",0,0,"Shrub","Plant"
"841","B","2","LW","2",169,"HIJA",1,0.591715976331361,"Perennial_Grass","Plant"
"842","B","2","LW","2",169,"LYGR",0,0,"Annual_Forb","Plant"
"843","B","2","LW","2",169,"Lichen",0,0,"Lichen","Biocrust"
"844","B","2","LW","2",169,"Light",47,27.810650887574,"LtCy","Biocrust"
"845","B","2","LW","2",169,"Litter",57,33.7278106508876,"Litter","Abiotic_Cover"
"846","B","2","LW","2",169,"MAAF",0,0,"Annual_Forb","Plant"
"847","B","2","LW","2",169,"MACA",0,0,"Annual_Forb","Plant"
"848","B","2","LW","2",169,"Moss",0,0,"Moss","Biocrust"
"849","B","2","LW","2",169,"OECA",0,0,"Annual_Forb","Plant"
"850","B","2","LW","2",169,"OPUNT",0,0,"Cactus","Plant"
"851","B","2","LW","2",169,"PlantBase",6,3.55029585798817,"Plant_Base","Plant"
"852","B","2","LW","2",169,"SCWH",8,4.73372781065089,"Cactus","Plant"
"853","B","2","LW","2",169,"STCO",0,0,"Perennial_Grass","Plant"
"854","B","2","LW","2",169,"TILA",0,0,"Annual_Forb","Plant"
"855","B","2","LW","2",169,"Bare",0,0,"Bare_Ground","Abiotic_Cover"
"856","B","2","LW","2",169,"Chamber",0,0,"Chamber","Abiotic_Cover"
"857","B","2","LW","2",169,"Rock",10,5.91715976331361,"Rock","Abiotic_Cover"
"858","B","2","LW","2",169,"ATCO",1,0.591715976331361,"Shrub","Plant"
"859","B","2","LW","3",155,"ACHY",1,0.645161290322581,"Perennial_Grass","Plant"
"860","B","2","LW","3",155,"ANBR",0,0,"Annual_Forb","Plant"
"861","B","2","LW","3",155,"ASAM",0,0,"Annual_Forb","Plant"
"862","B","2","LW","3",155,"Bromus",17,10.9677419354839,"Annual_Grass","Plant"
"863","B","2","LW","3",155,"CHER",0,0,"Annual_Forb","Plant"
"864","B","2","LW","3",155,"CYAC",0,0,"Annual_Forb","Plant"
"865","B","2","LW","3",155,"DEAN",0,0,"Annual_Forb","Plant"
"866","B","2","LW","3",155,"DEPI",0,0,"Annual_Forb","Plant"
"867","B","2","LW","3",155,"Dark",1,0.645161290322581,"DkCy","Biocrust"
"868","B","2","LW","3",155,"ENFR",0,0,"Annual_Forb","Plant"
"869","B","2","LW","3",155,"EPTO",0,0,"Shrub","Plant"
"870","B","2","LW","3",155,"ERIN",0,0,"Annual_Forb","Plant"
"871","B","2","LW","3",155,"GAPI",0,0,"Annual_Forb","Plant"
"872","B","2","LW","3",155,"GIIN",0,0,"Annual_Forb","Plant"
"873","B","2","LW","3",155,"GUSA",0,0,"Shrub","Plant"
"874","B","2","LW","3",155,"HIJA",2,1.29032258064516,"Perennial_Grass","Plant"
"875","B","2","LW","3",155,"LYGR",0,0,"Annual_Forb","Plant"
"876","B","2","LW","3",155,"Lichen",0,0,"Lichen","Biocrust"
"877","B","2","LW","3",155,"Light",60,38.7096774193548,"LtCy","Biocrust"
"878","B","2","LW","3",155,"Litter",42,27.0967741935484,"Litter","Abiotic_Cover"
"879","B","2","LW","3",155,"MAAF",0,0,"Annual_Forb","Plant"
"880","B","2","LW","3",155,"MACA",0,0,"Annual_Forb","Plant"
"881","B","2","LW","3",155,"Moss",0,0,"Moss","Biocrust"
"882","B","2","LW","3",155,"OECA",0,0,"Annual_Forb","Plant"
"883","B","2","LW","3",155,"OPUNT",0,0,"Cactus","Plant"
"884","B","2","LW","3",155,"PlantBase",4,2.58064516129032,"Plant_Base","Plant"
"885","B","2","LW","3",155,"SCWH",0,0,"Cactus","Plant"
"886","B","2","LW","3",155,"STCO",0,0,"Perennial_Grass","Plant"
"887","B","2","LW","3",155,"TILA",0,0,"Annual_Forb","Plant"
"888","B","2","LW","3",155,"Bare",0,0,"Bare_Ground","Abiotic_Cover"
"889","B","2","LW","3",155,"Chamber",12,7.74193548387097,"Chamber","Abiotic_Cover"
"890","B","2","LW","3",155,"Rock",14,9.03225806451613,"Rock","Abiotic_Cover"
"891","B","2","LW","3",155,"ATCO",2,1.29032258064516,"Shrub","Plant"
"892","B","2","LW","4",162,"ACHY",0,0,"Perennial_Grass","Plant"
"893","B","2","LW","4",162,"ANBR",0,0,"Annual_Forb","Plant"
"894","B","2","LW","4",162,"ASAM",0,0,"Annual_Forb","Plant"
"895","B","2","LW","4",162,"Bromus",24,14.8148148148148,"Annual_Grass","Plant"
"896","B","2","LW","4",162,"CHER",0,0,"Annual_Forb","Plant"
"897","B","2","LW","4",162,"CYAC",1,0.617283950617284,"Annual_Forb","Plant"
"898","B","2","LW","4",162,"DEAN",0,0,"Annual_Forb","Plant"
"899","B","2","LW","4",162,"DEPI",0,0,"Annual_Forb","Plant"
"900","B","2","LW","4",162,"Dark",2,1.23456790123457,"DkCy","Biocrust"
"901","B","2","LW","4",162,"ENFR",0,0,"Annual_Forb","Plant"
"902","B","2","LW","4",162,"EPTO",0,0,"Shrub","Plant"
"903","B","2","LW","4",162,"ERIN",0,0,"Annual_Forb","Plant"
"904","B","2","LW","4",162,"GAPI",0,0,"Annual_Forb","Plant"
"905","B","2","LW","4",162,"GIIN",0,0,"Annual_Forb","Plant"
"906","B","2","LW","4",162,"GUSA",0,0,"Shrub","Plant"
"907","B","2","LW","4",162,"HIJA",7,4.32098765432099,"Perennial_Grass","Plant"
"908","B","2","LW","4",162,"LYGR",0,0,"Annual_Forb","Plant"
"909","B","2","LW","4",162,"Lichen",0,0,"Lichen","Biocrust"
"910","B","2","LW","4",162,"Light",47,29.0123456790123,"LtCy","Biocrust"
"911","B","2","LW","4",162,"Litter",57,35.1851851851852,"Litter","Abiotic_Cover"
"912","B","2","LW","4",162,"MAAF",0,0,"Annual_Forb","Plant"
"913","B","2","LW","4",162,"MACA",0,0,"Annual_Forb","Plant"
"914","B","2","LW","4",162,"Moss",0,0,"Moss","Biocrust"
"915","B","2","LW","4",162,"OECA",4,2.46913580246914,"Annual_Forb","Plant"
"916","B","2","LW","4",162,"OPUNT",0,0,"Cactus","Plant"
"917","B","2","LW","4",162,"PlantBase",6,3.7037037037037,"Plant_Base","Plant"
"918","B","2","LW","4",162,"SCWH",0,0,"Cactus","Plant"
"919","B","2","LW","4",162,"STCO",0,0,"Perennial_Grass","Plant"
"920","B","2","LW","4",162,"TILA",0,0,"Annual_Forb","Plant"
"921","B","2","LW","4",162,"Bare",0,0,"Bare_Ground","Abiotic_Cover"
"922","B","2","LW","4",162,"Chamber",0,0,"Chamber","Abiotic_Cover"
"923","B","2","LW","4",162,"Rock",14,8.64197530864197,"Rock","Abiotic_Cover"
"924","B","2","LW","4",162,"ATCO",0,0,"Shrub","Plant"
"925","B","2","W","1",168,"ACHY",4,2.38095238095238,"Perennial_Grass","Plant"
"926","B","2","W","1",168,"ANBR",0,0,"Annual_Forb","Plant"
"927","B","2","W","1",168,"ASAM",0,0,"Annual_Forb","Plant"
"928","B","2","W","1",168,"Bromus",24,14.2857142857143,"Annual_Grass","Plant"
"929","B","2","W","1",168,"CHER",0,0,"Annual_Forb","Plant"
"930","B","2","W","1",168,"CYAC",0,0,"Annual_Forb","Plant"
"931","B","2","W","1",168,"DEAN",0,0,"Annual_Forb","Plant"
"932","B","2","W","1",168,"DEPI",0,0,"Annual_Forb","Plant"
"933","B","2","W","1",168,"Dark",12,7.14285714285714,"DkCy","Biocrust"
"934","B","2","W","1",168,"ENFR",0,0,"Annual_Forb","Plant"
"935","B","2","W","1",168,"EPTO",0,0,"Shrub","Plant"
"936","B","2","W","1",168,"ERIN",0,0,"Annual_Forb","Plant"
"937","B","2","W","1",168,"GAPI",0,0,"Annual_Forb","Plant"
"938","B","2","W","1",168,"GIIN",0,0,"Annual_Forb","Plant"
"939","B","2","W","1",168,"GUSA",6,3.57142857142857,"Shrub","Plant"
"940","B","2","W","1",168,"HIJA",10,5.95238095238095,"Perennial_Grass","Plant"
"941","B","2","W","1",168,"LYGR",0,0,"Annual_Forb","Plant"
"942","B","2","W","1",168,"Lichen",5,2.97619047619048,"Lichen","Biocrust"
"943","B","2","W","1",168,"Light",10,5.95238095238095,"LtCy","Biocrust"
"944","B","2","W","1",168,"Litter",84,50,"Litter","Abiotic_Cover"
"945","B","2","W","1",168,"MAAF",0,0,"Annual_Forb","Plant"
"946","B","2","W","1",168,"MACA",0,0,"Annual_Forb","Plant"
"947","B","2","W","1",168,"Moss",7,4.16666666666667,"Moss","Biocrust"
"948","B","2","W","1",168,"OECA",0,0,"Annual_Forb","Plant"
"949","B","2","W","1",168,"OPUNT",0,0,"Cactus","Plant"
"950","B","2","W","1",168,"PlantBase",4,2.38095238095238,"Plant_Base","Plant"
"951","B","2","W","1",168,"SCWH",0,0,"Cactus","Plant"
"952","B","2","W","1",168,"STCO",0,0,"Perennial_Grass","Plant"
"953","B","2","W","1",168,"TILA",0,0,"Annual_Forb","Plant"
"954","B","2","W","1",168,"Bare",0,0,"Bare_Ground","Abiotic_Cover"
"955","B","2","W","1",168,"Chamber",0,0,"Chamber","Abiotic_Cover"
"956","B","2","W","1",168,"Rock",0,0,"Rock","Abiotic_Cover"
"957","B","2","W","1",168,"ATCO",2,1.19047619047619,"Shrub","Plant"
"958","B","2","W","2",149,"ACHY",3,2.01342281879195,"Perennial_Grass","Plant"
"959","B","2","W","2",149,"ANBR",0,0,"Annual_Forb","Plant"
"960","B","2","W","2",149,"ASAM",0,0,"Annual_Forb","Plant"
"961","B","2","W","2",149,"Bromus",30,20.1342281879195,"Annual_Grass","Plant"
"962","B","2","W","2",149,"CHER",0,0,"Annual_Forb","Plant"
"963","B","2","W","2",149,"CYAC",0,0,"Annual_Forb","Plant"
"964","B","2","W","2",149,"DEAN",0,0,"Annual_Forb","Plant"
"965","B","2","W","2",149,"DEPI",0,0,"Annual_Forb","Plant"
"966","B","2","W","2",149,"Dark",14,9.39597315436242,"DkCy","Biocrust"
"967","B","2","W","2",149,"ENFR",0,0,"Annual_Forb","Plant"
"968","B","2","W","2",149,"EPTO",0,0,"Shrub","Plant"
"969","B","2","W","2",149,"ERIN",0,0,"Annual_Forb","Plant"
"970","B","2","W","2",149,"GAPI",0,0,"Annual_Forb","Plant"
"971","B","2","W","2",149,"GIIN",0,0,"Annual_Forb","Plant"
"972","B","2","W","2",149,"GUSA",1,0.671140939597315,"Shrub","Plant"
"973","B","2","W","2",149,"HIJA",0,0,"Perennial_Grass","Plant"
"974","B","2","W","2",149,"LYGR",0,0,"Annual_Forb","Plant"
"975","B","2","W","2",149,"Lichen",0,0,"Lichen","Biocrust"
"976","B","2","W","2",149,"Light",4,2.68456375838926,"LtCy","Biocrust"
"977","B","2","W","2",149,"Litter",91,61.0738255033557,"Litter","Abiotic_Cover"
"978","B","2","W","2",149,"MAAF",0,0,"Annual_Forb","Plant"
"979","B","2","W","2",149,"MACA",0,0,"Annual_Forb","Plant"
"980","B","2","W","2",149,"Moss",2,1.34228187919463,"Moss","Biocrust"
"981","B","2","W","2",149,"OECA",0,0,"Annual_Forb","Plant"
"982","B","2","W","2",149,"OPUNT",0,0,"Cactus","Plant"
"983","B","2","W","2",149,"PlantBase",0,0,"Plant_Base","Plant"
"984","B","2","W","2",149,"SCWH",0,0,"Cactus","Plant"
"985","B","2","W","2",149,"STCO",0,0,"Perennial_Grass","Plant"
"986","B","2","W","2",149,"TILA",0,0,"Annual_Forb","Plant"
"987","B","2","W","2",149,"Bare",0,0,"Bare_Ground","Abiotic_Cover"
"988","B","2","W","2",149,"Chamber",0,0,"Chamber","Abiotic_Cover"
"989","B","2","W","2",149,"Rock",2,1.34228187919463,"Rock","Abiotic_Cover"
"990","B","2","W","2",149,"ATCO",2,1.34228187919463,"Shrub","Plant"
"991","B","2","W","3",171,"ACHY",5,2.92397660818713,"Perennial_Grass","Plant"
"992","B","2","W","3",171,"ANBR",0,0,"Annual_Forb","Plant"
"993","B","2","W","3",171,"ASAM",0,0,"Annual_Forb","Plant"
"994","B","2","W","3",171,"Bromus",24,14.0350877192982,"Annual_Grass","Plant"
"995","B","2","W","3",171,"CHER",0,0,"Annual_Forb","Plant"
"996","B","2","W","3",171,"CYAC",0,0,"Annual_Forb","Plant"
"997","B","2","W","3",171,"DEAN",0,0,"Annual_Forb","Plant"
"998","B","2","W","3",171,"DEPI",0,0,"Annual_Forb","Plant"
"999","B","2","W","3",171,"Dark",24,14.0350877192982,"DkCy","Biocrust"
"1000","B","2","W","3",171,"ENFR",0,0,"Annual_Forb","Plant"
"1001","B","2","W","3",171,"EPTO",0,0,"Shrub","Plant"
"1002","B","2","W","3",171,"ERIN",0,0,"Annual_Forb","Plant"
"1003","B","2","W","3",171,"GAPI",0,0,"Annual_Forb","Plant"
"1004","B","2","W","3",171,"GIIN",1,0.584795321637427,"Annual_Forb","Plant"
"1005","B","2","W","3",171,"GUSA",7,4.09356725146199,"Shrub","Plant"
"1006","B","2","W","3",171,"HIJA",8,4.67836257309941,"Perennial_Grass","Plant"
"1007","B","2","W","3",171,"LYGR",0,0,"Annual_Forb","Plant"
"1008","B","2","W","3",171,"Lichen",1,0.584795321637427,"Lichen","Biocrust"
"1009","B","2","W","3",171,"Light",14,8.18713450292398,"LtCy","Biocrust"
"1010","B","2","W","3",171,"Litter",60,35.0877192982456,"Litter","Abiotic_Cover"
"1011","B","2","W","3",171,"MAAF",0,0,"Annual_Forb","Plant"
"1012","B","2","W","3",171,"MACA",0,0,"Annual_Forb","Plant"
"1013","B","2","W","3",171,"Moss",0,0,"Moss","Biocrust"
"1014","B","2","W","3",171,"OECA",0,0,"Annual_Forb","Plant"
"1015","B","2","W","3",171,"OPUNT",0,0,"Cactus","Plant"
"1016","B","2","W","3",171,"PlantBase",10,5.84795321637427,"Plant_Base","Plant"
"1017","B","2","W","3",171,"SCWH",0,0,"Cactus","Plant"
"1018","B","2","W","3",171,"STCO",0,0,"Perennial_Grass","Plant"
"1019","B","2","W","3",171,"TILA",0,0,"Annual_Forb","Plant"
"1020","B","2","W","3",171,"Bare",0,0,"Bare_Ground","Abiotic_Cover"
"1021","B","2","W","3",171,"Chamber",12,7.01754385964912,"Chamber","Abiotic_Cover"
"1022","B","2","W","3",171,"Rock",4,2.33918128654971,"Rock","Abiotic_Cover"
"1023","B","2","W","3",171,"ATCO",1,0.584795321637427,"Shrub","Plant"
"1024","B","2","W","4",180,"ACHY",18,10,"Perennial_Grass","Plant"
"1025","B","2","W","4",180,"ANBR",0,0,"Annual_Forb","Plant"
"1026","B","2","W","4",180,"ASAM",0,0,"Annual_Forb","Plant"
"1027","B","2","W","4",180,"Bromus",21,11.6666666666667,"Annual_Grass","Plant"
"1028","B","2","W","4",180,"CHER",0,0,"Annual_Forb","Plant"
"1029","B","2","W","4",180,"CYAC",0,0,"Annual_Forb","Plant"
"1030","B","2","W","4",180,"DEAN",1,0.555555555555556,"Annual_Forb","Plant"
"1031","B","2","W","4",180,"DEPI",0,0,"Annual_Forb","Plant"
"1032","B","2","W","4",180,"Dark",18,10,"DkCy","Biocrust"
"1033","B","2","W","4",180,"ENFR",0,0,"Annual_Forb","Plant"
"1034","B","2","W","4",180,"EPTO",0,0,"Shrub","Plant"
"1035","B","2","W","4",180,"ERIN",0,0,"Annual_Forb","Plant"
"1036","B","2","W","4",180,"GAPI",0,0,"Annual_Forb","Plant"
"1037","B","2","W","4",180,"GIIN",0,0,"Annual_Forb","Plant"
"1038","B","2","W","4",180,"GUSA",4,2.22222222222222,"Shrub","Plant"
"1039","B","2","W","4",180,"HIJA",4,2.22222222222222,"Perennial_Grass","Plant"
"1040","B","2","W","4",180,"LYGR",0,0,"Annual_Forb","Plant"
"1041","B","2","W","4",180,"Lichen",0,0,"Lichen","Biocrust"
"1042","B","2","W","4",180,"Light",21,11.6666666666667,"LtCy","Biocrust"
"1043","B","2","W","4",180,"Litter",81,45,"Litter","Abiotic_Cover"
"1044","B","2","W","4",180,"MAAF",0,0,"Annual_Forb","Plant"
"1045","B","2","W","4",180,"MACA",0,0,"Annual_Forb","Plant"
"1046","B","2","W","4",180,"Moss",1,0.555555555555556,"Moss","Biocrust"
"1047","B","2","W","4",180,"OECA",0,0,"Annual_Forb","Plant"
"1048","B","2","W","4",180,"OPUNT",0,0,"Cactus","Plant"
"1049","B","2","W","4",180,"PlantBase",4,2.22222222222222,"Plant_Base","Plant"
"1050","B","2","W","4",180,"SCWH",0,0,"Cactus","Plant"
"1051","B","2","W","4",180,"STCO",0,0,"Perennial_Grass","Plant"
"1052","B","2","W","4",180,"TILA",0,0,"Annual_Forb","Plant"
"1053","B","2","W","4",180,"Bare",0,0,"Bare_Ground","Abiotic_Cover"
"1054","B","2","W","4",180,"Chamber",0,0,"Chamber","Abiotic_Cover"
"1055","B","2","W","4",180,"Rock",7,3.88888888888889,"Rock","Abiotic_Cover"
"1056","B","2","W","4",180,"ATCO",0,0,"Shrub","Plant"
"1057","B","3","C","1",170,"ACHY",14,8.23529411764706,"Perennial_Grass","Plant"
"1058","B","3","C","1",170,"ANBR",0,0,"Annual_Forb","Plant"
"1059","B","3","C","1",170,"ASAM",0,0,"Annual_Forb","Plant"
"1060","B","3","C","1",170,"Bromus",31,18.2352941176471,"Annual_Grass","Plant"
"1061","B","3","C","1",170,"CHER",0,0,"Annual_Forb","Plant"
"1062","B","3","C","1",170,"CYAC",0,0,"Annual_Forb","Plant"
"1063","B","3","C","1",170,"DEAN",0,0,"Annual_Forb","Plant"
"1064","B","3","C","1",170,"DEPI",0,0,"Annual_Forb","Plant"
"1065","B","3","C","1",170,"Dark",0,0,"DkCy","Biocrust"
"1066","B","3","C","1",170,"ENFR",0,0,"Annual_Forb","Plant"
"1067","B","3","C","1",170,"EPTO",0,0,"Shrub","Plant"
"1068","B","3","C","1",170,"ERIN",0,0,"Annual_Forb","Plant"
"1069","B","3","C","1",170,"GAPI",0,0,"Annual_Forb","Plant"
"1070","B","3","C","1",170,"GIIN",0,0,"Annual_Forb","Plant"
"1071","B","3","C","1",170,"GUSA",0,0,"Shrub","Plant"
"1072","B","3","C","1",170,"HIJA",7,4.11764705882353,"Perennial_Grass","Plant"
"1073","B","3","C","1",170,"LYGR",0,0,"Annual_Forb","Plant"
"1074","B","3","C","1",170,"Lichen",4,2.35294117647059,"Lichen","Biocrust"
"1075","B","3","C","1",170,"Light",7,4.11764705882353,"LtCy","Biocrust"
"1076","B","3","C","1",170,"Litter",85,50,"Litter","Abiotic_Cover"
"1077","B","3","C","1",170,"MAAF",0,0,"Annual_Forb","Plant"
"1078","B","3","C","1",170,"MACA",0,0,"Annual_Forb","Plant"
"1079","B","3","C","1",170,"Moss",12,7.05882352941176,"Moss","Biocrust"
"1080","B","3","C","1",170,"OECA",0,0,"Annual_Forb","Plant"
"1081","B","3","C","1",170,"OPUNT",0,0,"Cactus","Plant"
"1082","B","3","C","1",170,"PlantBase",7,4.11764705882353,"Plant_Base","Plant"
"1083","B","3","C","1",170,"SCWH",0,0,"Cactus","Plant"
"1084","B","3","C","1",170,"STCO",0,0,"Perennial_Grass","Plant"
"1085","B","3","C","1",170,"TILA",0,0,"Annual_Forb","Plant"
"1086","B","3","C","1",170,"Bare",0,0,"Bare_Ground","Abiotic_Cover"
"1087","B","3","C","1",170,"Chamber",0,0,"Chamber","Abiotic_Cover"
"1088","B","3","C","1",170,"Rock",0,0,"Rock","Abiotic_Cover"
"1089","B","3","C","1",170,"ATCO",3,1.76470588235294,"Shrub","Plant"
"1090","B","3","C","2",179,"ACHY",2,1.11731843575419,"Perennial_Grass","Plant"
"1091","B","3","C","2",179,"ANBR",0,0,"Annual_Forb","Plant"
"1092","B","3","C","2",179,"ASAM",0,0,"Annual_Forb","Plant"
"1093","B","3","C","2",179,"Bromus",48,26.8156424581006,"Annual_Grass","Plant"
"1094","B","3","C","2",179,"CHER",4,2.23463687150838,"Annual_Forb","Plant"
"1095","B","3","C","2",179,"CYAC",0,0,"Annual_Forb","Plant"
"1096","B","3","C","2",179,"DEAN",0,0,"Annual_Forb","Plant"
"1097","B","3","C","2",179,"DEPI",0,0,"Annual_Forb","Plant"
"1098","B","3","C","2",179,"Dark",2,1.11731843575419,"DkCy","Biocrust"
"1099","B","3","C","2",179,"ENFR",0,0,"Annual_Forb","Plant"
"1100","B","3","C","2",179,"EPTO",0,0,"Shrub","Plant"
"1101","B","3","C","2",179,"ERIN",0,0,"Annual_Forb","Plant"
"1102","B","3","C","2",179,"GAPI",0,0,"Annual_Forb","Plant"
"1103","B","3","C","2",179,"GIIN",0,0,"Annual_Forb","Plant"
"1104","B","3","C","2",179,"GUSA",0,0,"Shrub","Plant"
"1105","B","3","C","2",179,"HIJA",12,6.70391061452514,"Perennial_Grass","Plant"
"1106","B","3","C","2",179,"LYGR",0,0,"Annual_Forb","Plant"
"1107","B","3","C","2",179,"Lichen",1,0.558659217877095,"Lichen","Biocrust"
"1108","B","3","C","2",179,"Light",4,2.23463687150838,"LtCy","Biocrust"
"1109","B","3","C","2",179,"Litter",83,46.3687150837989,"Litter","Abiotic_Cover"
"1110","B","3","C","2",179,"MAAF",0,0,"Annual_Forb","Plant"
"1111","B","3","C","2",179,"MACA",0,0,"Annual_Forb","Plant"
"1112","B","3","C","2",179,"Moss",9,5.02793296089385,"Moss","Biocrust"
"1113","B","3","C","2",179,"OECA",0,0,"Annual_Forb","Plant"
"1114","B","3","C","2",179,"OPUNT",0,0,"Cactus","Plant"
"1115","B","3","C","2",179,"PlantBase",7,3.91061452513966,"Plant_Base","Plant"
"1116","B","3","C","2",179,"SCWH",0,0,"Cactus","Plant"
"1117","B","3","C","2",179,"STCO",0,0,"Perennial_Grass","Plant"
"1118","B","3","C","2",179,"TILA",0,0,"Annual_Forb","Plant"
"1119","B","3","C","2",179,"Bare",0,0,"Bare_Ground","Abiotic_Cover"
"1120","B","3","C","2",179,"Chamber",0,0,"Chamber","Abiotic_Cover"
"1121","B","3","C","2",179,"Rock",7,3.91061452513966,"Rock","Abiotic_Cover"
"1122","B","3","C","2",179,"ATCO",0,0,"Shrub","Plant"
"1123","B","3","C","3",165,"ACHY",4,2.42424242424242,"Perennial_Grass","Plant"
"1124","B","3","C","3",165,"ANBR",0,0,"Annual_Forb","Plant"
"1125","B","3","C","3",165,"ASAM",0,0,"Annual_Forb","Plant"
"1126","B","3","C","3",165,"Bromus",20,12.1212121212121,"Annual_Grass","Plant"
"1127","B","3","C","3",165,"CHER",0,0,"Annual_Forb","Plant"
"1128","B","3","C","3",165,"CYAC",0,0,"Annual_Forb","Plant"
"1129","B","3","C","3",165,"DEAN",0,0,"Annual_Forb","Plant"
"1130","B","3","C","3",165,"DEPI",0,0,"Annual_Forb","Plant"
"1131","B","3","C","3",165,"Dark",2,1.21212121212121,"DkCy","Biocrust"
"1132","B","3","C","3",165,"ENFR",0,0,"Annual_Forb","Plant"
"1133","B","3","C","3",165,"EPTO",0,0,"Shrub","Plant"
"1134","B","3","C","3",165,"ERIN",0,0,"Annual_Forb","Plant"
"1135","B","3","C","3",165,"GAPI",0,0,"Annual_Forb","Plant"
"1136","B","3","C","3",165,"GIIN",0,0,"Annual_Forb","Plant"
"1137","B","3","C","3",165,"GUSA",0,0,"Shrub","Plant"
"1138","B","3","C","3",165,"HIJA",0,0,"Perennial_Grass","Plant"
"1139","B","3","C","3",165,"LYGR",0,0,"Annual_Forb","Plant"
"1140","B","3","C","3",165,"Lichen",7,4.24242424242424,"Lichen","Biocrust"
"1141","B","3","C","3",165,"Light",17,10.3030303030303,"LtCy","Biocrust"
"1142","B","3","C","3",165,"Litter",64,38.7878787878788,"Litter","Abiotic_Cover"
"1143","B","3","C","3",165,"MAAF",0,0,"Annual_Forb","Plant"
"1144","B","3","C","3",165,"MACA",0,0,"Annual_Forb","Plant"
"1145","B","3","C","3",165,"Moss",39,23.6363636363636,"Moss","Biocrust"
"1146","B","3","C","3",165,"OECA",0,0,"Annual_Forb","Plant"
"1147","B","3","C","3",165,"OPUNT",0,0,"Cactus","Plant"
"1148","B","3","C","3",165,"PlantBase",1,0.606060606060606,"Plant_Base","Plant"
"1149","B","3","C","3",165,"SCWH",0,0,"Cactus","Plant"
"1150","B","3","C","3",165,"STCO",0,0,"Perennial_Grass","Plant"
"1151","B","3","C","3",165,"TILA",0,0,"Annual_Forb","Plant"
"1152","B","3","C","3",165,"Bare",0,0,"Bare_Ground","Abiotic_Cover"
"1153","B","3","C","3",165,"Chamber",11,6.66666666666667,"Chamber","Abiotic_Cover"
"1154","B","3","C","3",165,"Rock",0,0,"Rock","Abiotic_Cover"
"1155","B","3","C","3",165,"ATCO",0,0,"Shrub","Plant"
"1156","B","3","C","4",182,"ACHY",22,12.0879120879121,"Perennial_Grass","Plant"
"1157","B","3","C","4",182,"ANBR",0,0,"Annual_Forb","Plant"
"1158","B","3","C","4",182,"ASAM",0,0,"Annual_Forb","Plant"
"1159","B","3","C","4",182,"Bromus",24,13.1868131868132,"Annual_Grass","Plant"
"1160","B","3","C","4",182,"CHER",0,0,"Annual_Forb","Plant"
"1161","B","3","C","4",182,"CYAC",0,0,"Annual_Forb","Plant"
"1162","B","3","C","4",182,"DEAN",0,0,"Annual_Forb","Plant"
"1163","B","3","C","4",182,"DEPI",0,0,"Annual_Forb","Plant"
"1164","B","3","C","4",182,"Dark",1,0.549450549450549,"DkCy","Biocrust"
"1165","B","3","C","4",182,"ENFR",0,0,"Annual_Forb","Plant"
"1166","B","3","C","4",182,"EPTO",0,0,"Shrub","Plant"
"1167","B","3","C","4",182,"ERIN",0,0,"Annual_Forb","Plant"
"1168","B","3","C","4",182,"GAPI",0,0,"Annual_Forb","Plant"
"1169","B","3","C","4",182,"GIIN",0,0,"Annual_Forb","Plant"
"1170","B","3","C","4",182,"GUSA",0,0,"Shrub","Plant"
"1171","B","3","C","4",182,"HIJA",7,3.84615384615385,"Perennial_Grass","Plant"
"1172","B","3","C","4",182,"LYGR",0,0,"Annual_Forb","Plant"
"1173","B","3","C","4",182,"Lichen",5,2.74725274725275,"Lichen","Biocrust"
"1174","B","3","C","4",182,"Light",18,9.89010989010989,"LtCy","Biocrust"
"1175","B","3","C","4",182,"Litter",68,37.3626373626374,"Litter","Abiotic_Cover"
"1176","B","3","C","4",182,"MAAF",0,0,"Annual_Forb","Plant"
"1177","B","3","C","4",182,"MACA",0,0,"Annual_Forb","Plant"
"1178","B","3","C","4",182,"Moss",31,17.032967032967,"Moss","Biocrust"
"1179","B","3","C","4",182,"OECA",0,0,"Annual_Forb","Plant"
"1180","B","3","C","4",182,"OPUNT",0,0,"Cactus","Plant"
"1181","B","3","C","4",182,"PlantBase",5,2.74725274725275,"Plant_Base","Plant"
"1182","B","3","C","4",182,"SCWH",0,0,"Cactus","Plant"
"1183","B","3","C","4",182,"STCO",0,0,"Perennial_Grass","Plant"
"1184","B","3","C","4",182,"TILA",0,0,"Annual_Forb","Plant"
"1185","B","3","C","4",182,"Bare",0,0,"Bare_Ground","Abiotic_Cover"
"1186","B","3","C","4",182,"Chamber",0,0,"Chamber","Abiotic_Cover"
"1187","B","3","C","4",182,"Rock",1,0.549450549450549,"Rock","Abiotic_Cover"
"1188","B","3","C","4",182,"ATCO",0,0,"Shrub","Plant"
"1189","B","3","L","1",125,"ACHY",2,1.6,"Perennial_Grass","Plant"
"1190","B","3","L","1",125,"ANBR",0,0,"Annual_Forb","Plant"
"1191","B","3","L","1",125,"ASAM",0,0,"Annual_Forb","Plant"
"1192","B","3","L","1",125,"Bromus",14,11.2,"Annual_Grass","Plant"
"1193","B","3","L","1",125,"CHER",0,0,"Annual_Forb","Plant"
"1194","B","3","L","1",125,"CYAC",0,0,"Annual_Forb","Plant"
"1195","B","3","L","1",125,"DEAN",0,0,"Annual_Forb","Plant"
"1196","B","3","L","1",125,"DEPI",0,0,"Annual_Forb","Plant"
"1197","B","3","L","1",125,"Dark",2,1.6,"DkCy","Biocrust"
"1198","B","3","L","1",125,"ENFR",0,0,"Annual_Forb","Plant"
"1199","B","3","L","1",125,"EPTO",5,4,"Shrub","Plant"
"1200","B","3","L","1",125,"ERIN",0,0,"Annual_Forb","Plant"
"1201","B","3","L","1",125,"GAPI",0,0,"Annual_Forb","Plant"
"1202","B","3","L","1",125,"GIIN",0,0,"Annual_Forb","Plant"
"1203","B","3","L","1",125,"GUSA",0,0,"Shrub","Plant"
"1204","B","3","L","1",125,"HIJA",1,0.8,"Perennial_Grass","Plant"
"1205","B","3","L","1",125,"LYGR",0,0,"Annual_Forb","Plant"
"1206","B","3","L","1",125,"Lichen",2,1.6,"Lichen","Biocrust"
"1207","B","3","L","1",125,"Light",38,30.4,"LtCy","Biocrust"
"1208","B","3","L","1",125,"Litter",47,37.6,"Litter","Abiotic_Cover"
"1209","B","3","L","1",125,"MAAF",0,0,"Annual_Forb","Plant"
"1210","B","3","L","1",125,"MACA",0,0,"Annual_Forb","Plant"
"1211","B","3","L","1",125,"Moss",0,0,"Moss","Biocrust"
"1212","B","3","L","1",125,"OECA",0,0,"Annual_Forb","Plant"
"1213","B","3","L","1",125,"OPUNT",0,0,"Cactus","Plant"
"1214","B","3","L","1",125,"PlantBase",2,1.6,"Plant_Base","Plant"
"1215","B","3","L","1",125,"SCWH",0,0,"Cactus","Plant"
"1216","B","3","L","1",125,"STCO",1,0.8,"Perennial_Grass","Plant"
"1217","B","3","L","1",125,"TILA",0,0,"Annual_Forb","Plant"
"1218","B","3","L","1",125,"Bare",1,0.8,"Bare_Ground","Abiotic_Cover"
"1219","B","3","L","1",125,"Chamber",0,0,"Chamber","Abiotic_Cover"
"1220","B","3","L","1",125,"Rock",10,8,"Rock","Abiotic_Cover"
"1221","B","3","L","1",125,"ATCO",0,0,"Shrub","Plant"
"1222","B","3","L","2",147,"ACHY",0,0,"Perennial_Grass","Plant"
"1223","B","3","L","2",147,"ANBR",0,0,"Annual_Forb","Plant"
"1224","B","3","L","2",147,"ASAM",0,0,"Annual_Forb","Plant"
"1225","B","3","L","2",147,"Bromus",30,20.4081632653061,"Annual_Grass","Plant"
"1226","B","3","L","2",147,"CHER",0,0,"Annual_Forb","Plant"
"1227","B","3","L","2",147,"CYAC",0,0,"Annual_Forb","Plant"
"1228","B","3","L","2",147,"DEAN",0,0,"Annual_Forb","Plant"
"1229","B","3","L","2",147,"DEPI",0,0,"Annual_Forb","Plant"
"1230","B","3","L","2",147,"Dark",5,3.40136054421769,"DkCy","Biocrust"
"1231","B","3","L","2",147,"ENFR",1,0.680272108843537,"Annual_Forb","Plant"
"1232","B","3","L","2",147,"EPTO",0,0,"Shrub","Plant"
"1233","B","3","L","2",147,"ERIN",0,0,"Annual_Forb","Plant"
"1234","B","3","L","2",147,"GAPI",0,0,"Annual_Forb","Plant"
"1235","B","3","L","2",147,"GIIN",0,0,"Annual_Forb","Plant"
"1236","B","3","L","2",147,"GUSA",5,3.40136054421769,"Shrub","Plant"
"1237","B","3","L","2",147,"HIJA",7,4.76190476190476,"Perennial_Grass","Plant"
"1238","B","3","L","2",147,"LYGR",0,0,"Annual_Forb","Plant"
"1239","B","3","L","2",147,"Lichen",2,1.36054421768707,"Lichen","Biocrust"
"1240","B","3","L","2",147,"Light",7,4.76190476190476,"LtCy","Biocrust"
"1241","B","3","L","2",147,"Litter",74,50.3401360544218,"Litter","Abiotic_Cover"
"1242","B","3","L","2",147,"MAAF",0,0,"Annual_Forb","Plant"
"1243","B","3","L","2",147,"MACA",0,0,"Annual_Forb","Plant"
"1244","B","3","L","2",147,"Moss",5,3.40136054421769,"Moss","Biocrust"
"1245","B","3","L","2",147,"OECA",0,0,"Annual_Forb","Plant"
"1246","B","3","L","2",147,"OPUNT",0,0,"Cactus","Plant"
"1247","B","3","L","2",147,"PlantBase",9,6.12244897959184,"Plant_Base","Plant"
"1248","B","3","L","2",147,"SCWH",0,0,"Cactus","Plant"
"1249","B","3","L","2",147,"STCO",0,0,"Perennial_Grass","Plant"
"1250","B","3","L","2",147,"TILA",0,0,"Annual_Forb","Plant"
"1251","B","3","L","2",147,"Bare",0,0,"Bare_Ground","Abiotic_Cover"
"1252","B","3","L","2",147,"Chamber",0,0,"Chamber","Abiotic_Cover"
"1253","B","3","L","2",147,"Rock",2,1.36054421768707,"Rock","Abiotic_Cover"
"1254","B","3","L","2",147,"ATCO",0,0,"Shrub","Plant"
"1255","B","3","L","3",162,"ACHY",0,0,"Perennial_Grass","Plant"
"1256","B","3","L","3",162,"ANBR",0,0,"Annual_Forb","Plant"
"1257","B","3","L","3",162,"ASAM",0,0,"Annual_Forb","Plant"
"1258","B","3","L","3",162,"Bromus",14,8.64197530864197,"Annual_Grass","Plant"
"1259","B","3","L","3",162,"CHER",0,0,"Annual_Forb","Plant"
"1260","B","3","L","3",162,"CYAC",0,0,"Annual_Forb","Plant"
"1261","B","3","L","3",162,"DEAN",0,0,"Annual_Forb","Plant"
"1262","B","3","L","3",162,"DEPI",0,0,"Annual_Forb","Plant"
"1263","B","3","L","3",162,"Dark",18,11.1111111111111,"DkCy","Biocrust"
"1264","B","3","L","3",162,"ENFR",0,0,"Annual_Forb","Plant"
"1265","B","3","L","3",162,"EPTO",5,3.08641975308642,"Shrub","Plant"
"1266","B","3","L","3",162,"ERIN",0,0,"Annual_Forb","Plant"
"1267","B","3","L","3",162,"GAPI",0,0,"Annual_Forb","Plant"
"1268","B","3","L","3",162,"GIIN",0,0,"Annual_Forb","Plant"
"1269","B","3","L","3",162,"GUSA",0,0,"Shrub","Plant"
"1270","B","3","L","3",162,"HIJA",0,0,"Perennial_Grass","Plant"
"1271","B","3","L","3",162,"LYGR",0,0,"Annual_Forb","Plant"
"1272","B","3","L","3",162,"Lichen",10,6.17283950617284,"Lichen","Biocrust"
"1273","B","3","L","3",162,"Light",25,15.4320987654321,"LtCy","Biocrust"
"1274","B","3","L","3",162,"Litter",38,23.4567901234568,"Litter","Abiotic_Cover"
"1275","B","3","L","3",162,"MAAF",0,0,"Annual_Forb","Plant"
"1276","B","3","L","3",162,"MACA",0,0,"Annual_Forb","Plant"
"1277","B","3","L","3",162,"Moss",25,15.4320987654321,"Moss","Biocrust"
"1278","B","3","L","3",162,"OECA",0,0,"Annual_Forb","Plant"
"1279","B","3","L","3",162,"OPUNT",0,0,"Cactus","Plant"
"1280","B","3","L","3",162,"PlantBase",1,0.617283950617284,"Plant_Base","Plant"
"1281","B","3","L","3",162,"SCWH",0,0,"Cactus","Plant"
"1282","B","3","L","3",162,"STCO",0,0,"Perennial_Grass","Plant"
"1283","B","3","L","3",162,"TILA",0,0,"Annual_Forb","Plant"
"1284","B","3","L","3",162,"Bare",0,0,"Bare_Ground","Abiotic_Cover"
"1285","B","3","L","3",162,"Chamber",18,11.1111111111111,"Chamber","Abiotic_Cover"
"1286","B","3","L","3",162,"Rock",8,4.93827160493827,"Rock","Abiotic_Cover"
"1287","B","3","L","3",162,"ATCO",0,0,"Shrub","Plant"
"1288","B","3","L","4",181,"ACHY",7,3.86740331491713,"Perennial_Grass","Plant"
"1289","B","3","L","4",181,"ANBR",0,0,"Annual_Forb","Plant"
"1290","B","3","L","4",181,"ASAM",0,0,"Annual_Forb","Plant"
"1291","B","3","L","4",181,"Bromus",17,9.39226519337017,"Annual_Grass","Plant"
"1292","B","3","L","4",181,"CHER",0,0,"Annual_Forb","Plant"
"1293","B","3","L","4",181,"CYAC",0,0,"Annual_Forb","Plant"
"1294","B","3","L","4",181,"DEAN",0,0,"Annual_Forb","Plant"
"1295","B","3","L","4",181,"DEPI",0,0,"Annual_Forb","Plant"
"1296","B","3","L","4",181,"Dark",13,7.18232044198895,"DkCy","Biocrust"
"1297","B","3","L","4",181,"ENFR",0,0,"Annual_Forb","Plant"
"1298","B","3","L","4",181,"EPTO",0,0,"Shrub","Plant"
"1299","B","3","L","4",181,"ERIN",0,0,"Annual_Forb","Plant"
"1300","B","3","L","4",181,"GAPI",0,0,"Annual_Forb","Plant"
"1301","B","3","L","4",181,"GIIN",0,0,"Annual_Forb","Plant"
"1302","B","3","L","4",181,"GUSA",2,1.10497237569061,"Shrub","Plant"
"1303","B","3","L","4",181,"HIJA",0,0,"Perennial_Grass","Plant"
"1304","B","3","L","4",181,"LYGR",0,0,"Annual_Forb","Plant"
"1305","B","3","L","4",181,"Lichen",1,0.552486187845304,"Lichen","Biocrust"
"1306","B","3","L","4",181,"Light",22,12.1546961325967,"LtCy","Biocrust"
"1307","B","3","L","4",181,"Litter",72,39.7790055248619,"Litter","Abiotic_Cover"
"1308","B","3","L","4",181,"MAAF",0,0,"Annual_Forb","Plant"
"1309","B","3","L","4",181,"MACA",0,0,"Annual_Forb","Plant"
"1310","B","3","L","4",181,"Moss",14,7.73480662983425,"Moss","Biocrust"
"1311","B","3","L","4",181,"OECA",0,0,"Annual_Forb","Plant"
"1312","B","3","L","4",181,"OPUNT",0,0,"Cactus","Plant"
"1313","B","3","L","4",181,"PlantBase",7,3.86740331491713,"Plant_Base","Plant"
"1314","B","3","L","4",181,"SCWH",0,0,"Cactus","Plant"
"1315","B","3","L","4",181,"STCO",0,0,"Perennial_Grass","Plant"
"1316","B","3","L","4",181,"TILA",0,0,"Annual_Forb","Plant"
"1317","B","3","L","4",181,"Bare",6,3.31491712707182,"Bare_Ground","Abiotic_Cover"
"1318","B","3","L","4",181,"Chamber",2,1.10497237569061,"Chamber","Abiotic_Cover"
"1319","B","3","L","4",181,"Rock",4,2.20994475138122,"Rock","Abiotic_Cover"
"1320","B","3","L","4",181,"ATCO",14,7.73480662983425,"Shrub","Plant"
"1321","B","3","LW","1",113,"ACHY",0,0,"Perennial_Grass","Plant"
"1322","B","3","LW","1",113,"ANBR",0,0,"Annual_Forb","Plant"
"1323","B","3","LW","1",113,"ASAM",0,0,"Annual_Forb","Plant"
"1324","B","3","LW","1",113,"Bromus",8,7.07964601769912,"Annual_Grass","Plant"
"1325","B","3","LW","1",113,"CHER",0,0,"Annual_Forb","Plant"
"1326","B","3","LW","1",113,"CYAC",0,0,"Annual_Forb","Plant"
"1327","B","3","LW","1",113,"DEAN",0,0,"Annual_Forb","Plant"
"1328","B","3","LW","1",113,"DEPI",0,0,"Annual_Forb","Plant"
"1329","B","3","LW","1",113,"Dark",0,0,"DkCy","Biocrust"
"1330","B","3","LW","1",113,"ENFR",0,0,"Annual_Forb","Plant"
"1331","B","3","LW","1",113,"EPTO",0,0,"Shrub","Plant"
"1332","B","3","LW","1",113,"ERIN",0,0,"Annual_Forb","Plant"
"1333","B","3","LW","1",113,"GAPI",0,0,"Annual_Forb","Plant"
"1334","B","3","LW","1",113,"GIIN",0,0,"Annual_Forb","Plant"
"1335","B","3","LW","1",113,"GUSA",0,0,"Shrub","Plant"
"1336","B","3","LW","1",113,"HIJA",0,0,"Perennial_Grass","Plant"
"1337","B","3","LW","1",113,"LYGR",0,0,"Annual_Forb","Plant"
"1338","B","3","LW","1",113,"Lichen",0,0,"Lichen","Biocrust"
"1339","B","3","LW","1",113,"Light",32,28.3185840707965,"LtCy","Biocrust"
"1340","B","3","LW","1",113,"Litter",61,53.9823008849557,"Litter","Abiotic_Cover"
"1341","B","3","LW","1",113,"MAAF",0,0,"Annual_Forb","Plant"
"1342","B","3","LW","1",113,"MACA",0,0,"Annual_Forb","Plant"
"1343","B","3","LW","1",113,"Moss",0,0,"Moss","Biocrust"
"1344","B","3","LW","1",113,"OECA",0,0,"Annual_Forb","Plant"
"1345","B","3","LW","1",113,"OPUNT",0,0,"Cactus","Plant"
"1346","B","3","LW","1",113,"PlantBase",1,0.884955752212389,"Plant_Base","Plant"
"1347","B","3","LW","1",113,"SCWH",0,0,"Cactus","Plant"
"1348","B","3","LW","1",113,"STCO",0,0,"Perennial_Grass","Plant"
"1349","B","3","LW","1",113,"TILA",0,0,"Annual_Forb","Plant"
"1350","B","3","LW","1",113,"Bare",1,0.884955752212389,"Bare_Ground","Abiotic_Cover"
"1351","B","3","LW","1",113,"Chamber",0,0,"Chamber","Abiotic_Cover"
"1352","B","3","LW","1",113,"Rock",10,8.84955752212389,"Rock","Abiotic_Cover"
"1353","B","3","LW","1",113,"ATCO",0,0,"Shrub","Plant"
"1354","B","3","LW","2",116,"ACHY",6,5.17241379310345,"Perennial_Grass","Plant"
"1355","B","3","LW","2",116,"ANBR",0,0,"Annual_Forb","Plant"
"1356","B","3","LW","2",116,"ASAM",0,0,"Annual_Forb","Plant"
"1357","B","3","LW","2",116,"Bromus",2,1.72413793103448,"Annual_Grass","Plant"
"1358","B","3","LW","2",116,"CHER",0,0,"Annual_Forb","Plant"
"1359","B","3","LW","2",116,"CYAC",0,0,"Annual_Forb","Plant"
"1360","B","3","LW","2",116,"DEAN",0,0,"Annual_Forb","Plant"
"1361","B","3","LW","2",116,"DEPI",0,0,"Annual_Forb","Plant"
"1362","B","3","LW","2",116,"Dark",1,0.862068965517241,"DkCy","Biocrust"
"1363","B","3","LW","2",116,"ENFR",0,0,"Annual_Forb","Plant"
"1364","B","3","LW","2",116,"EPTO",0,0,"Shrub","Plant"
"1365","B","3","LW","2",116,"ERIN",0,0,"Annual_Forb","Plant"
"1366","B","3","LW","2",116,"GAPI",0,0,"Annual_Forb","Plant"
"1367","B","3","LW","2",116,"GIIN",0,0,"Annual_Forb","Plant"
"1368","B","3","LW","2",116,"GUSA",1,0.862068965517241,"Shrub","Plant"
"1369","B","3","LW","2",116,"HIJA",1,0.862068965517241,"Perennial_Grass","Plant"
"1370","B","3","LW","2",116,"LYGR",0,0,"Annual_Forb","Plant"
"1371","B","3","LW","2",116,"Lichen",0,0,"Lichen","Biocrust"
"1372","B","3","LW","2",116,"Light",24,20.6896551724138,"LtCy","Biocrust"
"1373","B","3","LW","2",116,"Litter",73,62.9310344827586,"Litter","Abiotic_Cover"
"1374","B","3","LW","2",116,"MAAF",0,0,"Annual_Forb","Plant"
"1375","B","3","LW","2",116,"MACA",0,0,"Annual_Forb","Plant"
"1376","B","3","LW","2",116,"Moss",0,0,"Moss","Biocrust"
"1377","B","3","LW","2",116,"OECA",0,0,"Annual_Forb","Plant"
"1378","B","3","LW","2",116,"OPUNT",0,0,"Cactus","Plant"
"1379","B","3","LW","2",116,"PlantBase",3,2.58620689655172,"Plant_Base","Plant"
"1380","B","3","LW","2",116,"SCWH",1,0.862068965517241,"Cactus","Plant"
"1381","B","3","LW","2",116,"STCO",0,0,"Perennial_Grass","Plant"
"1382","B","3","LW","2",116,"TILA",0,0,"Annual_Forb","Plant"
"1383","B","3","LW","2",116,"Bare",1,0.862068965517241,"Bare_Ground","Abiotic_Cover"
"1384","B","3","LW","2",116,"Chamber",0,0,"Chamber","Abiotic_Cover"
"1385","B","3","LW","2",116,"Rock",3,2.58620689655172,"Rock","Abiotic_Cover"
"1386","B","3","LW","2",116,"ATCO",0,0,"Shrub","Plant"
"1387","B","3","LW","3",170,"ACHY",11,6.47058823529412,"Perennial_Grass","Plant"
"1388","B","3","LW","3",170,"ANBR",0,0,"Annual_Forb","Plant"
"1389","B","3","LW","3",170,"ASAM",0,0,"Annual_Forb","Plant"
"1390","B","3","LW","3",170,"Bromus",15,8.82352941176471,"Annual_Grass","Plant"
"1391","B","3","LW","3",170,"CHER",0,0,"Annual_Forb","Plant"
"1392","B","3","LW","3",170,"CYAC",0,0,"Annual_Forb","Plant"
"1393","B","3","LW","3",170,"DEAN",0,0,"Annual_Forb","Plant"
"1394","B","3","LW","3",170,"DEPI",0,0,"Annual_Forb","Plant"
"1395","B","3","LW","3",170,"Dark",2,1.17647058823529,"DkCy","Biocrust"
"1396","B","3","LW","3",170,"ENFR",0,0,"Annual_Forb","Plant"
"1397","B","3","LW","3",170,"EPTO",0,0,"Shrub","Plant"
"1398","B","3","LW","3",170,"ERIN",0,0,"Annual_Forb","Plant"
"1399","B","3","LW","3",170,"GAPI",0,0,"Annual_Forb","Plant"
"1400","B","3","LW","3",170,"GIIN",0,0,"Annual_Forb","Plant"
"1401","B","3","LW","3",170,"GUSA",9,5.29411764705882,"Shrub","Plant"
"1402","B","3","LW","3",170,"HIJA",0,0,"Perennial_Grass","Plant"
"1403","B","3","LW","3",170,"LYGR",0,0,"Annual_Forb","Plant"
"1404","B","3","LW","3",170,"Lichen",0,0,"Lichen","Biocrust"
"1405","B","3","LW","3",170,"Light",28,16.4705882352941,"LtCy","Biocrust"
"1406","B","3","LW","3",170,"Litter",90,52.9411764705882,"Litter","Abiotic_Cover"
"1407","B","3","LW","3",170,"MAAF",0,0,"Annual_Forb","Plant"
"1408","B","3","LW","3",170,"MACA",0,0,"Annual_Forb","Plant"
"1409","B","3","LW","3",170,"Moss",0,0,"Moss","Biocrust"
"1410","B","3","LW","3",170,"OECA",0,0,"Annual_Forb","Plant"
"1411","B","3","LW","3",170,"OPUNT",0,0,"Cactus","Plant"
"1412","B","3","LW","3",170,"PlantBase",3,1.76470588235294,"Plant_Base","Plant"
"1413","B","3","LW","3",170,"SCWH",0,0,"Cactus","Plant"
"1414","B","3","LW","3",170,"STCO",0,0,"Perennial_Grass","Plant"
"1415","B","3","LW","3",170,"TILA",0,0,"Annual_Forb","Plant"
"1416","B","3","LW","3",170,"Bare",0,0,"Bare_Ground","Abiotic_Cover"
"1417","B","3","LW","3",170,"Chamber",12,7.05882352941176,"Chamber","Abiotic_Cover"
"1418","B","3","LW","3",170,"Rock",0,0,"Rock","Abiotic_Cover"
"1419","B","3","LW","3",170,"ATCO",0,0,"Shrub","Plant"
"1420","B","3","LW","4",187,"ACHY",3,1.60427807486631,"Perennial_Grass","Plant"
"1421","B","3","LW","4",187,"ANBR",0,0,"Annual_Forb","Plant"
"1422","B","3","LW","4",187,"ASAM",0,0,"Annual_Forb","Plant"
"1423","B","3","LW","4",187,"Bromus",9,4.81283422459893,"Annual_Grass","Plant"
"1424","B","3","LW","4",187,"CHER",0,0,"Annual_Forb","Plant"
"1425","B","3","LW","4",187,"CYAC",0,0,"Annual_Forb","Plant"
"1426","B","3","LW","4",187,"DEAN",0,0,"Annual_Forb","Plant"
"1427","B","3","LW","4",187,"DEPI",0,0,"Annual_Forb","Plant"
"1428","B","3","LW","4",187,"Dark",0,0,"DkCy","Biocrust"
"1429","B","3","LW","4",187,"ENFR",0,0,"Annual_Forb","Plant"
"1430","B","3","LW","4",187,"EPTO",0,0,"Shrub","Plant"
"1431","B","3","LW","4",187,"ERIN",0,0,"Annual_Forb","Plant"
"1432","B","3","LW","4",187,"GAPI",0,0,"Annual_Forb","Plant"
"1433","B","3","LW","4",187,"GIIN",0,0,"Annual_Forb","Plant"
"1434","B","3","LW","4",187,"GUSA",0,0,"Shrub","Plant"
"1435","B","3","LW","4",187,"HIJA",1,0.53475935828877,"Perennial_Grass","Plant"
"1436","B","3","LW","4",187,"LYGR",0,0,"Annual_Forb","Plant"
"1437","B","3","LW","4",187,"Lichen",0,0,"Lichen","Biocrust"
"1438","B","3","LW","4",187,"Light",33,17.6470588235294,"LtCy","Biocrust"
"1439","B","3","LW","4",187,"Litter",94,50.2673796791444,"Litter","Abiotic_Cover"
"1440","B","3","LW","4",187,"MAAF",0,0,"Annual_Forb","Plant"
"1441","B","3","LW","4",187,"MACA",0,0,"Annual_Forb","Plant"
"1442","B","3","LW","4",187,"Moss",0,0,"Moss","Biocrust"
"1443","B","3","LW","4",187,"OECA",0,0,"Annual_Forb","Plant"
"1444","B","3","LW","4",187,"OPUNT",0,0,"Cactus","Plant"
"1445","B","3","LW","4",187,"PlantBase",3,1.60427807486631,"Plant_Base","Plant"
"1446","B","3","LW","4",187,"SCWH",0,0,"Cactus","Plant"
"1447","B","3","LW","4",187,"STCO",0,0,"Perennial_Grass","Plant"
"1448","B","3","LW","4",187,"TILA",0,0,"Annual_Forb","Plant"
"1449","B","3","LW","4",187,"Bare",1,0.53475935828877,"Bare_Ground","Abiotic_Cover"
"1450","B","3","LW","4",187,"Chamber",0,0,"Chamber","Abiotic_Cover"
"1451","B","3","LW","4",187,"Rock",3,1.60427807486631,"Rock","Abiotic_Cover"
"1452","B","3","LW","4",187,"ATCO",40,21.3903743315508,"Shrub","Plant"
"1453","B","3","W","1",144,"ACHY",1,0.694444444444444,"Perennial_Grass","Plant"
"1454","B","3","W","1",144,"ANBR",0,0,"Annual_Forb","Plant"
"1455","B","3","W","1",144,"ASAM",0,0,"Annual_Forb","Plant"
"1456","B","3","W","1",144,"Bromus",11,7.63888888888889,"Annual_Grass","Plant"
"1457","B","3","W","1",144,"CHER",0,0,"Annual_Forb","Plant"
"1458","B","3","W","1",144,"CYAC",0,0,"Annual_Forb","Plant"
"1459","B","3","W","1",144,"DEAN",0,0,"Annual_Forb","Plant"
"1460","B","3","W","1",144,"DEPI",0,0,"Annual_Forb","Plant"
"1461","B","3","W","1",144,"Dark",7,4.86111111111111,"DkCy","Biocrust"
"1462","B","3","W","1",144,"ENFR",0,0,"Annual_Forb","Plant"
"1463","B","3","W","1",144,"EPTO",0,0,"Shrub","Plant"
"1464","B","3","W","1",144,"ERIN",0,0,"Annual_Forb","Plant"
"1465","B","3","W","1",144,"GAPI",0,0,"Annual_Forb","Plant"
"1466","B","3","W","1",144,"GIIN",0,0,"Annual_Forb","Plant"
"1467","B","3","W","1",144,"GUSA",10,6.94444444444444,"Shrub","Plant"
"1468","B","3","W","1",144,"HIJA",10,6.94444444444444,"Perennial_Grass","Plant"
"1469","B","3","W","1",144,"LYGR",0,0,"Annual_Forb","Plant"
"1470","B","3","W","1",144,"Lichen",9,6.25,"Lichen","Biocrust"
"1471","B","3","W","1",144,"Light",31,21.5277777777778,"LtCy","Biocrust"
"1472","B","3","W","1",144,"Litter",47,32.6388888888889,"Litter","Abiotic_Cover"
"1473","B","3","W","1",144,"MAAF",0,0,"Annual_Forb","Plant"
"1474","B","3","W","1",144,"MACA",0,0,"Annual_Forb","Plant"
"1475","B","3","W","1",144,"Moss",6,4.16666666666667,"Moss","Biocrust"
"1476","B","3","W","1",144,"OECA",0,0,"Annual_Forb","Plant"
"1477","B","3","W","1",144,"OPUNT",0,0,"Cactus","Plant"
"1478","B","3","W","1",144,"PlantBase",8,5.55555555555556,"Plant_Base","Plant"
"1479","B","3","W","1",144,"SCWH",0,0,"Cactus","Plant"
"1480","B","3","W","1",144,"STCO",0,0,"Perennial_Grass","Plant"
"1481","B","3","W","1",144,"TILA",0,0,"Annual_Forb","Plant"
"1482","B","3","W","1",144,"Bare",0,0,"Bare_Ground","Abiotic_Cover"
"1483","B","3","W","1",144,"Chamber",0,0,"Chamber","Abiotic_Cover"
"1484","B","3","W","1",144,"Rock",4,2.77777777777778,"Rock","Abiotic_Cover"
"1485","B","3","W","1",144,"ATCO",0,0,"Shrub","Plant"
"1486","B","3","W","2",147,"ACHY",8,5.4421768707483,"Perennial_Grass","Plant"
"1487","B","3","W","2",147,"ANBR",0,0,"Annual_Forb","Plant"
"1488","B","3","W","2",147,"ASAM",0,0,"Annual_Forb","Plant"
"1489","B","3","W","2",147,"Bromus",9,6.12244897959184,"Annual_Grass","Plant"
"1490","B","3","W","2",147,"CHER",0,0,"Annual_Forb","Plant"
"1491","B","3","W","2",147,"CYAC",0,0,"Annual_Forb","Plant"
"1492","B","3","W","2",147,"DEAN",0,0,"Annual_Forb","Plant"
"1493","B","3","W","2",147,"DEPI",0,0,"Annual_Forb","Plant"
"1494","B","3","W","2",147,"Dark",1,0.680272108843537,"DkCy","Biocrust"
"1495","B","3","W","2",147,"ENFR",0,0,"Annual_Forb","Plant"
"1496","B","3","W","2",147,"EPTO",0,0,"Shrub","Plant"
"1497","B","3","W","2",147,"ERIN",0,0,"Annual_Forb","Plant"
"1498","B","3","W","2",147,"GAPI",0,0,"Annual_Forb","Plant"
"1499","B","3","W","2",147,"GIIN",0,0,"Annual_Forb","Plant"
"1500","B","3","W","2",147,"GUSA",4,2.72108843537415,"Shrub","Plant"
"1501","B","3","W","2",147,"HIJA",10,6.80272108843537,"Perennial_Grass","Plant"
"1502","B","3","W","2",147,"LYGR",0,0,"Annual_Forb","Plant"
"1503","B","3","W","2",147,"Lichen",3,2.04081632653061,"Lichen","Biocrust"
"1504","B","3","W","2",147,"Light",38,25.8503401360544,"LtCy","Biocrust"
"1505","B","3","W","2",147,"Litter",46,31.2925170068027,"Litter","Abiotic_Cover"
"1506","B","3","W","2",147,"MAAF",0,0,"Annual_Forb","Plant"
"1507","B","3","W","2",147,"MACA",0,0,"Annual_Forb","Plant"
"1508","B","3","W","2",147,"Moss",0,0,"Moss","Biocrust"
"1509","B","3","W","2",147,"OECA",0,0,"Annual_Forb","Plant"
"1510","B","3","W","2",147,"OPUNT",0,0,"Cactus","Plant"
"1511","B","3","W","2",147,"PlantBase",10,6.80272108843537,"Plant_Base","Plant"
"1512","B","3","W","2",147,"SCWH",0,0,"Cactus","Plant"
"1513","B","3","W","2",147,"STCO",0,0,"Perennial_Grass","Plant"
"1514","B","3","W","2",147,"TILA",0,0,"Annual_Forb","Plant"
"1515","B","3","W","2",147,"Bare",0,0,"Bare_Ground","Abiotic_Cover"
"1516","B","3","W","2",147,"Chamber",0,0,"Chamber","Abiotic_Cover"
"1517","B","3","W","2",147,"Rock",13,8.84353741496599,"Rock","Abiotic_Cover"
"1518","B","3","W","2",147,"ATCO",5,3.40136054421769,"Shrub","Plant"
"1519","B","3","W","3",214,"ACHY",7,3.27102803738318,"Perennial_Grass","Plant"
"1520","B","3","W","3",214,"ANBR",0,0,"Annual_Forb","Plant"
"1521","B","3","W","3",214,"ASAM",0,0,"Annual_Forb","Plant"
"1522","B","3","W","3",214,"Bromus",51,23.8317757009346,"Annual_Grass","Plant"
"1523","B","3","W","3",214,"CHER",0,0,"Annual_Forb","Plant"
"1524","B","3","W","3",214,"CYAC",0,0,"Annual_Forb","Plant"
"1525","B","3","W","3",214,"DEAN",0,0,"Annual_Forb","Plant"
"1526","B","3","W","3",214,"DEPI",0,0,"Annual_Forb","Plant"
"1527","B","3","W","3",214,"Dark",1,0.467289719626168,"DkCy","Biocrust"
"1528","B","3","W","3",214,"ENFR",0,0,"Annual_Forb","Plant"
"1529","B","3","W","3",214,"EPTO",0,0,"Shrub","Plant"
"1530","B","3","W","3",214,"ERIN",0,0,"Annual_Forb","Plant"
"1531","B","3","W","3",214,"GAPI",0,0,"Annual_Forb","Plant"
"1532","B","3","W","3",214,"GIIN",0,0,"Annual_Forb","Plant"
"1533","B","3","W","3",214,"GUSA",4,1.86915887850467,"Shrub","Plant"
"1534","B","3","W","3",214,"HIJA",1,0.467289719626168,"Perennial_Grass","Plant"
"1535","B","3","W","3",214,"LYGR",0,0,"Annual_Forb","Plant"
"1536","B","3","W","3",214,"Lichen",1,0.467289719626168,"Lichen","Biocrust"
"1537","B","3","W","3",214,"Light",12,5.60747663551402,"LtCy","Biocrust"
"1538","B","3","W","3",214,"Litter",91,42.5233644859813,"Litter","Abiotic_Cover"
"1539","B","3","W","3",214,"MAAF",0,0,"Annual_Forb","Plant"
"1540","B","3","W","3",214,"MACA",0,0,"Annual_Forb","Plant"
"1541","B","3","W","3",214,"Moss",0,0,"Moss","Biocrust"
"1542","B","3","W","3",214,"OECA",0,0,"Annual_Forb","Plant"
"1543","B","3","W","3",214,"OPUNT",0,0,"Cactus","Plant"
"1544","B","3","W","3",214,"PlantBase",8,3.73831775700935,"Plant_Base","Plant"
"1545","B","3","W","3",214,"SCWH",0,0,"Cactus","Plant"
"1546","B","3","W","3",214,"STCO",0,0,"Perennial_Grass","Plant"
"1547","B","3","W","3",214,"TILA",0,0,"Annual_Forb","Plant"
"1548","B","3","W","3",214,"Bare",0,0,"Bare_Ground","Abiotic_Cover"
"1549","B","3","W","3",214,"Chamber",14,6.54205607476635,"Chamber","Abiotic_Cover"
"1550","B","3","W","3",214,"Rock",5,2.33644859813084,"Rock","Abiotic_Cover"
"1551","B","3","W","3",214,"ATCO",19,8.8785046728972,"Shrub","Plant"
"1552","B","3","W","4",194,"ACHY",22,11.340206185567,"Perennial_Grass","Plant"
"1553","B","3","W","4",194,"ANBR",0,0,"Annual_Forb","Plant"
"1554","B","3","W","4",194,"ASAM",0,0,"Annual_Forb","Plant"
"1555","B","3","W","4",194,"Bromus",14,7.21649484536082,"Annual_Grass","Plant"
"1556","B","3","W","4",194,"CHER",0,0,"Annual_Forb","Plant"
"1557","B","3","W","4",194,"CYAC",0,0,"Annual_Forb","Plant"
"1558","B","3","W","4",194,"DEAN",0,0,"Annual_Forb","Plant"
"1559","B","3","W","4",194,"DEPI",0,0,"Annual_Forb","Plant"
"1560","B","3","W","4",194,"Dark",5,2.57731958762887,"DkCy","Biocrust"
"1561","B","3","W","4",194,"ENFR",0,0,"Annual_Forb","Plant"
"1562","B","3","W","4",194,"EPTO",0,0,"Shrub","Plant"
"1563","B","3","W","4",194,"ERIN",0,0,"Annual_Forb","Plant"
"1564","B","3","W","4",194,"GAPI",0,0,"Annual_Forb","Plant"
"1565","B","3","W","4",194,"GIIN",0,0,"Annual_Forb","Plant"
"1566","B","3","W","4",194,"GUSA",3,1.54639175257732,"Shrub","Plant"
"1567","B","3","W","4",194,"HIJA",8,4.12371134020619,"Perennial_Grass","Plant"
"1568","B","3","W","4",194,"LYGR",0,0,"Annual_Forb","Plant"
"1569","B","3","W","4",194,"Lichen",2,1.03092783505155,"Lichen","Biocrust"
"1570","B","3","W","4",194,"Light",33,17.0103092783505,"LtCy","Biocrust"
"1571","B","3","W","4",194,"Litter",78,40.2061855670103,"Litter","Abiotic_Cover"
"1572","B","3","W","4",194,"MAAF",0,0,"Annual_Forb","Plant"
"1573","B","3","W","4",194,"MACA",0,0,"Annual_Forb","Plant"
"1574","B","3","W","4",194,"Moss",4,2.06185567010309,"Moss","Biocrust"
"1575","B","3","W","4",194,"OECA",0,0,"Annual_Forb","Plant"
"1576","B","3","W","4",194,"OPUNT",0,0,"Cactus","Plant"
"1577","B","3","W","4",194,"PlantBase",9,4.63917525773196,"Plant_Base","Plant"
"1578","B","3","W","4",194,"SCWH",0,0,"Cactus","Plant"
"1579","B","3","W","4",194,"STCO",0,0,"Perennial_Grass","Plant"
"1580","B","3","W","4",194,"TILA",0,0,"Annual_Forb","Plant"
"1581","B","3","W","4",194,"Bare",0,0,"Bare_Ground","Abiotic_Cover"
"1582","B","3","W","4",194,"Chamber",0,0,"Chamber","Abiotic_Cover"
"1583","B","3","W","4",194,"Rock",8,4.12371134020619,"Rock","Abiotic_Cover"
"1584","B","3","W","4",194,"ATCO",8,4.12371134020619,"Shrub","Plant"
"1585","B","4","C","1",148,"ACHY",5,3.37837837837838,"Perennial_Grass","Plant"
"1586","B","4","C","1",148,"ANBR",0,0,"Annual_Forb","Plant"
"1587","B","4","C","1",148,"ASAM",0,0,"Annual_Forb","Plant"
"1588","B","4","C","1",148,"Bromus",5,3.37837837837838,"Annual_Grass","Plant"
"1589","B","4","C","1",148,"CHER",0,0,"Annual_Forb","Plant"
"1590","B","4","C","1",148,"CYAC",0,0,"Annual_Forb","Plant"
"1591","B","4","C","1",148,"DEAN",0,0,"Annual_Forb","Plant"
"1592","B","4","C","1",148,"DEPI",0,0,"Annual_Forb","Plant"
"1593","B","4","C","1",148,"Dark",10,6.75675675675676,"DkCy","Biocrust"
"1594","B","4","C","1",148,"ENFR",0,0,"Annual_Forb","Plant"
"1595","B","4","C","1",148,"EPTO",0,0,"Shrub","Plant"
"1596","B","4","C","1",148,"ERIN",0,0,"Annual_Forb","Plant"
"1597","B","4","C","1",148,"GAPI",0,0,"Annual_Forb","Plant"
"1598","B","4","C","1",148,"GIIN",0,0,"Annual_Forb","Plant"
"1599","B","4","C","1",148,"GUSA",1,0.675675675675676,"Shrub","Plant"
"1600","B","4","C","1",148,"HIJA",6,4.05405405405405,"Perennial_Grass","Plant"
"1601","B","4","C","1",148,"LYGR",0,0,"Annual_Forb","Plant"
"1602","B","4","C","1",148,"Lichen",4,2.7027027027027,"Lichen","Biocrust"
"1603","B","4","C","1",148,"Light",5,3.37837837837838,"LtCy","Biocrust"
"1604","B","4","C","1",148,"Litter",40,27.027027027027,"Litter","Abiotic_Cover"
"1605","B","4","C","1",148,"MAAF",0,0,"Annual_Forb","Plant"
"1606","B","4","C","1",148,"MACA",0,0,"Annual_Forb","Plant"
"1607","B","4","C","1",148,"Moss",53,35.8108108108108,"Moss","Biocrust"
"1608","B","4","C","1",148,"OECA",0,0,"Annual_Forb","Plant"
"1609","B","4","C","1",148,"OPUNT",0,0,"Cactus","Plant"
"1610","B","4","C","1",148,"PlantBase",7,4.72972972972973,"Plant_Base","Plant"
"1611","B","4","C","1",148,"SCWH",0,0,"Cactus","Plant"
"1612","B","4","C","1",148,"STCO",0,0,"Perennial_Grass","Plant"
"1613","B","4","C","1",148,"TILA",0,0,"Annual_Forb","Plant"
"1614","B","4","C","1",148,"Bare",0,0,"Bare_Ground","Abiotic_Cover"
"1615","B","4","C","1",148,"Chamber",0,0,"Chamber","Abiotic_Cover"
"1616","B","4","C","1",148,"Rock",0,0,"Rock","Abiotic_Cover"
"1617","B","4","C","1",148,"ATCO",12,8.10810810810811,"Shrub","Plant"
"1618","B","4","C","2",159,"ACHY",18,11.3207547169811,"Perennial_Grass","Plant"
"1619","B","4","C","2",159,"ANBR",0,0,"Annual_Forb","Plant"
"1620","B","4","C","2",159,"ASAM",0,0,"Annual_Forb","Plant"
"1621","B","4","C","2",159,"Bromus",8,5.0314465408805,"Annual_Grass","Plant"
"1622","B","4","C","2",159,"CHER",0,0,"Annual_Forb","Plant"
"1623","B","4","C","2",159,"CYAC",0,0,"Annual_Forb","Plant"
"1624","B","4","C","2",159,"DEAN",0,0,"Annual_Forb","Plant"
"1625","B","4","C","2",159,"DEPI",0,0,"Annual_Forb","Plant"
"1626","B","4","C","2",159,"Dark",15,9.43396226415094,"DkCy","Biocrust"
"1627","B","4","C","2",159,"ENFR",0,0,"Annual_Forb","Plant"
"1628","B","4","C","2",159,"EPTO",0,0,"Shrub","Plant"
"1629","B","4","C","2",159,"ERIN",0,0,"Annual_Forb","Plant"
"1630","B","4","C","2",159,"GAPI",0,0,"Annual_Forb","Plant"
"1631","B","4","C","2",159,"GIIN",0,0,"Annual_Forb","Plant"
"1632","B","4","C","2",159,"GUSA",3,1.88679245283019,"Shrub","Plant"
"1633","B","4","C","2",159,"HIJA",3,1.88679245283019,"Perennial_Grass","Plant"
"1634","B","4","C","2",159,"LYGR",0,0,"Annual_Forb","Plant"
"1635","B","4","C","2",159,"Lichen",4,2.51572327044025,"Lichen","Biocrust"
"1636","B","4","C","2",159,"Light",8,5.0314465408805,"LtCy","Biocrust"
"1637","B","4","C","2",159,"Litter",40,25.1572327044025,"Litter","Abiotic_Cover"
"1638","B","4","C","2",159,"MAAF",0,0,"Annual_Forb","Plant"
"1639","B","4","C","2",159,"MACA",0,0,"Annual_Forb","Plant"
"1640","B","4","C","2",159,"Moss",54,33.9622641509434,"Moss","Biocrust"
"1641","B","4","C","2",159,"OECA",0,0,"Annual_Forb","Plant"
"1642","B","4","C","2",159,"OPUNT",0,0,"Cactus","Plant"
"1643","B","4","C","2",159,"PlantBase",3,1.88679245283019,"Plant_Base","Plant"
"1644","B","4","C","2",159,"SCWH",0,0,"Cactus","Plant"
"1645","B","4","C","2",159,"STCO",0,0,"Perennial_Grass","Plant"
"1646","B","4","C","2",159,"TILA",0,0,"Annual_Forb","Plant"
"1647","B","4","C","2",159,"Bare",0,0,"Bare_Ground","Abiotic_Cover"
"1648","B","4","C","2",159,"Chamber",0,0,"Chamber","Abiotic_Cover"
"1649","B","4","C","2",159,"Rock",1,0.628930817610063,"Rock","Abiotic_Cover"
"1650","B","4","C","2",159,"ATCO",2,1.25786163522013,"Shrub","Plant"
"1651","B","4","C","3",174,"ACHY",1,0.574712643678161,"Perennial_Grass","Plant"
"1652","B","4","C","3",174,"ANBR",0,0,"Annual_Forb","Plant"
"1653","B","4","C","3",174,"ASAM",0,0,"Annual_Forb","Plant"
"1654","B","4","C","3",174,"Bromus",9,5.17241379310345,"Annual_Grass","Plant"
"1655","B","4","C","3",174,"CHER",0,0,"Annual_Forb","Plant"
"1656","B","4","C","3",174,"CYAC",0,0,"Annual_Forb","Plant"
"1657","B","4","C","3",174,"DEAN",0,0,"Annual_Forb","Plant"
"1658","B","4","C","3",174,"DEPI",0,0,"Annual_Forb","Plant"
"1659","B","4","C","3",174,"Dark",15,8.62068965517241,"DkCy","Biocrust"
"1660","B","4","C","3",174,"ENFR",0,0,"Annual_Forb","Plant"
"1661","B","4","C","3",174,"EPTO",0,0,"Shrub","Plant"
"1662","B","4","C","3",174,"ERIN",0,0,"Annual_Forb","Plant"
"1663","B","4","C","3",174,"GAPI",0,0,"Annual_Forb","Plant"
"1664","B","4","C","3",174,"GIIN",0,0,"Annual_Forb","Plant"
"1665","B","4","C","3",174,"GUSA",0,0,"Shrub","Plant"
"1666","B","4","C","3",174,"HIJA",10,5.74712643678161,"Perennial_Grass","Plant"
"1667","B","4","C","3",174,"LYGR",0,0,"Annual_Forb","Plant"
"1668","B","4","C","3",174,"Lichen",6,3.44827586206897,"Lichen","Biocrust"
"1669","B","4","C","3",174,"Light",2,1.14942528735632,"LtCy","Biocrust"
"1670","B","4","C","3",174,"Litter",53,30.4597701149425,"Litter","Abiotic_Cover"
"1671","B","4","C","3",174,"MAAF",0,0,"Annual_Forb","Plant"
"1672","B","4","C","3",174,"MACA",0,0,"Annual_Forb","Plant"
"1673","B","4","C","3",174,"Moss",64,36.7816091954023,"Moss","Biocrust"
"1674","B","4","C","3",174,"OECA",0,0,"Annual_Forb","Plant"
"1675","B","4","C","3",174,"OPUNT",0,0,"Cactus","Plant"
"1676","B","4","C","3",174,"PlantBase",5,2.8735632183908,"Plant_Base","Plant"
"1677","B","4","C","3",174,"SCWH",0,0,"Cactus","Plant"
"1678","B","4","C","3",174,"STCO",0,0,"Perennial_Grass","Plant"
"1679","B","4","C","3",174,"TILA",0,0,"Annual_Forb","Plant"
"1680","B","4","C","3",174,"Bare",1,0.574712643678161,"Bare_Ground","Abiotic_Cover"
"1681","B","4","C","3",174,"Chamber",8,4.59770114942529,"Chamber","Abiotic_Cover"
"1682","B","4","C","3",174,"Rock",0,0,"Rock","Abiotic_Cover"
"1683","B","4","C","3",174,"ATCO",0,0,"Shrub","Plant"
"1684","B","4","C","4",208,"ACHY",35,16.8269230769231,"Perennial_Grass","Plant"
"1685","B","4","C","4",208,"ANBR",0,0,"Annual_Forb","Plant"
"1686","B","4","C","4",208,"ASAM",0,0,"Annual_Forb","Plant"
"1687","B","4","C","4",208,"Bromus",7,3.36538461538462,"Annual_Grass","Plant"
"1688","B","4","C","4",208,"CHER",0,0,"Annual_Forb","Plant"
"1689","B","4","C","4",208,"CYAC",0,0,"Annual_Forb","Plant"
"1690","B","4","C","4",208,"DEAN",0,0,"Annual_Forb","Plant"
"1691","B","4","C","4",208,"DEPI",0,0,"Annual_Forb","Plant"
"1692","B","4","C","4",208,"Dark",13,6.25,"DkCy","Biocrust"
"1693","B","4","C","4",208,"ENFR",0,0,"Annual_Forb","Plant"
"1694","B","4","C","4",208,"EPTO",0,0,"Shrub","Plant"
"1695","B","4","C","4",208,"ERIN",0,0,"Annual_Forb","Plant"
"1696","B","4","C","4",208,"GAPI",0,0,"Annual_Forb","Plant"
"1697","B","4","C","4",208,"GIIN",1,0.480769230769231,"Annual_Forb","Plant"
"1698","B","4","C","4",208,"GUSA",2,0.961538461538462,"Shrub","Plant"
"1699","B","4","C","4",208,"HIJA",6,2.88461538461538,"Perennial_Grass","Plant"
"1700","B","4","C","4",208,"LYGR",0,0,"Annual_Forb","Plant"
"1701","B","4","C","4",208,"Lichen",8,3.84615384615385,"Lichen","Biocrust"
"1702","B","4","C","4",208,"Light",15,7.21153846153846,"LtCy","Biocrust"
"1703","B","4","C","4",208,"Litter",64,30.7692307692308,"Litter","Abiotic_Cover"
"1704","B","4","C","4",208,"MAAF",0,0,"Annual_Forb","Plant"
"1705","B","4","C","4",208,"MACA",0,0,"Annual_Forb","Plant"
"1706","B","4","C","4",208,"Moss",46,22.1153846153846,"Moss","Biocrust"
"1707","B","4","C","4",208,"OECA",0,0,"Annual_Forb","Plant"
"1708","B","4","C","4",208,"OPUNT",0,0,"Cactus","Plant"
"1709","B","4","C","4",208,"PlantBase",7,3.36538461538462,"Plant_Base","Plant"
"1710","B","4","C","4",208,"SCWH",0,0,"Cactus","Plant"
"1711","B","4","C","4",208,"STCO",0,0,"Perennial_Grass","Plant"
"1712","B","4","C","4",208,"TILA",0,0,"Annual_Forb","Plant"
"1713","B","4","C","4",208,"Bare",0,0,"Bare_Ground","Abiotic_Cover"
"1714","B","4","C","4",208,"Chamber",0,0,"Chamber","Abiotic_Cover"
"1715","B","4","C","4",208,"Rock",4,1.92307692307692,"Rock","Abiotic_Cover"
"1716","B","4","C","4",208,"ATCO",0,0,"Shrub","Plant"
"1717","B","4","L","1",167,"ACHY",2,1.19760479041916,"Perennial_Grass","Plant"
"1718","B","4","L","1",167,"ANBR",0,0,"Annual_Forb","Plant"
"1719","B","4","L","1",167,"ASAM",0,0,"Annual_Forb","Plant"
"1720","B","4","L","1",167,"Bromus",28,16.7664670658683,"Annual_Grass","Plant"
"1721","B","4","L","1",167,"CHER",0,0,"Annual_Forb","Plant"
"1722","B","4","L","1",167,"CYAC",0,0,"Annual_Forb","Plant"
"1723","B","4","L","1",167,"DEAN",0,0,"Annual_Forb","Plant"
"1724","B","4","L","1",167,"DEPI",0,0,"Annual_Forb","Plant"
"1725","B","4","L","1",167,"Dark",4,2.39520958083832,"DkCy","Biocrust"
"1726","B","4","L","1",167,"ENFR",0,0,"Annual_Forb","Plant"
"1727","B","4","L","1",167,"EPTO",3,1.79640718562874,"Shrub","Plant"
"1728","B","4","L","1",167,"ERIN",0,0,"Annual_Forb","Plant"
"1729","B","4","L","1",167,"GAPI",0,0,"Annual_Forb","Plant"
"1730","B","4","L","1",167,"GIIN",0,0,"Annual_Forb","Plant"
"1731","B","4","L","1",167,"GUSA",0,0,"Shrub","Plant"
"1732","B","4","L","1",167,"HIJA",3,1.79640718562874,"Perennial_Grass","Plant"
"1733","B","4","L","1",167,"LYGR",0,0,"Annual_Forb","Plant"
"1734","B","4","L","1",167,"Lichen",0,0,"Lichen","Biocrust"
"1735","B","4","L","1",167,"Light",38,22.7544910179641,"LtCy","Biocrust"
"1736","B","4","L","1",167,"Litter",74,44.311377245509,"Litter","Abiotic_Cover"
"1737","B","4","L","1",167,"MAAF",0,0,"Annual_Forb","Plant"
"1738","B","4","L","1",167,"MACA",0,0,"Annual_Forb","Plant"
"1739","B","4","L","1",167,"Moss",6,3.59281437125748,"Moss","Biocrust"
"1740","B","4","L","1",167,"OECA",0,0,"Annual_Forb","Plant"
"1741","B","4","L","1",167,"OPUNT",0,0,"Cactus","Plant"
"1742","B","4","L","1",167,"PlantBase",3,1.79640718562874,"Plant_Base","Plant"
"1743","B","4","L","1",167,"SCWH",0,0,"Cactus","Plant"
"1744","B","4","L","1",167,"STCO",0,0,"Perennial_Grass","Plant"
"1745","B","4","L","1",167,"TILA",0,0,"Annual_Forb","Plant"
"1746","B","4","L","1",167,"Bare",0,0,"Bare_Ground","Abiotic_Cover"
"1747","B","4","L","1",167,"Chamber",0,0,"Chamber","Abiotic_Cover"
"1748","B","4","L","1",167,"Rock",6,3.59281437125748,"Rock","Abiotic_Cover"
"1749","B","4","L","1",167,"ATCO",0,0,"Shrub","Plant"
"1750","B","4","L","2",169,"ACHY",2,1.18343195266272,"Perennial_Grass","Plant"
"1751","B","4","L","2",169,"ANBR",0,0,"Annual_Forb","Plant"
"1752","B","4","L","2",169,"ASAM",0,0,"Annual_Forb","Plant"
"1753","B","4","L","2",169,"Bromus",32,18.9349112426036,"Annual_Grass","Plant"
"1754","B","4","L","2",169,"CHER",0,0,"Annual_Forb","Plant"
"1755","B","4","L","2",169,"CYAC",0,0,"Annual_Forb","Plant"
"1756","B","4","L","2",169,"DEAN",0,0,"Annual_Forb","Plant"
"1757","B","4","L","2",169,"DEPI",0,0,"Annual_Forb","Plant"
"1758","B","4","L","2",169,"Dark",1,0.591715976331361,"DkCy","Biocrust"
"1759","B","4","L","2",169,"ENFR",0,0,"Annual_Forb","Plant"
"1760","B","4","L","2",169,"EPTO",0,0,"Shrub","Plant"
"1761","B","4","L","2",169,"ERIN",0,0,"Annual_Forb","Plant"
"1762","B","4","L","2",169,"GAPI",0,0,"Annual_Forb","Plant"
"1763","B","4","L","2",169,"GIIN",0,0,"Annual_Forb","Plant"
"1764","B","4","L","2",169,"GUSA",3,1.77514792899408,"Shrub","Plant"
"1765","B","4","L","2",169,"HIJA",0,0,"Perennial_Grass","Plant"
"1766","B","4","L","2",169,"LYGR",0,0,"Annual_Forb","Plant"
"1767","B","4","L","2",169,"Lichen",1,0.591715976331361,"Lichen","Biocrust"
"1768","B","4","L","2",169,"Light",38,22.4852071005917,"LtCy","Biocrust"
"1769","B","4","L","2",169,"Litter",87,51.4792899408284,"Litter","Abiotic_Cover"
"1770","B","4","L","2",169,"MAAF",0,0,"Annual_Forb","Plant"
"1771","B","4","L","2",169,"MACA",0,0,"Annual_Forb","Plant"
"1772","B","4","L","2",169,"Moss",2,1.18343195266272,"Moss","Biocrust"
"1773","B","4","L","2",169,"OECA",0,0,"Annual_Forb","Plant"
"1774","B","4","L","2",169,"OPUNT",0,0,"Cactus","Plant"
"1775","B","4","L","2",169,"PlantBase",1,0.591715976331361,"Plant_Base","Plant"
"1776","B","4","L","2",169,"SCWH",0,0,"Cactus","Plant"
"1777","B","4","L","2",169,"STCO",0,0,"Perennial_Grass","Plant"
"1778","B","4","L","2",169,"TILA",0,0,"Annual_Forb","Plant"
"1779","B","4","L","2",169,"Bare",0,0,"Bare_Ground","Abiotic_Cover"
"1780","B","4","L","2",169,"Chamber",0,0,"Chamber","Abiotic_Cover"
"1781","B","4","L","2",169,"Rock",2,1.18343195266272,"Rock","Abiotic_Cover"
"1782","B","4","L","2",169,"ATCO",0,0,"Shrub","Plant"
"1783","B","4","L","3",195,"ACHY",5,2.56410256410256,"Perennial_Grass","Plant"
"1784","B","4","L","3",195,"ANBR",0,0,"Annual_Forb","Plant"
"1785","B","4","L","3",195,"ASAM",0,0,"Annual_Forb","Plant"
"1786","B","4","L","3",195,"Bromus",46,23.5897435897436,"Annual_Grass","Plant"
"1787","B","4","L","3",195,"CHER",0,0,"Annual_Forb","Plant"
"1788","B","4","L","3",195,"CYAC",0,0,"Annual_Forb","Plant"
"1789","B","4","L","3",195,"DEAN",0,0,"Annual_Forb","Plant"
"1790","B","4","L","3",195,"DEPI",0,0,"Annual_Forb","Plant"
"1791","B","4","L","3",195,"Dark",4,2.05128205128205,"DkCy","Biocrust"
"1792","B","4","L","3",195,"ENFR",0,0,"Annual_Forb","Plant"
"1793","B","4","L","3",195,"EPTO",0,0,"Shrub","Plant"
"1794","B","4","L","3",195,"ERIN",0,0,"Annual_Forb","Plant"
"1795","B","4","L","3",195,"GAPI",1,0.512820512820513,"Annual_Forb","Plant"
"1796","B","4","L","3",195,"GIIN",0,0,"Annual_Forb","Plant"
"1797","B","4","L","3",195,"GUSA",0,0,"Shrub","Plant"
"1798","B","4","L","3",195,"HIJA",2,1.02564102564103,"Perennial_Grass","Plant"
"1799","B","4","L","3",195,"LYGR",0,0,"Annual_Forb","Plant"
"1800","B","4","L","3",195,"Lichen",5,2.56410256410256,"Lichen","Biocrust"
"1801","B","4","L","3",195,"Light",33,16.9230769230769,"LtCy","Biocrust"
"1802","B","4","L","3",195,"Litter",57,29.2307692307692,"Litter","Abiotic_Cover"
"1803","B","4","L","3",195,"MAAF",0,0,"Annual_Forb","Plant"
"1804","B","4","L","3",195,"MACA",0,0,"Annual_Forb","Plant"
"1805","B","4","L","3",195,"Moss",9,4.61538461538462,"Moss","Biocrust"
"1806","B","4","L","3",195,"OECA",0,0,"Annual_Forb","Plant"
"1807","B","4","L","3",195,"OPUNT",0,0,"Cactus","Plant"
"1808","B","4","L","3",195,"PlantBase",2,1.02564102564103,"Plant_Base","Plant"
"1809","B","4","L","3",195,"SCWH",0,0,"Cactus","Plant"
"1810","B","4","L","3",195,"STCO",0,0,"Perennial_Grass","Plant"
"1811","B","4","L","3",195,"TILA",0,0,"Annual_Forb","Plant"
"1812","B","4","L","3",195,"Bare",4,2.05128205128205,"Bare_Ground","Abiotic_Cover"
"1813","B","4","L","3",195,"Chamber",6,3.07692307692308,"Chamber","Abiotic_Cover"
"1814","B","4","L","3",195,"Rock",21,10.7692307692308,"Rock","Abiotic_Cover"
"1815","B","4","L","3",195,"ATCO",0,0,"Shrub","Plant"
"1816","B","4","L","4",203,"ACHY",4,1.97044334975369,"Perennial_Grass","Plant"
"1817","B","4","L","4",203,"ANBR",0,0,"Annual_Forb","Plant"
"1818","B","4","L","4",203,"ASAM",0,0,"Annual_Forb","Plant"
"1819","B","4","L","4",203,"Bromus",32,15.7635467980296,"Annual_Grass","Plant"
"1820","B","4","L","4",203,"CHER",0,0,"Annual_Forb","Plant"
"1821","B","4","L","4",203,"CYAC",0,0,"Annual_Forb","Plant"
"1822","B","4","L","4",203,"DEAN",0,0,"Annual_Forb","Plant"
"1823","B","4","L","4",203,"DEPI",0,0,"Annual_Forb","Plant"
"1824","B","4","L","4",203,"Dark",5,2.46305418719212,"DkCy","Biocrust"
"1825","B","4","L","4",203,"ENFR",0,0,"Annual_Forb","Plant"
"1826","B","4","L","4",203,"EPTO",0,0,"Shrub","Plant"
"1827","B","4","L","4",203,"ERIN",0,0,"Annual_Forb","Plant"
"1828","B","4","L","4",203,"GAPI",0,0,"Annual_Forb","Plant"
"1829","B","4","L","4",203,"GIIN",0,0,"Annual_Forb","Plant"
"1830","B","4","L","4",203,"GUSA",0,0,"Shrub","Plant"
"1831","B","4","L","4",203,"HIJA",0,0,"Perennial_Grass","Plant"
"1832","B","4","L","4",203,"LYGR",0,0,"Annual_Forb","Plant"
"1833","B","4","L","4",203,"Lichen",3,1.47783251231527,"Lichen","Biocrust"
"1834","B","4","L","4",203,"Light",43,21.1822660098522,"LtCy","Biocrust"
"1835","B","4","L","4",203,"Litter",80,39.4088669950739,"Litter","Abiotic_Cover"
"1836","B","4","L","4",203,"MAAF",0,0,"Annual_Forb","Plant"
"1837","B","4","L","4",203,"MACA",0,0,"Annual_Forb","Plant"
"1838","B","4","L","4",203,"Moss",22,10.8374384236453,"Moss","Biocrust"
"1839","B","4","L","4",203,"OECA",0,0,"Annual_Forb","Plant"
"1840","B","4","L","4",203,"OPUNT",0,0,"Cactus","Plant"
"1841","B","4","L","4",203,"PlantBase",2,0.985221674876847,"Plant_Base","Plant"
"1842","B","4","L","4",203,"SCWH",0,0,"Cactus","Plant"
"1843","B","4","L","4",203,"STCO",0,0,"Perennial_Grass","Plant"
"1844","B","4","L","4",203,"TILA",0,0,"Annual_Forb","Plant"
"1845","B","4","L","4",203,"Bare",0,0,"Bare_Ground","Abiotic_Cover"
"1846","B","4","L","4",203,"Chamber",0,0,"Chamber","Abiotic_Cover"
"1847","B","4","L","4",203,"Rock",12,5.91133004926108,"Rock","Abiotic_Cover"
"1848","B","4","L","4",203,"ATCO",0,0,"Shrub","Plant"
"1849","B","4","LW","1",166,"ACHY",0,0,"Perennial_Grass","Plant"
"1850","B","4","LW","1",166,"ANBR",0,0,"Annual_Forb","Plant"
"1851","B","4","LW","1",166,"ASAM",0,0,"Annual_Forb","Plant"
"1852","B","4","LW","1",166,"Bromus",11,6.62650602409639,"Annual_Grass","Plant"
"1853","B","4","LW","1",166,"CHER",0,0,"Annual_Forb","Plant"
"1854","B","4","LW","1",166,"CYAC",0,0,"Annual_Forb","Plant"
"1855","B","4","LW","1",166,"DEAN",0,0,"Annual_Forb","Plant"
"1856","B","4","LW","1",166,"DEPI",0,0,"Annual_Forb","Plant"
"1857","B","4","LW","1",166,"Dark",1,0.602409638554217,"DkCy","Biocrust"
"1858","B","4","LW","1",166,"ENFR",0,0,"Annual_Forb","Plant"
"1859","B","4","LW","1",166,"EPTO",0,0,"Shrub","Plant"
"1860","B","4","LW","1",166,"ERIN",0,0,"Annual_Forb","Plant"
"1861","B","4","LW","1",166,"GAPI",0,0,"Annual_Forb","Plant"
"1862","B","4","LW","1",166,"GIIN",0,0,"Annual_Forb","Plant"
"1863","B","4","LW","1",166,"GUSA",1,0.602409638554217,"Shrub","Plant"
"1864","B","4","LW","1",166,"HIJA",0,0,"Perennial_Grass","Plant"
"1865","B","4","LW","1",166,"LYGR",11,6.62650602409639,"Annual_Forb","Plant"
"1866","B","4","LW","1",166,"Lichen",0,0,"Lichen","Biocrust"
"1867","B","4","LW","1",166,"Light",62,37.3493975903614,"LtCy","Biocrust"
"1868","B","4","LW","1",166,"Litter",64,38.5542168674699,"Litter","Abiotic_Cover"
"1869","B","4","LW","1",166,"MAAF",0,0,"Annual_Forb","Plant"
"1870","B","4","LW","1",166,"MACA",0,0,"Annual_Forb","Plant"
"1871","B","4","LW","1",166,"Moss",1,0.602409638554217,"Moss","Biocrust"
"1872","B","4","LW","1",166,"OECA",0,0,"Annual_Forb","Plant"
"1873","B","4","LW","1",166,"OPUNT",0,0,"Cactus","Plant"
"1874","B","4","LW","1",166,"PlantBase",0,0,"Plant_Base","Plant"
"1875","B","4","LW","1",166,"SCWH",0,0,"Cactus","Plant"
"1876","B","4","LW","1",166,"STCO",0,0,"Perennial_Grass","Plant"
"1877","B","4","LW","1",166,"TILA",0,0,"Annual_Forb","Plant"
"1878","B","4","LW","1",166,"Bare",1,0.602409638554217,"Bare_Ground","Abiotic_Cover"
"1879","B","4","LW","1",166,"Chamber",0,0,"Chamber","Abiotic_Cover"
"1880","B","4","LW","1",166,"Rock",14,8.43373493975904,"Rock","Abiotic_Cover"
"1881","B","4","LW","1",166,"ATCO",0,0,"Shrub","Plant"
"1882","B","4","LW","2",201,"ACHY",2,0.995024875621891,"Perennial_Grass","Plant"
"1883","B","4","LW","2",201,"ANBR",0,0,"Annual_Forb","Plant"
"1884","B","4","LW","2",201,"ASAM",0,0,"Annual_Forb","Plant"
"1885","B","4","LW","2",201,"Bromus",63,31.3432835820896,"Annual_Grass","Plant"
"1886","B","4","LW","2",201,"CHER",0,0,"Annual_Forb","Plant"
"1887","B","4","LW","2",201,"CYAC",0,0,"Annual_Forb","Plant"
"1888","B","4","LW","2",201,"DEAN",0,0,"Annual_Forb","Plant"
"1889","B","4","LW","2",201,"DEPI",0,0,"Annual_Forb","Plant"
"1890","B","4","LW","2",201,"Dark",2,0.995024875621891,"DkCy","Biocrust"
"1891","B","4","LW","2",201,"ENFR",0,0,"Annual_Forb","Plant"
"1892","B","4","LW","2",201,"EPTO",0,0,"Shrub","Plant"
"1893","B","4","LW","2",201,"ERIN",0,0,"Annual_Forb","Plant"
"1894","B","4","LW","2",201,"GAPI",0,0,"Annual_Forb","Plant"
"1895","B","4","LW","2",201,"GIIN",0,0,"Annual_Forb","Plant"
"1896","B","4","LW","2",201,"GUSA",0,0,"Shrub","Plant"
"1897","B","4","LW","2",201,"HIJA",0,0,"Perennial_Grass","Plant"
"1898","B","4","LW","2",201,"LYGR",4,1.99004975124378,"Annual_Forb","Plant"
"1899","B","4","LW","2",201,"Lichen",0,0,"Lichen","Biocrust"
"1900","B","4","LW","2",201,"Light",22,10.9452736318408,"LtCy","Biocrust"
"1901","B","4","LW","2",201,"Litter",100,49.7512437810945,"Litter","Abiotic_Cover"
"1902","B","4","LW","2",201,"MAAF",0,0,"Annual_Forb","Plant"
"1903","B","4","LW","2",201,"MACA",0,0,"Annual_Forb","Plant"
"1904","B","4","LW","2",201,"Moss",0,0,"Moss","Biocrust"
"1905","B","4","LW","2",201,"OECA",0,0,"Annual_Forb","Plant"
"1906","B","4","LW","2",201,"OPUNT",0,0,"Cactus","Plant"
"1907","B","4","LW","2",201,"PlantBase",4,1.99004975124378,"Plant_Base","Plant"
"1908","B","4","LW","2",201,"SCWH",0,0,"Cactus","Plant"
"1909","B","4","LW","2",201,"STCO",0,0,"Perennial_Grass","Plant"
"1910","B","4","LW","2",201,"TILA",0,0,"Annual_Forb","Plant"
"1911","B","4","LW","2",201,"Bare",0,0,"Bare_Ground","Abiotic_Cover"
"1912","B","4","LW","2",201,"Chamber",0,0,"Chamber","Abiotic_Cover"
"1913","B","4","LW","2",201,"Rock",3,1.49253731343284,"Rock","Abiotic_Cover"
"1914","B","4","LW","2",201,"ATCO",1,0.497512437810945,"Shrub","Plant"
"1915","B","4","LW","3",169,"ACHY",0,0,"Perennial_Grass","Plant"
"1916","B","4","LW","3",169,"ANBR",0,0,"Annual_Forb","Plant"
"1917","B","4","LW","3",169,"ASAM",0,0,"Annual_Forb","Plant"
"1918","B","4","LW","3",169,"Bromus",5,2.9585798816568,"Annual_Grass","Plant"
"1919","B","4","LW","3",169,"CHER",0,0,"Annual_Forb","Plant"
"1920","B","4","LW","3",169,"CYAC",0,0,"Annual_Forb","Plant"
"1921","B","4","LW","3",169,"DEAN",0,0,"Annual_Forb","Plant"
"1922","B","4","LW","3",169,"DEPI",0,0,"Annual_Forb","Plant"
"1923","B","4","LW","3",169,"Dark",8,4.73372781065089,"DkCy","Biocrust"
"1924","B","4","LW","3",169,"ENFR",0,0,"Annual_Forb","Plant"
"1925","B","4","LW","3",169,"EPTO",0,0,"Shrub","Plant"
"1926","B","4","LW","3",169,"ERIN",0,0,"Annual_Forb","Plant"
"1927","B","4","LW","3",169,"GAPI",0,0,"Annual_Forb","Plant"
"1928","B","4","LW","3",169,"GIIN",0,0,"Annual_Forb","Plant"
"1929","B","4","LW","3",169,"GUSA",8,4.73372781065089,"Shrub","Plant"
"1930","B","4","LW","3",169,"HIJA",0,0,"Perennial_Grass","Plant"
"1931","B","4","LW","3",169,"LYGR",1,0.591715976331361,"Annual_Forb","Plant"
"1932","B","4","LW","3",169,"Lichen",1,0.591715976331361,"Lichen","Biocrust"
"1933","B","4","LW","3",169,"Light",25,14.792899408284,"LtCy","Biocrust"
"1934","B","4","LW","3",169,"Litter",100,59.1715976331361,"Litter","Abiotic_Cover"
"1935","B","4","LW","3",169,"MAAF",0,0,"Annual_Forb","Plant"
"1936","B","4","LW","3",169,"MACA",0,0,"Annual_Forb","Plant"
"1937","B","4","LW","3",169,"Moss",1,0.591715976331361,"Moss","Biocrust"
"1938","B","4","LW","3",169,"OECA",0,0,"Annual_Forb","Plant"
"1939","B","4","LW","3",169,"OPUNT",0,0,"Cactus","Plant"
"1940","B","4","LW","3",169,"PlantBase",1,0.591715976331361,"Plant_Base","Plant"
"1941","B","4","LW","3",169,"SCWH",0,0,"Cactus","Plant"
"1942","B","4","LW","3",169,"STCO",0,0,"Perennial_Grass","Plant"
"1943","B","4","LW","3",169,"TILA",0,0,"Annual_Forb","Plant"
"1944","B","4","LW","3",169,"Bare",5,2.9585798816568,"Bare_Ground","Abiotic_Cover"
"1945","B","4","LW","3",169,"Chamber",11,6.50887573964497,"Chamber","Abiotic_Cover"
"1946","B","4","LW","3",169,"Rock",3,1.77514792899408,"Rock","Abiotic_Cover"
"1947","B","4","LW","3",169,"ATCO",0,0,"Shrub","Plant"
"1948","B","4","LW","4",179,"ACHY",7,3.91061452513966,"Perennial_Grass","Plant"
"1949","B","4","LW","4",179,"ANBR",0,0,"Annual_Forb","Plant"
"1950","B","4","LW","4",179,"ASAM",0,0,"Annual_Forb","Plant"
"1951","B","4","LW","4",179,"Bromus",18,10.0558659217877,"Annual_Grass","Plant"
"1952","B","4","LW","4",179,"CHER",0,0,"Annual_Forb","Plant"
"1953","B","4","LW","4",179,"CYAC",0,0,"Annual_Forb","Plant"
"1954","B","4","LW","4",179,"DEAN",2,1.11731843575419,"Annual_Forb","Plant"
"1955","B","4","LW","4",179,"DEPI",0,0,"Annual_Forb","Plant"
"1956","B","4","LW","4",179,"Dark",1,0.558659217877095,"DkCy","Biocrust"
"1957","B","4","LW","4",179,"ENFR",0,0,"Annual_Forb","Plant"
"1958","B","4","LW","4",179,"EPTO",0,0,"Shrub","Plant"
"1959","B","4","LW","4",179,"ERIN",0,0,"Annual_Forb","Plant"
"1960","B","4","LW","4",179,"GAPI",0,0,"Annual_Forb","Plant"
"1961","B","4","LW","4",179,"GIIN",0,0,"Annual_Forb","Plant"
"1962","B","4","LW","4",179,"GUSA",0,0,"Shrub","Plant"
"1963","B","4","LW","4",179,"HIJA",3,1.67597765363128,"Perennial_Grass","Plant"
"1964","B","4","LW","4",179,"LYGR",0,0,"Annual_Forb","Plant"
"1965","B","4","LW","4",179,"Lichen",0,0,"Lichen","Biocrust"
"1966","B","4","LW","4",179,"Light",37,20.6703910614525,"LtCy","Biocrust"
"1967","B","4","LW","4",179,"Litter",81,45.2513966480447,"Litter","Abiotic_Cover"
"1968","B","4","LW","4",179,"MAAF",0,0,"Annual_Forb","Plant"
"1969","B","4","LW","4",179,"MACA",0,0,"Annual_Forb","Plant"
"1970","B","4","LW","4",179,"Moss",0,0,"Moss","Biocrust"
"1971","B","4","LW","4",179,"OECA",0,0,"Annual_Forb","Plant"
"1972","B","4","LW","4",179,"OPUNT",2,1.11731843575419,"Cactus","Plant"
"1973","B","4","LW","4",179,"PlantBase",1,0.558659217877095,"Plant_Base","Plant"
"1974","B","4","LW","4",179,"SCWH",0,0,"Cactus","Plant"
"1975","B","4","LW","4",179,"STCO",0,0,"Perennial_Grass","Plant"
"1976","B","4","LW","4",179,"TILA",0,0,"Annual_Forb","Plant"
"1977","B","4","LW","4",179,"Bare",15,8.37988826815642,"Bare_Ground","Abiotic_Cover"
"1978","B","4","LW","4",179,"Chamber",0,0,"Chamber","Abiotic_Cover"
"1979","B","4","LW","4",179,"Rock",12,6.70391061452514,"Rock","Abiotic_Cover"
"1980","B","4","LW","4",179,"ATCO",0,0,"Shrub","Plant"
"1981","B","4","W","1",194,"ACHY",1,0.515463917525773,"Perennial_Grass","Plant"
"1982","B","4","W","1",194,"ANBR",0,0,"Annual_Forb","Plant"
"1983","B","4","W","1",194,"ASAM",0,0,"Annual_Forb","Plant"
"1984","B","4","W","1",194,"Bromus",28,14.4329896907216,"Annual_Grass","Plant"
"1985","B","4","W","1",194,"CHER",0,0,"Annual_Forb","Plant"
"1986","B","4","W","1",194,"CYAC",0,0,"Annual_Forb","Plant"
"1987","B","4","W","1",194,"DEAN",0,0,"Annual_Forb","Plant"
"1988","B","4","W","1",194,"DEPI",0,0,"Annual_Forb","Plant"
"1989","B","4","W","1",194,"Dark",23,11.8556701030928,"DkCy","Biocrust"
"1990","B","4","W","1",194,"ENFR",0,0,"Annual_Forb","Plant"
"1991","B","4","W","1",194,"EPTO",0,0,"Shrub","Plant"
"1992","B","4","W","1",194,"ERIN",0,0,"Annual_Forb","Plant"
"1993","B","4","W","1",194,"GAPI",0,0,"Annual_Forb","Plant"
"1994","B","4","W","1",194,"GIIN",0,0,"Annual_Forb","Plant"
"1995","B","4","W","1",194,"GUSA",15,7.7319587628866,"Shrub","Plant"
"1996","B","4","W","1",194,"HIJA",12,6.18556701030928,"Perennial_Grass","Plant"
"1997","B","4","W","1",194,"LYGR",0,0,"Annual_Forb","Plant"
"1998","B","4","W","1",194,"Lichen",7,3.60824742268041,"Lichen","Biocrust"
"1999","B","4","W","1",194,"Light",18,9.27835051546392,"LtCy","Biocrust"
"2000","B","4","W","1",194,"Litter",63,32.4742268041237,"Litter","Abiotic_Cover"
"2001","B","4","W","1",194,"MAAF",0,0,"Annual_Forb","Plant"
"2002","B","4","W","1",194,"MACA",0,0,"Annual_Forb","Plant"
"2003","B","4","W","1",194,"Moss",0,0,"Moss","Biocrust"
"2004","B","4","W","1",194,"OECA",0,0,"Annual_Forb","Plant"
"2005","B","4","W","1",194,"OPUNT",0,0,"Cactus","Plant"
"2006","B","4","W","1",194,"PlantBase",11,5.67010309278351,"Plant_Base","Plant"
"2007","B","4","W","1",194,"SCWH",0,0,"Cactus","Plant"
"2008","B","4","W","1",194,"STCO",0,0,"Perennial_Grass","Plant"
"2009","B","4","W","1",194,"TILA",0,0,"Annual_Forb","Plant"
"2010","B","4","W","1",194,"Bare",2,1.03092783505155,"Bare_Ground","Abiotic_Cover"
"2011","B","4","W","1",194,"Chamber",0,0,"Chamber","Abiotic_Cover"
"2012","B","4","W","1",194,"Rock",14,7.21649484536082,"Rock","Abiotic_Cover"
"2013","B","4","W","1",194,"ATCO",0,0,"Shrub","Plant"
"2014","B","4","W","2",209,"ACHY",0,0,"Perennial_Grass","Plant"
"2015","B","4","W","2",209,"ANBR",0,0,"Annual_Forb","Plant"
"2016","B","4","W","2",209,"ASAM",0,0,"Annual_Forb","Plant"
"2017","B","4","W","2",209,"Bromus",48,22.9665071770335,"Annual_Grass","Plant"
"2018","B","4","W","2",209,"CHER",0,0,"Annual_Forb","Plant"
"2019","B","4","W","2",209,"CYAC",0,0,"Annual_Forb","Plant"
"2020","B","4","W","2",209,"DEAN",0,0,"Annual_Forb","Plant"
"2021","B","4","W","2",209,"DEPI",0,0,"Annual_Forb","Plant"
"2022","B","4","W","2",209,"Dark",6,2.87081339712919,"DkCy","Biocrust"
"2023","B","4","W","2",209,"ENFR",0,0,"Annual_Forb","Plant"
"2024","B","4","W","2",209,"EPTO",0,0,"Shrub","Plant"
"2025","B","4","W","2",209,"ERIN",0,0,"Annual_Forb","Plant"
"2026","B","4","W","2",209,"GAPI",0,0,"Annual_Forb","Plant"
"2027","B","4","W","2",209,"GIIN",0,0,"Annual_Forb","Plant"
"2028","B","4","W","2",209,"GUSA",21,10.0478468899522,"Shrub","Plant"
"2029","B","4","W","2",209,"HIJA",11,5.26315789473684,"Perennial_Grass","Plant"
"2030","B","4","W","2",209,"LYGR",0,0,"Annual_Forb","Plant"
"2031","B","4","W","2",209,"Lichen",0,0,"Lichen","Biocrust"
"2032","B","4","W","2",209,"Light",5,2.39234449760766,"LtCy","Biocrust"
"2033","B","4","W","2",209,"Litter",86,41.1483253588517,"Litter","Abiotic_Cover"
"2034","B","4","W","2",209,"MAAF",0,0,"Annual_Forb","Plant"
"2035","B","4","W","2",209,"MACA",0,0,"Annual_Forb","Plant"
"2036","B","4","W","2",209,"Moss",0,0,"Moss","Biocrust"
"2037","B","4","W","2",209,"OECA",0,0,"Annual_Forb","Plant"
"2038","B","4","W","2",209,"OPUNT",0,0,"Cactus","Plant"
"2039","B","4","W","2",209,"PlantBase",14,6.69856459330144,"Plant_Base","Plant"
"2040","B","4","W","2",209,"SCWH",0,0,"Cactus","Plant"
"2041","B","4","W","2",209,"STCO",0,0,"Perennial_Grass","Plant"
"2042","B","4","W","2",209,"TILA",0,0,"Annual_Forb","Plant"
"2043","B","4","W","2",209,"Bare",1,0.478468899521531,"Bare_Ground","Abiotic_Cover"
"2044","B","4","W","2",209,"Chamber",0,0,"Chamber","Abiotic_Cover"
"2045","B","4","W","2",209,"Rock",14,6.69856459330144,"Rock","Abiotic_Cover"
"2046","B","4","W","2",209,"ATCO",3,1.43540669856459,"Shrub","Plant"
"2047","B","4","W","3",166,"ACHY",1,0.602409638554217,"Perennial_Grass","Plant"
"2048","B","4","W","3",166,"ANBR",0,0,"Annual_Forb","Plant"
"2049","B","4","W","3",166,"ASAM",0,0,"Annual_Forb","Plant"
"2050","B","4","W","3",166,"Bromus",15,9.03614457831325,"Annual_Grass","Plant"
"2051","B","4","W","3",166,"CHER",0,0,"Annual_Forb","Plant"
"2052","B","4","W","3",166,"CYAC",0,0,"Annual_Forb","Plant"
"2053","B","4","W","3",166,"DEAN",0,0,"Annual_Forb","Plant"
"2054","B","4","W","3",166,"DEPI",0,0,"Annual_Forb","Plant"
"2055","B","4","W","3",166,"Dark",22,13.2530120481928,"DkCy","Biocrust"
"2056","B","4","W","3",166,"ENFR",0,0,"Annual_Forb","Plant"
"2057","B","4","W","3",166,"EPTO",0,0,"Shrub","Plant"
"2058","B","4","W","3",166,"ERIN",1,0.602409638554217,"Annual_Forb","Plant"
"2059","B","4","W","3",166,"GAPI",0,0,"Annual_Forb","Plant"
"2060","B","4","W","3",166,"GIIN",0,0,"Annual_Forb","Plant"
"2061","B","4","W","3",166,"GUSA",0,0,"Shrub","Plant"
"2062","B","4","W","3",166,"HIJA",15,9.03614457831325,"Perennial_Grass","Plant"
"2063","B","4","W","3",166,"LYGR",0,0,"Annual_Forb","Plant"
"2064","B","4","W","3",166,"Lichen",5,3.01204819277108,"Lichen","Biocrust"
"2065","B","4","W","3",166,"Light",35,21.0843373493976,"LtCy","Biocrust"
"2066","B","4","W","3",166,"Litter",42,25.3012048192771,"Litter","Abiotic_Cover"
"2067","B","4","W","3",166,"MAAF",0,0,"Annual_Forb","Plant"
"2068","B","4","W","3",166,"MACA",0,0,"Annual_Forb","Plant"
"2069","B","4","W","3",166,"Moss",1,0.602409638554217,"Moss","Biocrust"
"2070","B","4","W","3",166,"OECA",0,0,"Annual_Forb","Plant"
"2071","B","4","W","3",166,"OPUNT",0,0,"Cactus","Plant"
"2072","B","4","W","3",166,"PlantBase",8,4.81927710843374,"Plant_Base","Plant"
"2073","B","4","W","3",166,"SCWH",0,0,"Cactus","Plant"
"2074","B","4","W","3",166,"STCO",0,0,"Perennial_Grass","Plant"
"2075","B","4","W","3",166,"TILA",0,0,"Annual_Forb","Plant"
"2076","B","4","W","3",166,"Bare",0,0,"Bare_Ground","Abiotic_Cover"
"2077","B","4","W","3",166,"Chamber",12,7.2289156626506,"Chamber","Abiotic_Cover"
"2078","B","4","W","3",166,"Rock",9,5.42168674698795,"Rock","Abiotic_Cover"
"2079","B","4","W","3",166,"ATCO",0,0,"Shrub","Plant"
"2080","B","4","W","4",218,"ACHY",20,9.1743119266055,"Perennial_Grass","Plant"
"2081","B","4","W","4",218,"ANBR",0,0,"Annual_Forb","Plant"
"2082","B","4","W","4",218,"ASAM",0,0,"Annual_Forb","Plant"
"2083","B","4","W","4",218,"Bromus",34,15.5963302752294,"Annual_Grass","Plant"
"2084","B","4","W","4",218,"CHER",0,0,"Annual_Forb","Plant"
"2085","B","4","W","4",218,"CYAC",0,0,"Annual_Forb","Plant"
"2086","B","4","W","4",218,"DEAN",0,0,"Annual_Forb","Plant"
"2087","B","4","W","4",218,"DEPI",0,0,"Annual_Forb","Plant"
"2088","B","4","W","4",218,"Dark",21,9.63302752293578,"DkCy","Biocrust"
"2089","B","4","W","4",218,"ENFR",0,0,"Annual_Forb","Plant"
"2090","B","4","W","4",218,"EPTO",0,0,"Shrub","Plant"
"2091","B","4","W","4",218,"ERIN",0,0,"Annual_Forb","Plant"
"2092","B","4","W","4",218,"GAPI",0,0,"Annual_Forb","Plant"
"2093","B","4","W","4",218,"GIIN",1,0.458715596330275,"Annual_Forb","Plant"
"2094","B","4","W","4",218,"GUSA",4,1.8348623853211,"Shrub","Plant"
"2095","B","4","W","4",218,"HIJA",17,7.79816513761468,"Perennial_Grass","Plant"
"2096","B","4","W","4",218,"LYGR",0,0,"Annual_Forb","Plant"
"2097","B","4","W","4",218,"Lichen",3,1.37614678899083,"Lichen","Biocrust"
"2098","B","4","W","4",218,"Light",23,10.5504587155963,"LtCy","Biocrust"
"2099","B","4","W","4",218,"Litter",69,31.651376146789,"Litter","Abiotic_Cover"
"2100","B","4","W","4",218,"MAAF",0,0,"Annual_Forb","Plant"
"2101","B","4","W","4",218,"MACA",0,0,"Annual_Forb","Plant"
"2102","B","4","W","4",218,"Moss",0,0,"Moss","Biocrust"
"2103","B","4","W","4",218,"OECA",0,0,"Annual_Forb","Plant"
"2104","B","4","W","4",218,"OPUNT",0,0,"Cactus","Plant"
"2105","B","4","W","4",218,"PlantBase",14,6.42201834862385,"Plant_Base","Plant"
"2106","B","4","W","4",218,"SCWH",0,0,"Cactus","Plant"
"2107","B","4","W","4",218,"STCO",0,0,"Perennial_Grass","Plant"
"2108","B","4","W","4",218,"TILA",0,0,"Annual_Forb","Plant"
"2109","B","4","W","4",218,"Bare",0,0,"Bare_Ground","Abiotic_Cover"
"2110","B","4","W","4",218,"Chamber",0,0,"Chamber","Abiotic_Cover"
"2111","B","4","W","4",218,"Rock",12,5.5045871559633,"Rock","Abiotic_Cover"
"2112","B","4","W","4",218,"ATCO",0,0,"Shrub","Plant"
"2113","B","5","C","1",173,"ACHY",2,1.15606936416185,"Perennial_Grass","Plant"
"2114","B","5","C","1",173,"ANBR",0,0,"Annual_Forb","Plant"
"2115","B","5","C","1",173,"ASAM",0,0,"Annual_Forb","Plant"
"2116","B","5","C","1",173,"Bromus",18,10.4046242774566,"Annual_Grass","Plant"
"2117","B","5","C","1",173,"CHER",0,0,"Annual_Forb","Plant"
"2118","B","5","C","1",173,"CYAC",0,0,"Annual_Forb","Plant"
"2119","B","5","C","1",173,"DEAN",0,0,"Annual_Forb","Plant"
"2120","B","5","C","1",173,"DEPI",0,0,"Annual_Forb","Plant"
"2121","B","5","C","1",173,"Dark",7,4.04624277456647,"DkCy","Biocrust"
"2122","B","5","C","1",173,"ENFR",0,0,"Annual_Forb","Plant"
"2123","B","5","C","1",173,"EPTO",0,0,"Shrub","Plant"
"2124","B","5","C","1",173,"ERIN",0,0,"Annual_Forb","Plant"
"2125","B","5","C","1",173,"GAPI",0,0,"Annual_Forb","Plant"
"2126","B","5","C","1",173,"GIIN",0,0,"Annual_Forb","Plant"
"2127","B","5","C","1",173,"GUSA",11,6.35838150289017,"Shrub","Plant"
"2128","B","5","C","1",173,"HIJA",6,3.46820809248555,"Perennial_Grass","Plant"
"2129","B","5","C","1",173,"LYGR",0,0,"Annual_Forb","Plant"
"2130","B","5","C","1",173,"Lichen",2,1.15606936416185,"Lichen","Biocrust"
"2131","B","5","C","1",173,"Light",6,3.46820809248555,"LtCy","Biocrust"
"2132","B","5","C","1",173,"Litter",63,36.4161849710983,"Litter","Abiotic_Cover"
"2133","B","5","C","1",173,"MAAF",0,0,"Annual_Forb","Plant"
"2134","B","5","C","1",173,"MACA",0,0,"Annual_Forb","Plant"
"2135","B","5","C","1",173,"Moss",38,21.9653179190751,"Moss","Biocrust"
"2136","B","5","C","1",173,"OECA",0,0,"Annual_Forb","Plant"
"2137","B","5","C","1",173,"OPUNT",0,0,"Cactus","Plant"
"2138","B","5","C","1",173,"PlantBase",6,3.46820809248555,"Plant_Base","Plant"
"2139","B","5","C","1",173,"SCWH",0,0,"Cactus","Plant"
"2140","B","5","C","1",173,"STCO",0,0,"Perennial_Grass","Plant"
"2141","B","5","C","1",173,"TILA",0,0,"Annual_Forb","Plant"
"2142","B","5","C","1",173,"Bare",0,0,"Bare_Ground","Abiotic_Cover"
"2143","B","5","C","1",173,"Chamber",0,0,"Chamber","Abiotic_Cover"
"2144","B","5","C","1",173,"Rock",5,2.89017341040462,"Rock","Abiotic_Cover"
"2145","B","5","C","1",173,"ATCO",9,5.20231213872832,"Shrub","Plant"
"2146","B","5","C","2",144,"ACHY",0,0,"Perennial_Grass","Plant"
"2147","B","5","C","2",144,"ANBR",0,0,"Annual_Forb","Plant"
"2148","B","5","C","2",144,"ASAM",0,0,"Annual_Forb","Plant"
"2149","B","5","C","2",144,"Bromus",14,9.72222222222222,"Annual_Grass","Plant"
"2150","B","5","C","2",144,"CHER",0,0,"Annual_Forb","Plant"
"2151","B","5","C","2",144,"CYAC",0,0,"Annual_Forb","Plant"
"2152","B","5","C","2",144,"DEAN",0,0,"Annual_Forb","Plant"
"2153","B","5","C","2",144,"DEPI",0,0,"Annual_Forb","Plant"
"2154","B","5","C","2",144,"Dark",21,14.5833333333333,"DkCy","Biocrust"
"2155","B","5","C","2",144,"ENFR",0,0,"Annual_Forb","Plant"
"2156","B","5","C","2",144,"EPTO",0,0,"Shrub","Plant"
"2157","B","5","C","2",144,"ERIN",0,0,"Annual_Forb","Plant"
"2158","B","5","C","2",144,"GAPI",0,0,"Annual_Forb","Plant"
"2159","B","5","C","2",144,"GIIN",0,0,"Annual_Forb","Plant"
"2160","B","5","C","2",144,"GUSA",0,0,"Shrub","Plant"
"2161","B","5","C","2",144,"HIJA",8,5.55555555555556,"Perennial_Grass","Plant"
"2162","B","5","C","2",144,"LYGR",0,0,"Annual_Forb","Plant"
"2163","B","5","C","2",144,"Lichen",4,2.77777777777778,"Lichen","Biocrust"
"2164","B","5","C","2",144,"Light",3,2.08333333333333,"LtCy","Biocrust"
"2165","B","5","C","2",144,"Litter",47,32.6388888888889,"Litter","Abiotic_Cover"
"2166","B","5","C","2",144,"MAAF",0,0,"Annual_Forb","Plant"
"2167","B","5","C","2",144,"MACA",0,0,"Annual_Forb","Plant"
"2168","B","5","C","2",144,"Moss",34,23.6111111111111,"Moss","Biocrust"
"2169","B","5","C","2",144,"OECA",0,0,"Annual_Forb","Plant"
"2170","B","5","C","2",144,"OPUNT",0,0,"Cactus","Plant"
"2171","B","5","C","2",144,"PlantBase",4,2.77777777777778,"Plant_Base","Plant"
"2172","B","5","C","2",144,"SCWH",0,0,"Cactus","Plant"
"2173","B","5","C","2",144,"STCO",0,0,"Perennial_Grass","Plant"
"2174","B","5","C","2",144,"TILA",0,0,"Annual_Forb","Plant"
"2175","B","5","C","2",144,"Bare",1,0.694444444444444,"Bare_Ground","Abiotic_Cover"
"2176","B","5","C","2",144,"Chamber",0,0,"Chamber","Abiotic_Cover"
"2177","B","5","C","2",144,"Rock",8,5.55555555555556,"Rock","Abiotic_Cover"
"2178","B","5","C","2",144,"ATCO",0,0,"Shrub","Plant"
"2179","B","5","C","3",186,"ACHY",7,3.76344086021505,"Perennial_Grass","Plant"
"2180","B","5","C","3",186,"ANBR",0,0,"Annual_Forb","Plant"
"2181","B","5","C","3",186,"ASAM",0,0,"Annual_Forb","Plant"
"2182","B","5","C","3",186,"Bromus",14,7.52688172043011,"Annual_Grass","Plant"
"2183","B","5","C","3",186,"CHER",0,0,"Annual_Forb","Plant"
"2184","B","5","C","3",186,"CYAC",0,0,"Annual_Forb","Plant"
"2185","B","5","C","3",186,"DEAN",0,0,"Annual_Forb","Plant"
"2186","B","5","C","3",186,"DEPI",0,0,"Annual_Forb","Plant"
"2187","B","5","C","3",186,"Dark",15,8.06451612903226,"DkCy","Biocrust"
"2188","B","5","C","3",186,"ENFR",0,0,"Annual_Forb","Plant"
"2189","B","5","C","3",186,"EPTO",0,0,"Shrub","Plant"
"2190","B","5","C","3",186,"ERIN",0,0,"Annual_Forb","Plant"
"2191","B","5","C","3",186,"GAPI",0,0,"Annual_Forb","Plant"
"2192","B","5","C","3",186,"GIIN",0,0,"Annual_Forb","Plant"
"2193","B","5","C","3",186,"GUSA",1,0.537634408602151,"Shrub","Plant"
"2194","B","5","C","3",186,"HIJA",9,4.83870967741935,"Perennial_Grass","Plant"
"2195","B","5","C","3",186,"LYGR",0,0,"Annual_Forb","Plant"
"2196","B","5","C","3",186,"Lichen",6,3.2258064516129,"Lichen","Biocrust"
"2197","B","5","C","3",186,"Light",5,2.68817204301075,"LtCy","Biocrust"
"2198","B","5","C","3",186,"Litter",77,41.3978494623656,"Litter","Abiotic_Cover"
"2199","B","5","C","3",186,"MAAF",0,0,"Annual_Forb","Plant"
"2200","B","5","C","3",186,"MACA",0,0,"Annual_Forb","Plant"
"2201","B","5","C","3",186,"Moss",29,15.5913978494624,"Moss","Biocrust"
"2202","B","5","C","3",186,"OECA",0,0,"Annual_Forb","Plant"
"2203","B","5","C","3",186,"OPUNT",0,0,"Cactus","Plant"
"2204","B","5","C","3",186,"PlantBase",9,4.83870967741935,"Plant_Base","Plant"
"2205","B","5","C","3",186,"SCWH",0,0,"Cactus","Plant"
"2206","B","5","C","3",186,"STCO",0,0,"Perennial_Grass","Plant"
"2207","B","5","C","3",186,"TILA",0,0,"Annual_Forb","Plant"
"2208","B","5","C","3",186,"Bare",0,0,"Bare_Ground","Abiotic_Cover"
"2209","B","5","C","3",186,"Chamber",12,6.45161290322581,"Chamber","Abiotic_Cover"
"2210","B","5","C","3",186,"Rock",2,1.0752688172043,"Rock","Abiotic_Cover"
"2211","B","5","C","3",186,"ATCO",0,0,"Shrub","Plant"
"2212","B","5","C","4",193,"ACHY",22,11.3989637305699,"Perennial_Grass","Plant"
"2213","B","5","C","4",193,"ANBR",0,0,"Annual_Forb","Plant"
"2214","B","5","C","4",193,"ASAM",0,0,"Annual_Forb","Plant"
"2215","B","5","C","4",193,"Bromus",16,8.29015544041451,"Annual_Grass","Plant"
"2216","B","5","C","4",193,"CHER",0,0,"Annual_Forb","Plant"
"2217","B","5","C","4",193,"CYAC",0,0,"Annual_Forb","Plant"
"2218","B","5","C","4",193,"DEAN",0,0,"Annual_Forb","Plant"
"2219","B","5","C","4",193,"DEPI",0,0,"Annual_Forb","Plant"
"2220","B","5","C","4",193,"Dark",9,4.66321243523316,"DkCy","Biocrust"
"2221","B","5","C","4",193,"ENFR",0,0,"Annual_Forb","Plant"
"2222","B","5","C","4",193,"EPTO",0,0,"Shrub","Plant"
"2223","B","5","C","4",193,"ERIN",0,0,"Annual_Forb","Plant"
"2224","B","5","C","4",193,"GAPI",0,0,"Annual_Forb","Plant"
"2225","B","5","C","4",193,"GIIN",1,0.518134715025907,"Annual_Forb","Plant"
"2226","B","5","C","4",193,"GUSA",0,0,"Shrub","Plant"
"2227","B","5","C","4",193,"HIJA",15,7.7720207253886,"Perennial_Grass","Plant"
"2228","B","5","C","4",193,"LYGR",0,0,"Annual_Forb","Plant"
"2229","B","5","C","4",193,"Lichen",1,0.518134715025907,"Lichen","Biocrust"
"2230","B","5","C","4",193,"Light",2,1.03626943005181,"LtCy","Biocrust"
"2231","B","5","C","4",193,"Litter",87,45.0777202072539,"Litter","Abiotic_Cover"
"2232","B","5","C","4",193,"MAAF",0,0,"Annual_Forb","Plant"
"2233","B","5","C","4",193,"MACA",0,0,"Annual_Forb","Plant"
"2234","B","5","C","4",193,"Moss",21,10.880829015544,"Moss","Biocrust"
"2235","B","5","C","4",193,"OECA",0,0,"Annual_Forb","Plant"
"2236","B","5","C","4",193,"OPUNT",0,0,"Cactus","Plant"
"2237","B","5","C","4",193,"PlantBase",13,6.73575129533679,"Plant_Base","Plant"
"2238","B","5","C","4",193,"SCWH",0,0,"Cactus","Plant"
"2239","B","5","C","4",193,"STCO",0,0,"Perennial_Grass","Plant"
"2240","B","5","C","4",193,"TILA",0,0,"Annual_Forb","Plant"
"2241","B","5","C","4",193,"Bare",0,0,"Bare_Ground","Abiotic_Cover"
"2242","B","5","C","4",193,"Chamber",0,0,"Chamber","Abiotic_Cover"
"2243","B","5","C","4",193,"Rock",6,3.10880829015544,"Rock","Abiotic_Cover"
"2244","B","5","C","4",193,"ATCO",0,0,"Shrub","Plant"
"2245","B","5","L","1",157,"ACHY",0,0,"Perennial_Grass","Plant"
"2246","B","5","L","1",157,"ANBR",0,0,"Annual_Forb","Plant"
"2247","B","5","L","1",157,"ASAM",0,0,"Annual_Forb","Plant"
"2248","B","5","L","1",157,"Bromus",11,7.00636942675159,"Annual_Grass","Plant"
"2249","B","5","L","1",157,"CHER",0,0,"Annual_Forb","Plant"
"2250","B","5","L","1",157,"CYAC",0,0,"Annual_Forb","Plant"
"2251","B","5","L","1",157,"DEAN",0,0,"Annual_Forb","Plant"
"2252","B","5","L","1",157,"DEPI",0,0,"Annual_Forb","Plant"
"2253","B","5","L","1",157,"Dark",0,0,"DkCy","Biocrust"
"2254","B","5","L","1",157,"ENFR",0,0,"Annual_Forb","Plant"
"2255","B","5","L","1",157,"EPTO",0,0,"Shrub","Plant"
"2256","B","5","L","1",157,"ERIN",0,0,"Annual_Forb","Plant"
"2257","B","5","L","1",157,"GAPI",0,0,"Annual_Forb","Plant"
"2258","B","5","L","1",157,"GIIN",0,0,"Annual_Forb","Plant"
"2259","B","5","L","1",157,"GUSA",11,7.00636942675159,"Shrub","Plant"
"2260","B","5","L","1",157,"HIJA",1,0.636942675159236,"Perennial_Grass","Plant"
"2261","B","5","L","1",157,"LYGR",0,0,"Annual_Forb","Plant"
"2262","B","5","L","1",157,"Lichen",3,1.91082802547771,"Lichen","Biocrust"
"2263","B","5","L","1",157,"Light",36,22.9299363057325,"LtCy","Biocrust"
"2264","B","5","L","1",157,"Litter",76,48.4076433121019,"Litter","Abiotic_Cover"
"2265","B","5","L","1",157,"MAAF",2,1.27388535031847,"Annual_Forb","Plant"
"2266","B","5","L","1",157,"MACA",0,0,"Annual_Forb","Plant"
"2267","B","5","L","1",157,"Moss",9,5.73248407643312,"Moss","Biocrust"
"2268","B","5","L","1",157,"OECA",0,0,"Annual_Forb","Plant"
"2269","B","5","L","1",157,"OPUNT",0,0,"Cactus","Plant"
"2270","B","5","L","1",157,"PlantBase",3,1.91082802547771,"Plant_Base","Plant"
"2271","B","5","L","1",157,"SCWH",0,0,"Cactus","Plant"
"2272","B","5","L","1",157,"STCO",0,0,"Perennial_Grass","Plant"
"2273","B","5","L","1",157,"TILA",0,0,"Annual_Forb","Plant"
"2274","B","5","L","1",157,"Bare",0,0,"Bare_Ground","Abiotic_Cover"
"2275","B","5","L","1",157,"Chamber",0,0,"Chamber","Abiotic_Cover"
"2276","B","5","L","1",157,"Rock",5,3.18471337579618,"Rock","Abiotic_Cover"
"2277","B","5","L","1",157,"ATCO",0,0,"Shrub","Plant"
"2278","B","5","L","2",124,"ACHY",0,0,"Perennial_Grass","Plant"
"2279","B","5","L","2",124,"ANBR",0,0,"Annual_Forb","Plant"
"2280","B","5","L","2",124,"ASAM",0,0,"Annual_Forb","Plant"
"2281","B","5","L","2",124,"Bromus",1,0.806451612903226,"Annual_Grass","Plant"
"2282","B","5","L","2",124,"CHER",0,0,"Annual_Forb","Plant"
"2283","B","5","L","2",124,"CYAC",0,0,"Annual_Forb","Plant"
"2284","B","5","L","2",124,"DEAN",0,0,"Annual_Forb","Plant"
"2285","B","5","L","2",124,"DEPI",0,0,"Annual_Forb","Plant"
"2286","B","5","L","2",124,"Dark",0,0,"DkCy","Biocrust"
"2287","B","5","L","2",124,"ENFR",0,0,"Annual_Forb","Plant"
"2288","B","5","L","2",124,"EPTO",0,0,"Shrub","Plant"
"2289","B","5","L","2",124,"ERIN",0,0,"Annual_Forb","Plant"
"2290","B","5","L","2",124,"GAPI",0,0,"Annual_Forb","Plant"
"2291","B","5","L","2",124,"GIIN",0,0,"Annual_Forb","Plant"
"2292","B","5","L","2",124,"GUSA",0,0,"Shrub","Plant"
"2293","B","5","L","2",124,"HIJA",0,0,"Perennial_Grass","Plant"
"2294","B","5","L","2",124,"LYGR",0,0,"Annual_Forb","Plant"
"2295","B","5","L","2",124,"Lichen",2,1.61290322580645,"Lichen","Biocrust"
"2296","B","5","L","2",124,"Light",64,51.6129032258064,"LtCy","Biocrust"
"2297","B","5","L","2",124,"Litter",33,26.6129032258064,"Litter","Abiotic_Cover"
"2298","B","5","L","2",124,"MAAF",0,0,"Annual_Forb","Plant"
"2299","B","5","L","2",124,"MACA",0,0,"Annual_Forb","Plant"
"2300","B","5","L","2",124,"Moss",12,9.67741935483871,"Moss","Biocrust"
"2301","B","5","L","2",124,"OECA",0,0,"Annual_Forb","Plant"
"2302","B","5","L","2",124,"OPUNT",0,0,"Cactus","Plant"
"2303","B","5","L","2",124,"PlantBase",0,0,"Plant_Base","Plant"
"2304","B","5","L","2",124,"SCWH",0,0,"Cactus","Plant"
"2305","B","5","L","2",124,"STCO",0,0,"Perennial_Grass","Plant"
"2306","B","5","L","2",124,"TILA",0,0,"Annual_Forb","Plant"
"2307","B","5","L","2",124,"Bare",4,3.2258064516129,"Bare_Ground","Abiotic_Cover"
"2308","B","5","L","2",124,"Chamber",0,0,"Chamber","Abiotic_Cover"
"2309","B","5","L","2",124,"Rock",8,6.45161290322581,"Rock","Abiotic_Cover"
"2310","B","5","L","2",124,"ATCO",0,0,"Shrub","Plant"
"2311","B","5","L","3",191,"ACHY",3,1.57068062827225,"Perennial_Grass","Plant"
"2312","B","5","L","3",191,"ANBR",0,0,"Annual_Forb","Plant"
"2313","B","5","L","3",191,"ASAM",0,0,"Annual_Forb","Plant"
"2314","B","5","L","3",191,"Bromus",14,7.32984293193717,"Annual_Grass","Plant"
"2315","B","5","L","3",191,"CHER",0,0,"Annual_Forb","Plant"
"2316","B","5","L","3",191,"CYAC",0,0,"Annual_Forb","Plant"
"2317","B","5","L","3",191,"DEAN",0,0,"Annual_Forb","Plant"
"2318","B","5","L","3",191,"DEPI",0,0,"Annual_Forb","Plant"
"2319","B","5","L","3",191,"Dark",3,1.57068062827225,"DkCy","Biocrust"
"2320","B","5","L","3",191,"ENFR",0,0,"Annual_Forb","Plant"
"2321","B","5","L","3",191,"EPTO",0,0,"Shrub","Plant"
"2322","B","5","L","3",191,"ERIN",0,0,"Annual_Forb","Plant"
"2323","B","5","L","3",191,"GAPI",0,0,"Annual_Forb","Plant"
"2324","B","5","L","3",191,"GIIN",0,0,"Annual_Forb","Plant"
"2325","B","5","L","3",191,"GUSA",0,0,"Shrub","Plant"
"2326","B","5","L","3",191,"HIJA",2,1.04712041884817,"Perennial_Grass","Plant"
"2327","B","5","L","3",191,"LYGR",0,0,"Annual_Forb","Plant"
"2328","B","5","L","3",191,"Lichen",0,0,"Lichen","Biocrust"
"2329","B","5","L","3",191,"Light",44,23.0366492146597,"LtCy","Biocrust"
"2330","B","5","L","3",191,"Litter",85,44.5026178010471,"Litter","Abiotic_Cover"
"2331","B","5","L","3",191,"MAAF",0,0,"Annual_Forb","Plant"
"2332","B","5","L","3",191,"MACA",0,0,"Annual_Forb","Plant"
"2333","B","5","L","3",191,"Moss",25,13.0890052356021,"Moss","Biocrust"
"2334","B","5","L","3",191,"OECA",0,0,"Annual_Forb","Plant"
"2335","B","5","L","3",191,"OPUNT",0,0,"Cactus","Plant"
"2336","B","5","L","3",191,"PlantBase",1,0.523560209424084,"Plant_Base","Plant"
"2337","B","5","L","3",191,"SCWH",0,0,"Cactus","Plant"
"2338","B","5","L","3",191,"STCO",0,0,"Perennial_Grass","Plant"
"2339","B","5","L","3",191,"TILA",0,0,"Annual_Forb","Plant"
"2340","B","5","L","3",191,"Bare",0,0,"Bare_Ground","Abiotic_Cover"
"2341","B","5","L","3",191,"Chamber",13,6.80628272251309,"Chamber","Abiotic_Cover"
"2342","B","5","L","3",191,"Rock",1,0.523560209424084,"Rock","Abiotic_Cover"
"2343","B","5","L","3",191,"ATCO",0,0,"Shrub","Plant"
"2344","B","5","L","4",212,"ACHY",0,0,"Perennial_Grass","Plant"
"2345","B","5","L","4",212,"ANBR",0,0,"Annual_Forb","Plant"
"2346","B","5","L","4",212,"ASAM",0,0,"Annual_Forb","Plant"
"2347","B","5","L","4",212,"Bromus",41,19.3396226415094,"Annual_Grass","Plant"
"2348","B","5","L","4",212,"CHER",0,0,"Annual_Forb","Plant"
"2349","B","5","L","4",212,"CYAC",0,0,"Annual_Forb","Plant"
"2350","B","5","L","4",212,"DEAN",0,0,"Annual_Forb","Plant"
"2351","B","5","L","4",212,"DEPI",0,0,"Annual_Forb","Plant"
"2352","B","5","L","4",212,"Dark",0,0,"DkCy","Biocrust"
"2353","B","5","L","4",212,"ENFR",0,0,"Annual_Forb","Plant"
"2354","B","5","L","4",212,"EPTO",0,0,"Shrub","Plant"
"2355","B","5","L","4",212,"ERIN",0,0,"Annual_Forb","Plant"
"2356","B","5","L","4",212,"GAPI",0,0,"Annual_Forb","Plant"
"2357","B","5","L","4",212,"GIIN",0,0,"Annual_Forb","Plant"
"2358","B","5","L","4",212,"GUSA",0,0,"Shrub","Plant"
"2359","B","5","L","4",212,"HIJA",4,1.88679245283019,"Perennial_Grass","Plant"
"2360","B","5","L","4",212,"LYGR",0,0,"Annual_Forb","Plant"
"2361","B","5","L","4",212,"Lichen",0,0,"Lichen","Biocrust"
"2362","B","5","L","4",212,"Light",58,27.3584905660377,"LtCy","Biocrust"
"2363","B","5","L","4",212,"Litter",96,45.2830188679245,"Litter","Abiotic_Cover"
"2364","B","5","L","4",212,"MAAF",0,0,"Annual_Forb","Plant"
"2365","B","5","L","4",212,"MACA",0,0,"Annual_Forb","Plant"
"2366","B","5","L","4",212,"Moss",8,3.77358490566038,"Moss","Biocrust"
"2367","B","5","L","4",212,"OECA",0,0,"Annual_Forb","Plant"
"2368","B","5","L","4",212,"OPUNT",0,0,"Cactus","Plant"
"2369","B","5","L","4",212,"PlantBase",3,1.41509433962264,"Plant_Base","Plant"
"2370","B","5","L","4",212,"SCWH",0,0,"Cactus","Plant"
"2371","B","5","L","4",212,"STCO",0,0,"Perennial_Grass","Plant"
"2372","B","5","L","4",212,"TILA",0,0,"Annual_Forb","Plant"
"2373","B","5","L","4",212,"Bare",0,0,"Bare_Ground","Abiotic_Cover"
"2374","B","5","L","4",212,"Chamber",0,0,"Chamber","Abiotic_Cover"
"2375","B","5","L","4",212,"Rock",2,0.943396226415094,"Rock","Abiotic_Cover"
"2376","B","5","L","4",212,"ATCO",0,0,"Shrub","Plant"
"2377","B","5","LW","1",145,"ACHY",0,0,"Perennial_Grass","Plant"
"2378","B","5","LW","1",145,"ANBR",0,0,"Annual_Forb","Plant"
"2379","B","5","LW","1",145,"ASAM",0,0,"Annual_Forb","Plant"
"2380","B","5","LW","1",145,"Bromus",15,10.3448275862069,"Annual_Grass","Plant"
"2381","B","5","LW","1",145,"CHER",0,0,"Annual_Forb","Plant"
"2382","B","5","LW","1",145,"CYAC",0,0,"Annual_Forb","Plant"
"2383","B","5","LW","1",145,"DEAN",0,0,"Annual_Forb","Plant"
"2384","B","5","LW","1",145,"DEPI",0,0,"Annual_Forb","Plant"
"2385","B","5","LW","1",145,"Dark",1,0.689655172413793,"DkCy","Biocrust"
"2386","B","5","LW","1",145,"ENFR",0,0,"Annual_Forb","Plant"
"2387","B","5","LW","1",145,"EPTO",0,0,"Shrub","Plant"
"2388","B","5","LW","1",145,"ERIN",0,0,"Annual_Forb","Plant"
"2389","B","5","LW","1",145,"GAPI",0,0,"Annual_Forb","Plant"
"2390","B","5","LW","1",145,"GIIN",0,0,"Annual_Forb","Plant"
"2391","B","5","LW","1",145,"GUSA",0,0,"Shrub","Plant"
"2392","B","5","LW","1",145,"HIJA",2,1.37931034482759,"Perennial_Grass","Plant"
"2393","B","5","LW","1",145,"LYGR",0,0,"Annual_Forb","Plant"
"2394","B","5","LW","1",145,"Lichen",0,0,"Lichen","Biocrust"
"2395","B","5","LW","1",145,"Light",24,16.551724137931,"LtCy","Biocrust"
"2396","B","5","LW","1",145,"Litter",90,62.0689655172414,"Litter","Abiotic_Cover"
"2397","B","5","LW","1",145,"MAAF",0,0,"Annual_Forb","Plant"
"2398","B","5","LW","1",145,"MACA",0,0,"Annual_Forb","Plant"
"2399","B","5","LW","1",145,"Moss",0,0,"Moss","Biocrust"
"2400","B","5","LW","1",145,"OECA",2,1.37931034482759,"Annual_Forb","Plant"
"2401","B","5","LW","1",145,"OPUNT",0,0,"Cactus","Plant"
"2402","B","5","LW","1",145,"PlantBase",1,0.689655172413793,"Plant_Base","Plant"
"2403","B","5","LW","1",145,"SCWH",0,0,"Cactus","Plant"
"2404","B","5","LW","1",145,"STCO",0,0,"Perennial_Grass","Plant"
"2405","B","5","LW","1",145,"TILA",0,0,"Annual_Forb","Plant"
"2406","B","5","LW","1",145,"Bare",0,0,"Bare_Ground","Abiotic_Cover"
"2407","B","5","LW","1",145,"Chamber",0,0,"Chamber","Abiotic_Cover"
"2408","B","5","LW","1",145,"Rock",10,6.89655172413793,"Rock","Abiotic_Cover"
"2409","B","5","LW","1",145,"ATCO",0,0,"Shrub","Plant"
"2410","B","5","LW","2",140,"ACHY",0,0,"Perennial_Grass","Plant"
"2411","B","5","LW","2",140,"ANBR",0,0,"Annual_Forb","Plant"
"2412","B","5","LW","2",140,"ASAM",0,0,"Annual_Forb","Plant"
"2413","B","5","LW","2",140,"Bromus",12,8.57142857142857,"Annual_Grass","Plant"
"2414","B","5","LW","2",140,"CHER",0,0,"Annual_Forb","Plant"
"2415","B","5","LW","2",140,"CYAC",0,0,"Annual_Forb","Plant"
"2416","B","5","LW","2",140,"DEAN",0,0,"Annual_Forb","Plant"
"2417","B","5","LW","2",140,"DEPI",0,0,"Annual_Forb","Plant"
"2418","B","5","LW","2",140,"Dark",0,0,"DkCy","Biocrust"
"2419","B","5","LW","2",140,"ENFR",0,0,"Annual_Forb","Plant"
"2420","B","5","LW","2",140,"EPTO",0,0,"Shrub","Plant"
"2421","B","5","LW","2",140,"ERIN",0,0,"Annual_Forb","Plant"
"2422","B","5","LW","2",140,"GAPI",0,0,"Annual_Forb","Plant"
"2423","B","5","LW","2",140,"GIIN",0,0,"Annual_Forb","Plant"
"2424","B","5","LW","2",140,"GUSA",8,5.71428571428571,"Shrub","Plant"
"2425","B","5","LW","2",140,"HIJA",3,2.14285714285714,"Perennial_Grass","Plant"
"2426","B","5","LW","2",140,"LYGR",0,0,"Annual_Forb","Plant"
"2427","B","5","LW","2",140,"Lichen",0,0,"Lichen","Biocrust"
"2428","B","5","LW","2",140,"Light",54,38.5714285714286,"LtCy","Biocrust"
"2429","B","5","LW","2",140,"Litter",48,34.2857142857143,"Litter","Abiotic_Cover"
"2430","B","5","LW","2",140,"MAAF",0,0,"Annual_Forb","Plant"
"2431","B","5","LW","2",140,"MACA",0,0,"Annual_Forb","Plant"
"2432","B","5","LW","2",140,"Moss",0,0,"Moss","Biocrust"
"2433","B","5","LW","2",140,"OECA",0,0,"Annual_Forb","Plant"
"2434","B","5","LW","2",140,"OPUNT",0,0,"Cactus","Plant"
"2435","B","5","LW","2",140,"PlantBase",6,4.28571428571429,"Plant_Base","Plant"
"2436","B","5","LW","2",140,"SCWH",0,0,"Cactus","Plant"
"2437","B","5","LW","2",140,"STCO",0,0,"Perennial_Grass","Plant"
"2438","B","5","LW","2",140,"TILA",0,0,"Annual_Forb","Plant"
"2439","B","5","LW","2",140,"Bare",3,2.14285714285714,"Bare_Ground","Abiotic_Cover"
"2440","B","5","LW","2",140,"Chamber",0,0,"Chamber","Abiotic_Cover"
"2441","B","5","LW","2",140,"Rock",6,4.28571428571429,"Rock","Abiotic_Cover"
"2442","B","5","LW","2",140,"ATCO",0,0,"Shrub","Plant"
"2443","B","5","LW","3",156,"ACHY",2,1.28205128205128,"Perennial_Grass","Plant"
"2444","B","5","LW","3",156,"ANBR",0,0,"Annual_Forb","Plant"
"2445","B","5","LW","3",156,"ASAM",0,0,"Annual_Forb","Plant"
"2446","B","5","LW","3",156,"Bromus",22,14.1025641025641,"Annual_Grass","Plant"
"2447","B","5","LW","3",156,"CHER",0,0,"Annual_Forb","Plant"
"2448","B","5","LW","3",156,"CYAC",0,0,"Annual_Forb","Plant"
"2449","B","5","LW","3",156,"DEAN",0,0,"Annual_Forb","Plant"
"2450","B","5","LW","3",156,"DEPI",0,0,"Annual_Forb","Plant"
"2451","B","5","LW","3",156,"Dark",0,0,"DkCy","Biocrust"
"2452","B","5","LW","3",156,"ENFR",0,0,"Annual_Forb","Plant"
"2453","B","5","LW","3",156,"EPTO",0,0,"Shrub","Plant"
"2454","B","5","LW","3",156,"ERIN",0,0,"Annual_Forb","Plant"
"2455","B","5","LW","3",156,"GAPI",0,0,"Annual_Forb","Plant"
"2456","B","5","LW","3",156,"GIIN",0,0,"Annual_Forb","Plant"
"2457","B","5","LW","3",156,"GUSA",0,0,"Shrub","Plant"
"2458","B","5","LW","3",156,"HIJA",7,4.48717948717949,"Perennial_Grass","Plant"
"2459","B","5","LW","3",156,"LYGR",1,0.641025641025641,"Annual_Forb","Plant"
"2460","B","5","LW","3",156,"Lichen",0,0,"Lichen","Biocrust"
"2461","B","5","LW","3",156,"Light",13,8.33333333333333,"LtCy","Biocrust"
"2462","B","5","LW","3",156,"Litter",87,55.7692307692308,"Litter","Abiotic_Cover"
"2463","B","5","LW","3",156,"MAAF",0,0,"Annual_Forb","Plant"
"2464","B","5","LW","3",156,"MACA",0,0,"Annual_Forb","Plant"
"2465","B","5","LW","3",156,"Moss",0,0,"Moss","Biocrust"
"2466","B","5","LW","3",156,"OECA",0,0,"Annual_Forb","Plant"
"2467","B","5","LW","3",156,"OPUNT",0,0,"Cactus","Plant"
"2468","B","5","LW","3",156,"PlantBase",5,3.2051282051282,"Plant_Base","Plant"
"2469","B","5","LW","3",156,"SCWH",0,0,"Cactus","Plant"
"2470","B","5","LW","3",156,"STCO",0,0,"Perennial_Grass","Plant"
"2471","B","5","LW","3",156,"TILA",0,0,"Annual_Forb","Plant"
"2472","B","5","LW","3",156,"Bare",0,0,"Bare_Ground","Abiotic_Cover"
"2473","B","5","LW","3",156,"Chamber",13,8.33333333333333,"Chamber","Abiotic_Cover"
"2474","B","5","LW","3",156,"Rock",6,3.84615384615385,"Rock","Abiotic_Cover"
"2475","B","5","LW","3",156,"ATCO",0,0,"Shrub","Plant"
"2476","B","5","LW","4",181,"ACHY",26,14.3646408839779,"Perennial_Grass","Plant"
"2477","B","5","LW","4",181,"ANBR",0,0,"Annual_Forb","Plant"
"2478","B","5","LW","4",181,"ASAM",0,0,"Annual_Forb","Plant"
"2479","B","5","LW","4",181,"Bromus",21,11.6022099447514,"Annual_Grass","Plant"
"2480","B","5","LW","4",181,"CHER",0,0,"Annual_Forb","Plant"
"2481","B","5","LW","4",181,"CYAC",0,0,"Annual_Forb","Plant"
"2482","B","5","LW","4",181,"DEAN",0,0,"Annual_Forb","Plant"
"2483","B","5","LW","4",181,"DEPI",0,0,"Annual_Forb","Plant"
"2484","B","5","LW","4",181,"Dark",0,0,"DkCy","Biocrust"
"2485","B","5","LW","4",181,"ENFR",0,0,"Annual_Forb","Plant"
"2486","B","5","LW","4",181,"EPTO",0,0,"Shrub","Plant"
"2487","B","5","LW","4",181,"ERIN",0,0,"Annual_Forb","Plant"
"2488","B","5","LW","4",181,"GAPI",0,0,"Annual_Forb","Plant"
"2489","B","5","LW","4",181,"GIIN",0,0,"Annual_Forb","Plant"
"2490","B","5","LW","4",181,"GUSA",0,0,"Shrub","Plant"
"2491","B","5","LW","4",181,"HIJA",1,0.552486187845304,"Perennial_Grass","Plant"
"2492","B","5","LW","4",181,"LYGR",0,0,"Annual_Forb","Plant"
"2493","B","5","LW","4",181,"Lichen",0,0,"Lichen","Biocrust"
"2494","B","5","LW","4",181,"Light",25,13.8121546961326,"LtCy","Biocrust"
"2495","B","5","LW","4",181,"Litter",77,42.5414364640884,"Litter","Abiotic_Cover"
"2496","B","5","LW","4",181,"MAAF",0,0,"Annual_Forb","Plant"
"2497","B","5","LW","4",181,"MACA",0,0,"Annual_Forb","Plant"
"2498","B","5","LW","4",181,"Moss",0,0,"Moss","Biocrust"
"2499","B","5","LW","4",181,"OECA",0,0,"Annual_Forb","Plant"
"2500","B","5","LW","4",181,"OPUNT",0,0,"Cactus","Plant"
"2501","B","5","LW","4",181,"PlantBase",9,4.97237569060773,"Plant_Base","Plant"
"2502","B","5","LW","4",181,"SCWH",0,0,"Cactus","Plant"
"2503","B","5","LW","4",181,"STCO",0,0,"Perennial_Grass","Plant"
"2504","B","5","LW","4",181,"TILA",0,0,"Annual_Forb","Plant"
"2505","B","5","LW","4",181,"Bare",1,0.552486187845304,"Bare_Ground","Abiotic_Cover"
"2506","B","5","LW","4",181,"Chamber",0,0,"Chamber","Abiotic_Cover"
"2507","B","5","LW","4",181,"Rock",21,11.6022099447514,"Rock","Abiotic_Cover"
"2508","B","5","LW","4",181,"ATCO",0,0,"Shrub","Plant"
"2509","B","5","W","1",174,"ACHY",8,4.59770114942529,"Perennial_Grass","Plant"
"2510","B","5","W","1",174,"ANBR",0,0,"Annual_Forb","Plant"
"2511","B","5","W","1",174,"ASAM",0,0,"Annual_Forb","Plant"
"2512","B","5","W","1",174,"Bromus",29,16.6666666666667,"Annual_Grass","Plant"
"2513","B","5","W","1",174,"CHER",0,0,"Annual_Forb","Plant"
"2514","B","5","W","1",174,"CYAC",0,0,"Annual_Forb","Plant"
"2515","B","5","W","1",174,"DEAN",0,0,"Annual_Forb","Plant"
"2516","B","5","W","1",174,"DEPI",0,0,"Annual_Forb","Plant"
"2517","B","5","W","1",174,"Dark",1,0.574712643678161,"DkCy","Biocrust"
"2518","B","5","W","1",174,"ENFR",0,0,"Annual_Forb","Plant"
"2519","B","5","W","1",174,"EPTO",0,0,"Shrub","Plant"
"2520","B","5","W","1",174,"ERIN",0,0,"Annual_Forb","Plant"
"2521","B","5","W","1",174,"GAPI",0,0,"Annual_Forb","Plant"
"2522","B","5","W","1",174,"GIIN",0,0,"Annual_Forb","Plant"
"2523","B","5","W","1",174,"GUSA",0,0,"Shrub","Plant"
"2524","B","5","W","1",174,"HIJA",11,6.32183908045977,"Perennial_Grass","Plant"
"2525","B","5","W","1",174,"LYGR",0,0,"Annual_Forb","Plant"
"2526","B","5","W","1",174,"Lichen",2,1.14942528735632,"Lichen","Biocrust"
"2527","B","5","W","1",174,"Light",16,9.19540229885057,"LtCy","Biocrust"
"2528","B","5","W","1",174,"Litter",83,47.7011494252874,"Litter","Abiotic_Cover"
"2529","B","5","W","1",174,"MAAF",0,0,"Annual_Forb","Plant"
"2530","B","5","W","1",174,"MACA",0,0,"Annual_Forb","Plant"
"2531","B","5","W","1",174,"Moss",13,7.47126436781609,"Moss","Biocrust"
"2532","B","5","W","1",174,"OECA",0,0,"Annual_Forb","Plant"
"2533","B","5","W","1",174,"OPUNT",0,0,"Cactus","Plant"
"2534","B","5","W","1",174,"PlantBase",3,1.72413793103448,"Plant_Base","Plant"
"2535","B","5","W","1",174,"SCWH",0,0,"Cactus","Plant"
"2536","B","5","W","1",174,"STCO",0,0,"Perennial_Grass","Plant"
"2537","B","5","W","1",174,"TILA",0,0,"Annual_Forb","Plant"
"2538","B","5","W","1",174,"Bare",2,1.14942528735632,"Bare_Ground","Abiotic_Cover"
"2539","B","5","W","1",174,"Chamber",0,0,"Chamber","Abiotic_Cover"
"2540","B","5","W","1",174,"Rock",6,3.44827586206897,"Rock","Abiotic_Cover"
"2541","B","5","W","1",174,"ATCO",0,0,"Shrub","Plant"
"2542","B","5","W","2",202,"ACHY",0,0,"Perennial_Grass","Plant"
"2543","B","5","W","2",202,"ANBR",0,0,"Annual_Forb","Plant"
"2544","B","5","W","2",202,"ASAM",0,0,"Annual_Forb","Plant"
"2545","B","5","W","2",202,"Bromus",51,25.2475247524752,"Annual_Grass","Plant"
"2546","B","5","W","2",202,"CHER",0,0,"Annual_Forb","Plant"
"2547","B","5","W","2",202,"CYAC",0,0,"Annual_Forb","Plant"
"2548","B","5","W","2",202,"DEAN",0,0,"Annual_Forb","Plant"
"2549","B","5","W","2",202,"DEPI",0,0,"Annual_Forb","Plant"
"2550","B","5","W","2",202,"Dark",2,0.99009900990099,"DkCy","Biocrust"
"2551","B","5","W","2",202,"ENFR",0,0,"Annual_Forb","Plant"
"2552","B","5","W","2",202,"EPTO",0,0,"Shrub","Plant"
"2553","B","5","W","2",202,"ERIN",0,0,"Annual_Forb","Plant"
"2554","B","5","W","2",202,"GAPI",0,0,"Annual_Forb","Plant"
"2555","B","5","W","2",202,"GIIN",1,0.495049504950495,"Annual_Forb","Plant"
"2556","B","5","W","2",202,"GUSA",2,0.99009900990099,"Shrub","Plant"
"2557","B","5","W","2",202,"HIJA",16,7.92079207920792,"Perennial_Grass","Plant"
"2558","B","5","W","2",202,"LYGR",0,0,"Annual_Forb","Plant"
"2559","B","5","W","2",202,"Lichen",0,0,"Lichen","Biocrust"
"2560","B","5","W","2",202,"Light",17,8.41584158415842,"LtCy","Biocrust"
"2561","B","5","W","2",202,"Litter",95,47.029702970297,"Litter","Abiotic_Cover"
"2562","B","5","W","2",202,"MAAF",0,0,"Annual_Forb","Plant"
"2563","B","5","W","2",202,"MACA",0,0,"Annual_Forb","Plant"
"2564","B","5","W","2",202,"Moss",1,0.495049504950495,"Moss","Biocrust"
"2565","B","5","W","2",202,"OECA",0,0,"Annual_Forb","Plant"
"2566","B","5","W","2",202,"OPUNT",0,0,"Cactus","Plant"
"2567","B","5","W","2",202,"PlantBase",8,3.96039603960396,"Plant_Base","Plant"
"2568","B","5","W","2",202,"SCWH",0,0,"Cactus","Plant"
"2569","B","5","W","2",202,"STCO",0,0,"Perennial_Grass","Plant"
"2570","B","5","W","2",202,"TILA",0,0,"Annual_Forb","Plant"
"2571","B","5","W","2",202,"Bare",0,0,"Bare_Ground","Abiotic_Cover"
"2572","B","5","W","2",202,"Chamber",0,0,"Chamber","Abiotic_Cover"
"2573","B","5","W","2",202,"Rock",0,0,"Rock","Abiotic_Cover"
"2574","B","5","W","2",202,"ATCO",9,4.45544554455445,"Shrub","Plant"
"2575","B","5","W","3",186,"ACHY",8,4.3010752688172,"Perennial_Grass","Plant"
"2576","B","5","W","3",186,"ANBR",0,0,"Annual_Forb","Plant"
"2577","B","5","W","3",186,"ASAM",0,0,"Annual_Forb","Plant"
"2578","B","5","W","3",186,"Bromus",20,10.752688172043,"Annual_Grass","Plant"
"2579","B","5","W","3",186,"CHER",0,0,"Annual_Forb","Plant"
"2580","B","5","W","3",186,"CYAC",0,0,"Annual_Forb","Plant"
"2581","B","5","W","3",186,"DEAN",0,0,"Annual_Forb","Plant"
"2582","B","5","W","3",186,"DEPI",0,0,"Annual_Forb","Plant"
"2583","B","5","W","3",186,"Dark",9,4.83870967741935,"DkCy","Biocrust"
"2584","B","5","W","3",186,"ENFR",0,0,"Annual_Forb","Plant"
"2585","B","5","W","3",186,"EPTO",0,0,"Shrub","Plant"
"2586","B","5","W","3",186,"ERIN",0,0,"Annual_Forb","Plant"
"2587","B","5","W","3",186,"GAPI",0,0,"Annual_Forb","Plant"
"2588","B","5","W","3",186,"GIIN",0,0,"Annual_Forb","Plant"
"2589","B","5","W","3",186,"GUSA",0,0,"Shrub","Plant"
"2590","B","5","W","3",186,"HIJA",8,4.3010752688172,"Perennial_Grass","Plant"
"2591","B","5","W","3",186,"LYGR",2,1.0752688172043,"Annual_Forb","Plant"
"2592","B","5","W","3",186,"Lichen",2,1.0752688172043,"Lichen","Biocrust"
"2593","B","5","W","3",186,"Light",43,23.1182795698925,"LtCy","Biocrust"
"2594","B","5","W","3",186,"Litter",72,38.7096774193548,"Litter","Abiotic_Cover"
"2595","B","5","W","3",186,"MAAF",0,0,"Annual_Forb","Plant"
"2596","B","5","W","3",186,"MACA",0,0,"Annual_Forb","Plant"
"2597","B","5","W","3",186,"Moss",10,5.37634408602151,"Moss","Biocrust"
"2598","B","5","W","3",186,"OECA",0,0,"Annual_Forb","Plant"
"2599","B","5","W","3",186,"OPUNT",0,0,"Cactus","Plant"
"2600","B","5","W","3",186,"PlantBase",1,0.537634408602151,"Plant_Base","Plant"
"2601","B","5","W","3",186,"SCWH",0,0,"Cactus","Plant"
"2602","B","5","W","3",186,"STCO",0,0,"Perennial_Grass","Plant"
"2603","B","5","W","3",186,"TILA",0,0,"Annual_Forb","Plant"
"2604","B","5","W","3",186,"Bare",0,0,"Bare_Ground","Abiotic_Cover"
"2605","B","5","W","3",186,"Chamber",11,5.91397849462366,"Chamber","Abiotic_Cover"
"2606","B","5","W","3",186,"Rock",0,0,"Rock","Abiotic_Cover"
"2607","B","5","W","3",186,"ATCO",0,0,"Shrub","Plant"
"2608","B","5","W","4",203,"ACHY",1,0.492610837438424,"Perennial_Grass","Plant"
"2609","B","5","W","4",203,"ANBR",0,0,"Annual_Forb","Plant"
"2610","B","5","W","4",203,"ASAM",0,0,"Annual_Forb","Plant"
"2611","B","5","W","4",203,"Bromus",27,13.3004926108374,"Annual_Grass","Plant"
"2612","B","5","W","4",203,"CHER",0,0,"Annual_Forb","Plant"
"2613","B","5","W","4",203,"CYAC",0,0,"Annual_Forb","Plant"
"2614","B","5","W","4",203,"DEAN",0,0,"Annual_Forb","Plant"
"2615","B","5","W","4",203,"DEPI",0,0,"Annual_Forb","Plant"
"2616","B","5","W","4",203,"Dark",0,0,"DkCy","Biocrust"
"2617","B","5","W","4",203,"ENFR",0,0,"Annual_Forb","Plant"
"2618","B","5","W","4",203,"EPTO",0,0,"Shrub","Plant"
"2619","B","5","W","4",203,"ERIN",0,0,"Annual_Forb","Plant"
"2620","B","5","W","4",203,"GAPI",0,0,"Annual_Forb","Plant"
"2621","B","5","W","4",203,"GIIN",0,0,"Annual_Forb","Plant"
"2622","B","5","W","4",203,"GUSA",0,0,"Shrub","Plant"
"2623","B","5","W","4",203,"HIJA",28,13.7931034482759,"Perennial_Grass","Plant"
"2624","B","5","W","4",203,"LYGR",0,0,"Annual_Forb","Plant"
"2625","B","5","W","4",203,"Lichen",0,0,"Lichen","Biocrust"
"2626","B","5","W","4",203,"Light",52,25.615763546798,"LtCy","Biocrust"
"2627","B","5","W","4",203,"Litter",73,35.9605911330049,"Litter","Abiotic_Cover"
"2628","B","5","W","4",203,"MAAF",0,0,"Annual_Forb","Plant"
"2629","B","5","W","4",203,"MACA",0,0,"Annual_Forb","Plant"
"2630","B","5","W","4",203,"Moss",4,1.97044334975369,"Moss","Biocrust"
"2631","B","5","W","4",203,"OECA",0,0,"Annual_Forb","Plant"
"2632","B","5","W","4",203,"OPUNT",0,0,"Cactus","Plant"
"2633","B","5","W","4",203,"PlantBase",7,3.44827586206897,"Plant_Base","Plant"
"2634","B","5","W","4",203,"SCWH",0,0,"Cactus","Plant"
"2635","B","5","W","4",203,"STCO",0,0,"Perennial_Grass","Plant"
"2636","B","5","W","4",203,"TILA",0,0,"Annual_Forb","Plant"
"2637","B","5","W","4",203,"Bare",3,1.47783251231527,"Bare_Ground","Abiotic_Cover"
"2638","B","5","W","4",203,"Chamber",0,0,"Chamber","Abiotic_Cover"
"2639","B","5","W","4",203,"Rock",8,3.94088669950739,"Rock","Abiotic_Cover"
"2640","B","5","W","4",203,"ATCO",0,0,"Shrub","Plant"
