"timestamp","year","month","day","hour","min","sec","site","block","tx","type","depth","rep","temp","sm.corr","location","cover"
2022-02-13 10:00:00,"2022",2,13,10,0,0,"B","1","C","MOPRO","0","1",-2.6665,0,"interspace","lc"
2022-02-13 10:00:00,"2022",2,13,10,0,0,"B","1","LW","MOPRO","0","1",6.3655,0,"interspace","lc"
2022-02-13 10:00:00,"2022",2,13,10,0,0,"B","1","W","MOPRO","0","1",-2.558833333,0,"interspace","dc"
2022-02-13 10:00:00,"2022",2,13,10,0,0,"B","2","C","MOPRO","0","1",-0.966666667,0,"interspace","moss"
2022-02-13 10:00:00,"2022",2,13,10,0,0,"B","2","L","MOPRO","0","1",0.114166667,0,"interspace","lc"
2022-02-13 10:00:00,"2022",2,13,10,0,0,"B","2","LW","MOPRO","0","1",6.1485,0,"interspace","lc"
2022-02-13 10:00:00,"2022",2,13,10,0,0,"B","2","W","MOPRO","0","1",-2.748833333,0,"interspace","moss"
2022-02-13 10:00:00,"2022",2,13,10,0,0,"B","3","C","MOPRO","0","1",-7.496166667,0,"interspace","moss"
2022-02-13 10:00:00,"2022",2,13,10,0,0,"B","3","L","MOPRO","0","1",0.032166667,0,"interspace","lc"
2022-02-13 10:00:00,"2022",2,13,10,0,0,"B","3","LW","MOPRO","0","1",5.245333333,0,"interspace","lc"
2022-02-13 10:00:00,"2022",2,13,10,0,0,"B","3","W","MOPRO","0","1",-3.51,0,"interspace","dc"
2022-02-13 10:00:00,"2022",2,13,10,0,0,"B","4","C","MOPRO","0","1",-6.1445,0,"interspace","moss"
2022-02-13 10:00:00,"2022",2,13,10,0,0,"B","4","L","MOPRO","0","1",1.291666667,0,"interspace","lc"
2022-02-13 10:00:00,"2022",2,13,10,0,0,"B","4","W","MOPRO","0","1",-6.645666667,0,"interspace","dc"
2022-02-13 10:00:00,"2022",2,13,10,0,0,"B","5","C","MOPRO","0","1",-7.112,0,"interspace","moss"
2022-02-13 10:00:00,"2022",2,13,10,0,0,"B","5","L","MOPRO","0","1",7.446333333,0,"interspace","lc"
2022-02-13 10:00:00,"2022",2,13,10,0,0,"B","5","LW","MOPRO","0","1",-2.623,0,"interspace","lc"
2022-02-13 10:00:00,"2022",2,13,10,0,0,"B","5","W","MOPRO","0","1",-6.997,0,"interspace","moss"
2022-02-13 11:00:00,"2022",2,13,11,0,0,"B","1","C","MOPRO","0","1",7.8585,0,"interspace","lc"
2022-02-13 11:00:00,"2022",2,13,11,0,0,"B","1","LW","MOPRO","0","1",17.54166667,0,"interspace","lc"
2022-02-13 11:00:00,"2022",2,13,11,0,0,"B","1","W","MOPRO","0","1",4.404833333,0,"interspace","dc"
2022-02-13 11:00:00,"2022",2,13,11,0,0,"B","2","C","MOPRO","0","1",11.06633333,0,"interspace","moss"
2022-02-13 11:00:00,"2022",2,13,11,0,0,"B","2","L","MOPRO","0","1",12.22833333,0,"interspace","lc"
2022-02-13 11:00:00,"2022",2,13,11,0,0,"B","2","LW","MOPRO","0","1",16.385,0,"interspace","lc"
2022-02-13 11:00:00,"2022",2,13,11,0,0,"B","2","W","MOPRO","0","1",9.517,0,"interspace","moss"
2022-02-13 11:00:00,"2022",2,13,11,0,0,"B","3","C","MOPRO","0","1",5.437166667,0,"interspace","moss"
2022-02-13 11:00:00,"2022",2,13,11,0,0,"B","3","L","MOPRO","0","1",10.57833333,0,"interspace","lc"
2022-02-13 11:00:00,"2022",2,13,11,0,0,"B","3","LW","MOPRO","0","1",14.12,0,"interspace","lc"
2022-02-13 11:00:00,"2022",2,13,11,0,0,"B","3","W","MOPRO","0","1",2.8355,0,"interspace","dc"
2022-02-13 11:00:00,"2022",2,13,11,0,0,"B","4","C","MOPRO","0","1",2.535166667,0,"interspace","moss"
2022-02-13 11:00:00,"2022",2,13,11,0,0,"B","4","L","MOPRO","0","1",9.512666667,0,"interspace","lc"
2022-02-13 11:00:00,"2022",2,13,11,0,0,"B","4","W","MOPRO","0","1",-2.101166667,0,"interspace","dc"
2022-02-13 11:00:00,"2022",2,13,11,0,0,"B","5","C","MOPRO","0","1",6.211166667,0,"interspace","moss"
2022-02-13 11:00:00,"2022",2,13,11,0,0,"B","5","L","MOPRO","0","1",12.45016667,0,"interspace","lc"
2022-02-13 11:00:00,"2022",2,13,11,0,0,"B","5","LW","MOPRO","0","1",1.772166667,0,"interspace","lc"
2022-02-13 11:00:00,"2022",2,13,11,0,0,"B","5","W","MOPRO","0","1",2.5655,0,"interspace","moss"
2022-02-13 12:00:00,"2022",2,13,12,0,0,"B","1","C","MOPRO","0","1",14.09166667,0,"interspace","lc"
2022-02-13 12:00:00,"2022",2,13,12,0,0,"B","1","LW","MOPRO","0","1",24.64833333,0,"interspace","lc"
2022-02-13 12:00:00,"2022",2,13,12,0,0,"B","1","W","MOPRO","0","1",6.278833333,0,"interspace","dc"
2022-02-13 12:00:00,"2022",2,13,12,0,0,"B","2","C","MOPRO","0","1",16.96666667,0,"interspace","moss"
2022-02-13 12:00:00,"2022",2,13,12,0,0,"B","2","L","MOPRO","0","1",18.70833333,0,"interspace","lc"
2022-02-13 12:00:00,"2022",2,13,12,0,0,"B","2","LW","MOPRO","0","1",23.21666667,0,"interspace","lc"
2022-02-13 12:00:00,"2022",2,13,12,0,0,"B","2","W","MOPRO","0","1",16.71666667,0,"interspace","moss"
2022-02-13 12:00:00,"2022",2,13,12,0,0,"B","3","C","MOPRO","0","1",17.31166667,0.00017002667198,"interspace","moss"
2022-02-13 12:00:00,"2022",2,13,12,0,0,"B","3","L","MOPRO","0","1",21.48833333,0.0002391,"interspace","lc"
2022-02-13 12:00:00,"2022",2,13,12,0,0,"B","3","LW","MOPRO","0","1",21.08166667,0,"interspace","lc"
2022-02-13 12:00:00,"2022",2,13,12,0,0,"B","3","W","MOPRO","0","1",10.72966667,0,"interspace","dc"
2022-02-13 12:00:00,"2022",2,13,12,0,0,"B","4","C","MOPRO","0","1",14.42333333,0.0002391,"interspace","moss"
2022-02-13 12:00:00,"2022",2,13,12,0,0,"B","4","L","MOPRO","0","1",17.895,9.564e-05,"interspace","lc"
2022-02-13 12:00:00,"2022",2,13,12,0,0,"B","4","W","MOPRO","0","1",7.206833333,0.00027629332802,"interspace","dc"
2022-02-13 12:00:00,"2022",2,13,12,0,0,"B","5","C","MOPRO","0","1",20.23833333,0.0002391,"interspace","moss"
2022-02-13 12:00:00,"2022",2,13,12,0,0,"B","5","L","MOPRO","0","1",20.95666667,0.00027629332802,"interspace","lc"
2022-02-13 12:00:00,"2022",2,13,12,0,0,"B","5","LW","MOPRO","0","1",6.705,0.00027363667198,"interspace","lc"
2022-02-13 12:00:00,"2022",2,13,12,0,0,"B","5","W","MOPRO","0","1",13.13166667,0.00034802332802,"interspace","moss"
2022-02-13 13:00:00,"2022",2,13,13,0,0,"B","1","C","MOPRO","0","1",17.25166667,0.00030817332802,"interspace","lc"
2022-02-13 13:00:00,"2022",2,13,13,0,0,"B","1","LW","MOPRO","0","1",27.64166667,0.00037990332802,"interspace","lc"
2022-02-13 13:00:00,"2022",2,13,13,0,0,"B","1","W","MOPRO","0","1",8.774666667,0.00037990332802,"interspace","dc"
2022-02-13 13:00:00,"2022",2,13,13,0,0,"B","2","C","MOPRO","0","1",20.32166667,0.00037990332802,"interspace","moss"
2022-02-13 13:00:00,"2022",2,13,13,0,0,"B","2","L","MOPRO","0","1",23.99166667,0.00030551667198,"interspace","lc"
2022-02-13 13:00:00,"2022",2,13,13,0,0,"B","2","LW","MOPRO","0","1",26.475,0.00041709667198,"interspace","lc"
2022-02-13 13:00:00,"2022",2,13,13,0,0,"B","2","W","MOPRO","0","1",19.07833333,0.00037990332802,"interspace","moss"
2022-02-13 13:00:00,"2022",2,13,13,0,0,"B","3","C","MOPRO","0","1",23.27833333,0,"interspace","moss"
2022-02-13 13:00:00,"2022",2,13,13,0,0,"B","3","L","MOPRO","0","1",26.52333333,0,"interspace","lc"
2022-02-13 13:00:00,"2022",2,13,13,0,0,"B","3","LW","MOPRO","0","1",26.34333333,0.00037990332802,"interspace","lc"
2022-02-13 13:00:00,"2022",2,13,13,0,0,"B","3","W","MOPRO","0","1",17.81666667,0.00037990332802,"interspace","dc"
2022-02-13 13:00:00,"2022",2,13,13,0,0,"B","4","C","MOPRO","0","1",21.835,0,"interspace","moss"
2022-02-13 13:00:00,"2022",2,13,13,0,0,"B","4","L","MOPRO","0","1",23.80666667,0,"interspace","lc"
2022-02-13 13:00:00,"2022",2,13,13,0,0,"B","4","W","MOPRO","0","1",13.67,0,"interspace","dc"
2022-02-13 13:00:00,"2022",2,13,13,0,0,"B","5","C","MOPRO","0","1",27.27166667,0,"interspace","moss"
2022-02-13 13:00:00,"2022",2,13,13,0,0,"B","5","L","MOPRO","0","1",26.91833333,0,"interspace","lc"
2022-02-13 13:00:00,"2022",2,13,13,0,0,"B","5","LW","MOPRO","0","1",11.64833333,0.00014346,"interspace","lc"
2022-02-13 13:00:00,"2022",2,13,13,0,0,"B","5","W","MOPRO","0","1",18.37833333,0,"interspace","moss"
2022-02-13 14:00:00,"2022",2,13,14,0,0,"B","1","C","MOPRO","0","1",17.50666667,0.00092452,"interspace","lc"
2022-02-13 14:00:00,"2022",2,13,14,0,0,"B","1","LW","MOPRO","0","1",29.62,0.00088732667198,"interspace","lc"
2022-02-13 14:00:00,"2022",2,13,14,0,0,"B","1","W","MOPRO","0","1",11.83833333,0.00070667332802,"interspace","dc"
2022-02-13 14:00:00,"2022",2,13,14,0,0,"B","2","C","MOPRO","0","1",20.865,0.00081825332802,"interspace","moss"
2022-02-13 14:00:00,"2022",2,13,14,0,0,"B","2","L","MOPRO","0","1",26.21166667,0.00092452,"interspace","lc"
2022-02-13 14:00:00,"2022",2,13,14,0,0,"B","2","LW","MOPRO","0","1",29.245,0.00081559667198,"interspace","lc"
2022-02-13 14:00:00,"2022",2,13,14,0,0,"B","2","W","MOPRO","0","1",17.41,0.00074652332802,"interspace","moss"
2022-02-13 14:00:00,"2022",2,13,14,0,0,"B","3","C","MOPRO","0","1",27.51666667,0,"interspace","moss"
2022-02-13 14:00:00,"2022",2,13,14,0,0,"B","3","L","MOPRO","0","1",30.16666667,0,"interspace","lc"
2022-02-13 14:00:00,"2022",2,13,14,0,0,"B","3","LW","MOPRO","0","1",28.91666667,0.00085279,"interspace","lc"
2022-02-13 14:00:00,"2022",2,13,14,0,0,"B","3","W","MOPRO","0","1",21.905,0.00085279,"interspace","dc"
2022-02-13 14:00:00,"2022",2,13,14,0,0,"B","4","C","MOPRO","0","1",27.68666667,0,"interspace","moss"
2022-02-13 14:00:00,"2022",2,13,14,0,0,"B","4","L","MOPRO","0","1",29.12,0,"interspace","lc"
2022-02-13 14:00:00,"2022",2,13,14,0,0,"B","4","W","MOPRO","0","1",18.015,0,"interspace","dc"
2022-02-13 14:00:00,"2022",2,13,14,0,0,"B","5","C","MOPRO","0","1",30.18666667,0,"interspace","moss"
2022-02-13 14:00:00,"2022",2,13,14,0,0,"B","5","L","MOPRO","0","1",30.54333333,0,"interspace","lc"
2022-02-13 14:00:00,"2022",2,13,14,0,0,"B","5","LW","MOPRO","0","1",14.25,0,"interspace","lc"
2022-02-13 14:00:00,"2022",2,13,14,0,0,"B","5","W","MOPRO","0","1",21.85166667,0,"interspace","moss"
2022-02-14 10:00:00,"2022",2,14,10,0,0,"B","1","C","MOPRO","0","1",-2.393333333,0,"interspace","lc"
2022-02-14 10:00:00,"2022",2,14,10,0,0,"B","1","LW","MOPRO","0","1",6.101666667,0,"interspace","lc"
2022-02-14 10:00:00,"2022",2,14,10,0,0,"B","1","W","MOPRO","0","1",-2.324,0,"interspace","dc"
2022-02-14 10:00:00,"2022",2,14,10,0,0,"B","2","C","MOPRO","0","1",-0.6305,0,"interspace","moss"
2022-02-14 10:00:00,"2022",2,14,10,0,0,"B","2","L","MOPRO","0","1",0.1415,0,"interspace","lc"
2022-02-14 10:00:00,"2022",2,14,10,0,0,"B","2","LW","MOPRO","0","1",7.334166667,0,"interspace","lc"
2022-02-14 10:00:00,"2022",2,14,10,0,0,"B","2","W","MOPRO","0","1",-2.258666667,0,"interspace","moss"
2022-02-14 10:00:00,"2022",2,14,10,0,0,"B","3","C","MOPRO","0","1",-7.487833333,0,"interspace","moss"
2022-02-14 10:00:00,"2022",2,14,10,0,0,"B","3","L","MOPRO","0","1",-0.674,0,"interspace","lc"
2022-02-14 10:00:00,"2022",2,14,10,0,0,"B","3","LW","MOPRO","0","1",4.699,0,"interspace","lc"
2022-02-14 10:00:00,"2022",2,14,10,0,0,"B","3","W","MOPRO","0","1",-3.315166667,0,"interspace","dc"
2022-02-14 10:00:00,"2022",2,14,10,0,0,"B","4","C","MOPRO","0","1",-5.9985,0,"interspace","moss"
2022-02-14 10:00:00,"2022",2,14,10,0,0,"B","4","L","MOPRO","0","1",-0.5155,0,"interspace","lc"
2022-02-14 10:00:00,"2022",2,14,10,0,0,"B","4","W","MOPRO","0","1",-6.557833333,0,"interspace","dc"
2022-02-14 10:00:00,"2022",2,14,10,0,0,"B","5","C","MOPRO","0","1",-6.980333333,0,"interspace","moss"
2022-02-14 10:00:00,"2022",2,14,10,0,0,"B","5","L","MOPRO","0","1",7.387833333,0,"interspace","lc"
2022-02-14 10:00:00,"2022",2,14,10,0,0,"B","5","LW","MOPRO","0","1",-5.070333333,0,"interspace","lc"
2022-02-14 10:00:00,"2022",2,14,10,0,0,"B","5","W","MOPRO","0","1",-6.9395,0,"interspace","moss"
2022-02-14 11:00:00,"2022",2,14,11,0,0,"B","1","C","MOPRO","0","1",8.3455,0,"interspace","lc"
2022-02-14 11:00:00,"2022",2,14,11,0,0,"B","1","LW","MOPRO","0","1",17.985,0,"interspace","lc"
2022-02-14 11:00:00,"2022",2,14,11,0,0,"B","1","W","MOPRO","0","1",4.977666667,0,"interspace","dc"
2022-02-14 11:00:00,"2022",2,14,11,0,0,"B","2","C","MOPRO","0","1",11.87166667,0,"interspace","moss"
2022-02-14 11:00:00,"2022",2,14,11,0,0,"B","2","L","MOPRO","0","1",12.665,0,"interspace","lc"
2022-02-14 11:00:00,"2022",2,14,11,0,0,"B","2","LW","MOPRO","0","1",17.16333333,0,"interspace","lc"
2022-02-14 11:00:00,"2022",2,14,11,0,0,"B","2","W","MOPRO","0","1",10.19983333,0,"interspace","moss"
2022-02-14 11:00:00,"2022",2,14,11,0,0,"B","3","C","MOPRO","0","1",5.774,0,"interspace","moss"
2022-02-14 11:00:00,"2022",2,14,11,0,0,"B","3","L","MOPRO","0","1",10.88766667,0,"interspace","lc"
2022-02-14 11:00:00,"2022",2,14,11,0,0,"B","3","LW","MOPRO","0","1",14.40166667,0,"interspace","lc"
2022-02-14 11:00:00,"2022",2,14,11,0,0,"B","3","W","MOPRO","0","1",3.432,0,"interspace","dc"
2022-02-14 11:00:00,"2022",2,14,11,0,0,"B","4","C","MOPRO","0","1",2.9655,0,"interspace","moss"
2022-02-14 11:00:00,"2022",2,14,11,0,0,"B","4","L","MOPRO","0","1",7.837666667,0,"interspace","lc"
2022-02-14 11:00:00,"2022",2,14,11,0,0,"B","4","W","MOPRO","0","1",-1.92,0,"interspace","dc"
2022-02-14 11:00:00,"2022",2,14,11,0,0,"B","5","C","MOPRO","0","1",5.035333333,0,"interspace","moss"
2022-02-14 11:00:00,"2022",2,14,11,0,0,"B","5","L","MOPRO","0","1",12.49783333,0,"interspace","lc"
2022-02-14 11:00:00,"2022",2,14,11,0,0,"B","5","LW","MOPRO","0","1",1.917666667,0,"interspace","lc"
2022-02-14 11:00:00,"2022",2,14,11,0,0,"B","5","W","MOPRO","0","1",3.2565,0,"interspace","moss"
2022-02-14 12:00:00,"2022",2,14,12,0,0,"B","1","C","MOPRO","0","1",14.855,0,"interspace","lc"
2022-02-14 12:00:00,"2022",2,14,12,0,0,"B","1","LW","MOPRO","0","1",25.6,0,"interspace","lc"
2022-02-14 12:00:00,"2022",2,14,12,0,0,"B","1","W","MOPRO","0","1",7.274333333,0,"interspace","dc"
2022-02-14 12:00:00,"2022",2,14,12,0,0,"B","2","C","MOPRO","0","1",17.96833333,0,"interspace","moss"
2022-02-14 12:00:00,"2022",2,14,12,0,0,"B","2","L","MOPRO","0","1",19.445,0,"interspace","lc"
2022-02-14 12:00:00,"2022",2,14,12,0,0,"B","2","LW","MOPRO","0","1",24.13333333,0,"interspace","lc"
2022-02-14 12:00:00,"2022",2,14,12,0,0,"B","2","W","MOPRO","0","1",17.705,0,"interspace","moss"
2022-02-14 12:00:00,"2022",2,14,12,0,0,"B","3","C","MOPRO","0","1",18.34,0.00021253332802,"interspace","moss"
2022-02-14 12:00:00,"2022",2,14,12,0,0,"B","3","L","MOPRO","0","1",22.02333333,0.00020722,"interspace","lc"
2022-02-14 12:00:00,"2022",2,14,12,0,0,"B","3","LW","MOPRO","0","1",21.70166667,0,"interspace","lc"
2022-02-14 12:00:00,"2022",2,14,12,0,0,"B","3","W","MOPRO","0","1",11.625,0,"interspace","dc"
2022-02-14 12:00:00,"2022",2,14,12,0,0,"B","4","C","MOPRO","0","1",15.18,0.00021253332802,"interspace","moss"
2022-02-14 12:00:00,"2022",2,14,12,0,0,"B","4","L","MOPRO","0","1",18.07833333,0.00017268332802,"interspace","lc"
2022-02-14 12:00:00,"2022",2,14,12,0,0,"B","4","W","MOPRO","0","1",8.054833333,0.00021253332802,"interspace","dc"
2022-02-14 12:00:00,"2022",2,14,12,0,0,"B","5","C","MOPRO","0","1",10.53116667,0.00010361,"interspace","moss"
2022-02-14 12:00:00,"2022",2,14,12,0,0,"B","5","L","MOPRO","0","1",21.57333333,0.00035068,"interspace","lc"
2022-02-14 12:00:00,"2022",2,14,12,0,0,"B","5","LW","MOPRO","0","1",7.754833333,0.00024441332802,"interspace","lc"
2022-02-14 12:00:00,"2022",2,14,12,0,0,"B","5","W","MOPRO","0","1",14.64333333,0.00028160667198,"interspace","moss"
2022-02-14 13:00:00,"2022",2,14,13,0,0,"B","1","C","MOPRO","0","1",18.72,0.00160994,"interspace","lc"
2022-02-14 13:00:00,"2022",2,14,13,0,0,"B","1","LW","MOPRO","0","1",26.89666667,0.00157540332802,"interspace","lc"
2022-02-14 13:00:00,"2022",2,14,13,0,0,"B","1","W","MOPRO","0","1",10.00833333,0.00160994,"interspace","dc"
2022-02-14 13:00:00,"2022",2,14,13,0,0,"B","2","C","MOPRO","0","1",21.37333333,0.00157540332802,"interspace","moss"
2022-02-14 13:00:00,"2022",2,14,13,0,0,"B","2","L","MOPRO","0","1",24.79166667,0.00160994,"interspace","lc"
2022-02-14 13:00:00,"2022",2,14,13,0,0,"B","2","LW","MOPRO","0","1",27.57666667,0.00160994,"interspace","lc"
2022-02-14 13:00:00,"2022",2,14,13,0,0,"B","2","W","MOPRO","0","1",19.90833333,0.00160994,"interspace","moss"
2022-02-14 13:00:00,"2022",2,14,13,0,0,"B","3","C","MOPRO","0","1",24.48,0,"interspace","moss"
2022-02-14 13:00:00,"2022",2,14,13,0,0,"B","3","L","MOPRO","0","1",27.45833333,2.65667198e-06,"interspace","lc"
2022-02-14 13:00:00,"2022",2,14,13,0,0,"B","3","LW","MOPRO","0","1",27.21333333,0.00171886332802,"interspace","lc"
2022-02-14 13:00:00,"2022",2,14,13,0,0,"B","3","W","MOPRO","0","1",18.18833333,0.00160994,"interspace","dc"
2022-02-14 13:00:00,"2022",2,14,13,0,0,"B","4","C","MOPRO","0","1",22.69833333,0.00010892332802,"interspace","moss"
2022-02-14 13:00:00,"2022",2,14,13,0,0,"B","4","L","MOPRO","0","1",24.46833333,0.00010626667198,"interspace","lc"
2022-02-14 13:00:00,"2022",2,14,13,0,0,"B","4","W","MOPRO","0","1",14.58333333,0.00010892332802,"interspace","dc"
2022-02-14 13:00:00,"2022",2,14,13,0,0,"B","5","C","MOPRO","0","1",13.96,0,"interspace","moss"
2022-02-14 13:00:00,"2022",2,14,13,0,0,"B","5","L","MOPRO","0","1",27.69833333,0,"interspace","lc"
2022-02-14 13:00:00,"2022",2,14,13,0,0,"B","5","LW","MOPRO","0","1",15.15333333,0.00017799667198,"interspace","lc"
2022-02-14 13:00:00,"2022",2,14,13,0,0,"B","5","W","MOPRO","0","1",19.00666667,0,"interspace","moss"
2022-02-14 14:00:00,"2022",2,14,14,0,0,"B","1","C","MOPRO","0","1",18.57833333,0,"interspace","lc"
2022-02-14 14:00:00,"2022",2,14,14,0,0,"B","1","LW","MOPRO","0","1",25.76333333,6.110332802e-05,"interspace","lc"
2022-02-14 14:00:00,"2022",2,14,14,0,0,"B","1","W","MOPRO","0","1",13.54833333,0.00013549,"interspace","dc"
2022-02-14 14:00:00,"2022",2,14,14,0,0,"B","2","C","MOPRO","0","1",21.74666667,2.391e-05,"interspace","moss"
2022-02-14 14:00:00,"2022",2,14,14,0,0,"B","2","L","MOPRO","0","1",25.845,0.00013017667198,"interspace","lc"
2022-02-14 14:00:00,"2022",2,14,14,0,0,"B","2","LW","MOPRO","0","1",28.82833333,0,"interspace","lc"
2022-02-14 14:00:00,"2022",2,14,14,0,0,"B","2","W","MOPRO","0","1",19.18,6.110332802e-05,"interspace","moss"
2022-02-14 14:00:00,"2022",2,14,14,0,0,"B","3","C","MOPRO","0","1",28.86,0,"interspace","moss"
2022-02-14 14:00:00,"2022",2,14,14,0,0,"B","3","L","MOPRO","0","1",31.18333333,0,"interspace","lc"
2022-02-14 14:00:00,"2022",2,14,14,0,0,"B","3","LW","MOPRO","0","1",28.355,0,"interspace","lc"
2022-02-14 14:00:00,"2022",2,14,14,0,0,"B","3","W","MOPRO","0","1",21.94833333,0.00013283332802,"interspace","dc"
2022-02-14 14:00:00,"2022",2,14,14,0,0,"B","4","C","MOPRO","0","1",28.57166667,0,"interspace","moss"
2022-02-14 14:00:00,"2022",2,14,14,0,0,"B","4","L","MOPRO","0","1",29.895,0,"interspace","lc"
2022-02-14 14:00:00,"2022",2,14,14,0,0,"B","4","W","MOPRO","0","1",19.13666667,0,"interspace","dc"
2022-02-14 14:00:00,"2022",2,14,14,0,0,"B","5","C","MOPRO","0","1",15.835,0,"interspace","moss"
2022-02-14 14:00:00,"2022",2,14,14,0,0,"B","5","L","MOPRO","0","1",31.25333333,0,"interspace","lc"
2022-02-14 14:00:00,"2022",2,14,14,0,0,"B","5","LW","MOPRO","0","1",18.18333333,0,"interspace","lc"
2022-02-14 14:00:00,"2022",2,14,14,0,0,"B","5","W","MOPRO","0","1",22.83833333,0,"interspace","moss"
2022-02-13 11:00:00,"2022",2,13,11,0,0,"B","1","C","CSVW","2","1",0.498,0.049,NA,NA
2022-02-13 12:00:00,"2022",2,13,12,0,0,"B","1","C","CSVW","2","1",2.64,0.05,NA,NA
2022-02-13 13:00:00,"2022",2,13,13,0,0,"B","1","C","CSVW","2","1",4.785,0.051,NA,NA
2022-02-13 14:00:00,"2022",2,13,14,0,0,"B","1","C","CSVW","2","1",6.494,0.051,NA,NA
2022-02-14 11:00:00,"2022",2,14,11,0,0,"B","1","C","CSVW","2","1",0.254,0.049,NA,NA
2022-02-14 12:00:00,"2022",2,14,12,0,0,"B","1","C","CSVW","2","1",2.543,0.05,NA,NA
2022-02-14 13:00:00,"2022",2,14,13,0,0,"B","1","C","CSVW","2","1",4.593,0.05,NA,NA
2022-02-14 14:00:00,"2022",2,14,14,0,0,"B","1","C","CSVW","2","1",6.832,0.051,NA,NA
2022-02-13 11:00:00,"2022",2,13,11,0,0,"B","1","C","CSVW","2","2",0.498,0.048,NA,NA
2022-02-13 12:00:00,"2022",2,13,12,0,0,"B","1","C","CSVW","2","2",2.64,0.052,NA,NA
2022-02-13 13:00:00,"2022",2,13,13,0,0,"B","1","C","CSVW","2","2",4.785,0.053,NA,NA
2022-02-13 14:00:00,"2022",2,13,14,0,0,"B","1","C","CSVW","2","2",6.494,0.054,NA,NA
2022-02-14 11:00:00,"2022",2,14,11,0,0,"B","1","C","CSVW","2","2",0.254,0.048,NA,NA
2022-02-14 12:00:00,"2022",2,14,12,0,0,"B","1","C","CSVW","2","2",2.543,0.052,NA,NA
2022-02-14 13:00:00,"2022",2,14,13,0,0,"B","1","C","CSVW","2","2",4.593,0.053,NA,NA
2022-02-14 14:00:00,"2022",2,14,14,0,0,"B","1","C","CSVW","2","2",6.832,0.053,NA,NA
2022-02-13 11:00:00,"2022",2,13,11,0,0,"B","1","C","CSVW","2","3",0.498,0.034,NA,NA
2022-02-13 12:00:00,"2022",2,13,12,0,0,"B","1","C","CSVW","2","3",2.64,0.035,NA,NA
2022-02-13 13:00:00,"2022",2,13,13,0,0,"B","1","C","CSVW","2","3",4.785,0.035,NA,NA
2022-02-13 14:00:00,"2022",2,13,14,0,0,"B","1","C","CSVW","2","3",6.494,0.034,NA,NA
2022-02-14 11:00:00,"2022",2,14,11,0,0,"B","1","C","CSVW","2","3",0.254,0.034,NA,NA
2022-02-14 12:00:00,"2022",2,14,12,0,0,"B","1","C","CSVW","2","3",2.543,0.034,NA,NA
2022-02-14 13:00:00,"2022",2,14,13,0,0,"B","1","C","CSVW","2","3",4.593,0.034,NA,NA
2022-02-14 14:00:00,"2022",2,14,14,0,0,"B","1","C","CSVW","2","3",6.832,0.034,NA,NA
2022-02-13 11:00:00,"2022",2,13,11,0,0,"B","1","W","CSVW","2","1",1.143,0.05,NA,NA
2022-02-13 12:00:00,"2022",2,13,12,0,0,"B","1","W","CSVW","2","1",3.091,0.055,NA,NA
2022-02-13 13:00:00,"2022",2,13,13,0,0,"B","1","W","CSVW","2","1",6.671,0.056,NA,NA
2022-02-13 14:00:00,"2022",2,13,14,0,0,"B","1","W","CSVW","2","1",10,0.057,NA,NA
2022-02-14 11:00:00,"2022",2,14,11,0,0,"B","1","W","CSVW","2","1",1.387,0.051,NA,NA
2022-02-14 12:00:00,"2022",2,14,12,0,0,"B","1","W","CSVW","2","1",3.727,0.054,NA,NA
2022-02-14 13:00:00,"2022",2,14,13,0,0,"B","1","W","CSVW","2","1",7.582,0.055,NA,NA
2022-02-14 14:00:00,"2022",2,14,14,0,0,"B","1","W","CSVW","2","1",10.17,0.056,NA,NA
2022-02-13 11:00:00,"2022",2,13,11,0,0,"B","1","W","CSVW","2","2",1.143,0.044,NA,NA
2022-02-13 12:00:00,"2022",2,13,12,0,0,"B","1","W","CSVW","2","2",3.091,0.044,NA,NA
2022-02-13 13:00:00,"2022",2,13,13,0,0,"B","1","W","CSVW","2","2",6.671,0.045,NA,NA
2022-02-13 14:00:00,"2022",2,13,14,0,0,"B","1","W","CSVW","2","2",10,0.045,NA,NA
2022-02-14 11:00:00,"2022",2,14,11,0,0,"B","1","W","CSVW","2","2",1.387,0.043,NA,NA
2022-02-14 12:00:00,"2022",2,14,12,0,0,"B","1","W","CSVW","2","2",3.727,0.044,NA,NA
2022-02-14 13:00:00,"2022",2,14,13,0,0,"B","1","W","CSVW","2","2",7.582,0.044,NA,NA
2022-02-14 14:00:00,"2022",2,14,14,0,0,"B","1","W","CSVW","2","2",10.17,0.044,NA,NA
2022-02-13 11:00:00,"2022",2,13,11,0,0,"B","1","W","CSVW","2","3",1.143,0.037,NA,NA
2022-02-13 12:00:00,"2022",2,13,12,0,0,"B","1","W","CSVW","2","3",3.091,0.038,NA,NA
2022-02-13 13:00:00,"2022",2,13,13,0,0,"B","1","W","CSVW","2","3",6.671,0.038,NA,NA
2022-02-13 14:00:00,"2022",2,13,14,0,0,"B","1","W","CSVW","2","3",10,0.038,NA,NA
2022-02-14 11:00:00,"2022",2,14,11,0,0,"B","1","W","CSVW","2","3",1.387,0.037,NA,NA
2022-02-14 12:00:00,"2022",2,14,12,0,0,"B","1","W","CSVW","2","3",3.727,0.038,NA,NA
2022-02-14 13:00:00,"2022",2,14,13,0,0,"B","1","W","CSVW","2","3",7.582,0.038,NA,NA
2022-02-14 14:00:00,"2022",2,14,14,0,0,"B","1","W","CSVW","2","3",10.17,0.038,NA,NA
2022-02-13 10:00:00,"2022",2,13,10,0,0,"B","1","L","CSVW","2","1",0.878,0.038,NA,NA
2022-02-13 11:00:00,"2022",2,13,11,0,0,"B","1","L","CSVW","2","1",8.37,0.04,NA,NA
2022-02-13 12:00:00,"2022",2,13,12,0,0,"B","1","L","CSVW","2","1",15.25,0.04,NA,NA
2022-02-13 13:00:00,"2022",2,13,13,0,0,"B","1","L","CSVW","2","1",19.4,0.041,NA,NA
2022-02-13 14:00:00,"2022",2,13,14,0,0,"B","1","L","CSVW","2","1",20.48,0.041,NA,NA
2022-02-14 10:00:00,"2022",2,14,10,0,0,"B","1","L","CSVW","2","1",0.577,0.038,NA,NA
2022-02-14 11:00:00,"2022",2,14,11,0,0,"B","1","L","CSVW","2","1",8.86,0.039,NA,NA
2022-02-14 12:00:00,"2022",2,14,12,0,0,"B","1","L","CSVW","2","1",16.1,0.04,NA,NA
2022-02-14 13:00:00,"2022",2,14,13,0,0,"B","1","L","CSVW","2","1",20.27,0.041,NA,NA
2022-02-14 14:00:00,"2022",2,14,14,0,0,"B","1","L","CSVW","2","1",21.13,0.041,NA,NA
2022-02-13 10:00:00,"2022",2,13,10,0,0,"B","1","L","CSVW","2","2",0.878,0.039,NA,NA
2022-02-13 11:00:00,"2022",2,13,11,0,0,"B","1","L","CSVW","2","2",8.37,0.04,NA,NA
2022-02-13 12:00:00,"2022",2,13,12,0,0,"B","1","L","CSVW","2","2",15.25,0.041,NA,NA
2022-02-13 13:00:00,"2022",2,13,13,0,0,"B","1","L","CSVW","2","2",19.4,0.041,NA,NA
2022-02-13 14:00:00,"2022",2,13,14,0,0,"B","1","L","CSVW","2","2",20.48,0.041,NA,NA
2022-02-14 10:00:00,"2022",2,14,10,0,0,"B","1","L","CSVW","2","2",0.577,0.039,NA,NA
2022-02-14 11:00:00,"2022",2,14,11,0,0,"B","1","L","CSVW","2","2",8.86,0.04,NA,NA
2022-02-14 12:00:00,"2022",2,14,12,0,0,"B","1","L","CSVW","2","2",16.1,0.04,NA,NA
2022-02-14 13:00:00,"2022",2,14,13,0,0,"B","1","L","CSVW","2","2",20.27,0.041,NA,NA
2022-02-14 14:00:00,"2022",2,14,14,0,0,"B","1","L","CSVW","2","2",21.13,0.041,NA,NA
2022-02-13 10:00:00,"2022",2,13,10,0,0,"B","1","L","CSVW","2","3",0.878,0.034,NA,NA
2022-02-13 11:00:00,"2022",2,13,11,0,0,"B","1","L","CSVW","2","3",8.37,0.035,NA,NA
2022-02-13 12:00:00,"2022",2,13,12,0,0,"B","1","L","CSVW","2","3",15.25,0.036,NA,NA
2022-02-13 13:00:00,"2022",2,13,13,0,0,"B","1","L","CSVW","2","3",19.4,0.036,NA,NA
2022-02-13 14:00:00,"2022",2,13,14,0,0,"B","1","L","CSVW","2","3",20.48,0.036,NA,NA
2022-02-14 10:00:00,"2022",2,14,10,0,0,"B","1","L","CSVW","2","3",0.577,0.034,NA,NA
2022-02-14 11:00:00,"2022",2,14,11,0,0,"B","1","L","CSVW","2","3",8.86,0.035,NA,NA
2022-02-14 12:00:00,"2022",2,14,12,0,0,"B","1","L","CSVW","2","3",16.1,0.036,NA,NA
2022-02-14 13:00:00,"2022",2,14,13,0,0,"B","1","L","CSVW","2","3",20.27,0.036,NA,NA
2022-02-14 14:00:00,"2022",2,14,14,0,0,"B","1","L","CSVW","2","3",21.13,0.036,NA,NA
2022-02-13 10:00:00,"2022",2,13,10,0,0,"B","1","LW","CSVW","2","2",0.876,0.033,NA,NA
2022-02-13 11:00:00,"2022",2,13,11,0,0,"B","1","LW","CSVW","2","2",9.98,0.034,NA,NA
2022-02-13 12:00:00,"2022",2,13,12,0,0,"B","1","LW","CSVW","2","2",17.16,0.034,NA,NA
2022-02-13 13:00:00,"2022",2,13,13,0,0,"B","1","LW","CSVW","2","2",21.3,0.034,NA,NA
2022-02-13 14:00:00,"2022",2,13,14,0,0,"B","1","LW","CSVW","2","2",22.81,0.034,NA,NA
2022-02-14 10:00:00,"2022",2,14,10,0,0,"B","1","LW","CSVW","2","2",0.797,0.033,NA,NA
2022-02-14 11:00:00,"2022",2,14,11,0,0,"B","1","LW","CSVW","2","2",9.93,0.034,NA,NA
2022-02-14 12:00:00,"2022",2,14,12,0,0,"B","1","LW","CSVW","2","2",17.51,0.034,NA,NA
2022-02-14 13:00:00,"2022",2,14,13,0,0,"B","1","LW","CSVW","2","2",21.97,0.034,NA,NA
2022-02-14 14:00:00,"2022",2,14,14,0,0,"B","1","LW","CSVW","2","2",23.02,0.034,NA,NA
2022-02-13 10:00:00,"2022",2,13,10,0,0,"B","1","LW","CSVW","2","3",0.876,0.038,NA,NA
2022-02-13 11:00:00,"2022",2,13,11,0,0,"B","1","LW","CSVW","2","3",9.98,0.039,NA,NA
2022-02-13 12:00:00,"2022",2,13,12,0,0,"B","1","LW","CSVW","2","3",17.16,0.04,NA,NA
2022-02-13 13:00:00,"2022",2,13,13,0,0,"B","1","LW","CSVW","2","3",21.3,0.04,NA,NA
2022-02-13 14:00:00,"2022",2,13,14,0,0,"B","1","LW","CSVW","2","3",22.81,0.04,NA,NA
2022-02-14 10:00:00,"2022",2,14,10,0,0,"B","1","LW","CSVW","2","3",0.797,0.038,NA,NA
2022-02-14 11:00:00,"2022",2,14,11,0,0,"B","1","LW","CSVW","2","3",9.93,0.039,NA,NA
2022-02-14 12:00:00,"2022",2,14,12,0,0,"B","1","LW","CSVW","2","3",17.51,0.04,NA,NA
2022-02-14 13:00:00,"2022",2,14,13,0,0,"B","1","LW","CSVW","2","3",21.97,0.04,NA,NA
2022-02-14 14:00:00,"2022",2,14,14,0,0,"B","1","LW","CSVW","2","3",23.02,0.04,NA,NA
2022-02-13 11:00:00,"2022",2,13,11,0,0,"B","2","C","CSVW","2","1",7.734,0.039,NA,NA
2022-02-13 12:00:00,"2022",2,13,12,0,0,"B","2","C","CSVW","2","1",12.92,0.04,NA,NA
2022-02-13 13:00:00,"2022",2,13,13,0,0,"B","2","C","CSVW","2","1",16.62,0.041,NA,NA
2022-02-13 14:00:00,"2022",2,13,14,0,0,"B","2","C","CSVW","2","1",17.44,0.04,NA,NA
2022-02-14 11:00:00,"2022",2,14,11,0,0,"B","2","C","CSVW","2","1",8.16,0.039,NA,NA
2022-02-14 12:00:00,"2022",2,14,12,0,0,"B","2","C","CSVW","2","1",13.74,0.04,NA,NA
2022-02-14 13:00:00,"2022",2,14,13,0,0,"B","2","C","CSVW","2","1",17.15,0.04,NA,NA
2022-02-14 14:00:00,"2022",2,14,14,0,0,"B","2","C","CSVW","2","1",17.08,0.04,NA,NA
2022-02-13 11:00:00,"2022",2,13,11,0,0,"B","2","C","CSVW","2","2",7.734,0.04,NA,NA
2022-02-13 12:00:00,"2022",2,13,12,0,0,"B","2","C","CSVW","2","2",12.92,0.04,NA,NA
2022-02-13 13:00:00,"2022",2,13,13,0,0,"B","2","C","CSVW","2","2",16.62,0.04,NA,NA
2022-02-13 14:00:00,"2022",2,13,14,0,0,"B","2","C","CSVW","2","2",17.44,0.041,NA,NA
2022-02-14 11:00:00,"2022",2,14,11,0,0,"B","2","C","CSVW","2","2",8.16,0.039,NA,NA
2022-02-14 12:00:00,"2022",2,14,12,0,0,"B","2","C","CSVW","2","2",13.74,0.04,NA,NA
2022-02-14 13:00:00,"2022",2,14,13,0,0,"B","2","C","CSVW","2","2",17.15,0.04,NA,NA
2022-02-14 14:00:00,"2022",2,14,14,0,0,"B","2","C","CSVW","2","2",17.08,0.04,NA,NA
2022-02-13 11:00:00,"2022",2,13,11,0,0,"B","2","C","CSVW","2","3",7.734,0.033,NA,NA
2022-02-13 12:00:00,"2022",2,13,12,0,0,"B","2","C","CSVW","2","3",12.92,0.033,NA,NA
2022-02-13 13:00:00,"2022",2,13,13,0,0,"B","2","C","CSVW","2","3",16.62,0.034,NA,NA
2022-02-13 14:00:00,"2022",2,13,14,0,0,"B","2","C","CSVW","2","3",17.44,0.034,NA,NA
2022-02-14 11:00:00,"2022",2,14,11,0,0,"B","2","C","CSVW","2","3",8.16,0.032,NA,NA
2022-02-14 12:00:00,"2022",2,14,12,0,0,"B","2","C","CSVW","2","3",13.74,0.033,NA,NA
2022-02-14 13:00:00,"2022",2,14,13,0,0,"B","2","C","CSVW","2","3",17.15,0.034,NA,NA
2022-02-14 14:00:00,"2022",2,14,14,0,0,"B","2","C","CSVW","2","3",17.08,0.034,NA,NA
2022-02-13 11:00:00,"2022",2,13,11,0,0,"B","2","W","CSVW","2","1",0.445,0.042,NA,NA
2022-02-13 12:00:00,"2022",2,13,12,0,0,"B","2","W","CSVW","2","1",4.687,0.043,NA,NA
2022-02-13 13:00:00,"2022",2,13,13,0,0,"B","2","W","CSVW","2","1",8.73,0.044,NA,NA
2022-02-13 14:00:00,"2022",2,13,14,0,0,"B","2","W","CSVW","2","1",11.84,0.045,NA,NA
2022-02-14 11:00:00,"2022",2,14,11,0,0,"B","2","W","CSVW","2","1",0.801,0.042,NA,NA
2022-02-14 12:00:00,"2022",2,14,12,0,0,"B","2","W","CSVW","2","1",5.489,0.043,NA,NA
2022-02-14 13:00:00,"2022",2,14,13,0,0,"B","2","W","CSVW","2","1",9.65,0.044,NA,NA
2022-02-14 14:00:00,"2022",2,14,14,0,0,"B","2","W","CSVW","2","1",13,0.044,NA,NA
2022-02-13 11:00:00,"2022",2,13,11,0,0,"B","2","W","CSVW","2","2",0.445,0.04,NA,NA
2022-02-13 12:00:00,"2022",2,13,12,0,0,"B","2","W","CSVW","2","2",4.687,0.042,NA,NA
2022-02-13 13:00:00,"2022",2,13,13,0,0,"B","2","W","CSVW","2","2",8.73,0.042,NA,NA
2022-02-13 14:00:00,"2022",2,13,14,0,0,"B","2","W","CSVW","2","2",11.84,0.042,NA,NA
2022-02-14 11:00:00,"2022",2,14,11,0,0,"B","2","W","CSVW","2","2",0.801,0.04,NA,NA
2022-02-14 12:00:00,"2022",2,14,12,0,0,"B","2","W","CSVW","2","2",5.489,0.041,NA,NA
2022-02-14 13:00:00,"2022",2,14,13,0,0,"B","2","W","CSVW","2","2",9.65,0.042,NA,NA
2022-02-14 14:00:00,"2022",2,14,14,0,0,"B","2","W","CSVW","2","2",13,0.042,NA,NA
2022-02-13 11:00:00,"2022",2,13,11,0,0,"B","2","W","CSVW","2","3",0.445,0.039,NA,NA
2022-02-13 12:00:00,"2022",2,13,12,0,0,"B","2","W","CSVW","2","3",4.687,0.041,NA,NA
2022-02-13 13:00:00,"2022",2,13,13,0,0,"B","2","W","CSVW","2","3",8.73,0.042,NA,NA
2022-02-13 14:00:00,"2022",2,13,14,0,0,"B","2","W","CSVW","2","3",11.84,0.042,NA,NA
2022-02-14 11:00:00,"2022",2,14,11,0,0,"B","2","W","CSVW","2","3",0.801,0.039,NA,NA
2022-02-14 12:00:00,"2022",2,14,12,0,0,"B","2","W","CSVW","2","3",5.489,0.041,NA,NA
2022-02-14 13:00:00,"2022",2,14,13,0,0,"B","2","W","CSVW","2","3",9.65,0.041,NA,NA
2022-02-14 14:00:00,"2022",2,14,14,0,0,"B","2","W","CSVW","2","3",13,0.041,NA,NA
2022-02-13 11:00:00,"2022",2,13,11,0,0,"B","2","L","CSVW","2","1",5.544,0.04,NA,NA
2022-02-13 12:00:00,"2022",2,13,12,0,0,"B","2","L","CSVW","2","1",8.03,0.041,NA,NA
2022-02-13 13:00:00,"2022",2,13,13,0,0,"B","2","L","CSVW","2","1",10.93,0.042,NA,NA
2022-02-13 14:00:00,"2022",2,13,14,0,0,"B","2","L","CSVW","2","1",12.69,0.042,NA,NA
2022-02-14 10:00:00,"2022",2,14,10,0,0,"B","2","L","CSVW","2","1",0.046,0.04,NA,NA
2022-02-14 11:00:00,"2022",2,14,11,0,0,"B","2","L","CSVW","2","1",5.718,0.04,NA,NA
2022-02-14 12:00:00,"2022",2,14,12,0,0,"B","2","L","CSVW","2","1",8.49,0.041,NA,NA
2022-02-14 13:00:00,"2022",2,14,13,0,0,"B","2","L","CSVW","2","1",11.16,0.042,NA,NA
2022-02-14 14:00:00,"2022",2,14,14,0,0,"B","2","L","CSVW","2","1",13.9,0.042,NA,NA
2022-02-13 11:00:00,"2022",2,13,11,0,0,"B","2","L","CSVW","2","2",5.544,0.048,NA,NA
2022-02-13 12:00:00,"2022",2,13,12,0,0,"B","2","L","CSVW","2","2",8.03,0.048,NA,NA
2022-02-13 13:00:00,"2022",2,13,13,0,0,"B","2","L","CSVW","2","2",10.93,0.049,NA,NA
2022-02-13 14:00:00,"2022",2,13,14,0,0,"B","2","L","CSVW","2","2",12.69,0.049,NA,NA
2022-02-14 10:00:00,"2022",2,14,10,0,0,"B","2","L","CSVW","2","2",0.046,0.046,NA,NA
2022-02-14 11:00:00,"2022",2,14,11,0,0,"B","2","L","CSVW","2","2",5.718,0.047,NA,NA
2022-02-14 12:00:00,"2022",2,14,12,0,0,"B","2","L","CSVW","2","2",8.49,0.048,NA,NA
2022-02-14 13:00:00,"2022",2,14,13,0,0,"B","2","L","CSVW","2","2",11.16,0.049,NA,NA
2022-02-14 14:00:00,"2022",2,14,14,0,0,"B","2","L","CSVW","2","2",13.9,0.049,NA,NA
2022-02-13 11:00:00,"2022",2,13,11,0,0,"B","2","L","CSVW","2","3",5.544,0.04,NA,NA
2022-02-13 12:00:00,"2022",2,13,12,0,0,"B","2","L","CSVW","2","3",8.03,0.04,NA,NA
2022-02-13 13:00:00,"2022",2,13,13,0,0,"B","2","L","CSVW","2","3",10.93,0.041,NA,NA
2022-02-13 14:00:00,"2022",2,13,14,0,0,"B","2","L","CSVW","2","3",12.69,0.041,NA,NA
2022-02-14 10:00:00,"2022",2,14,10,0,0,"B","2","L","CSVW","2","3",0.046,0.039,NA,NA
2022-02-14 11:00:00,"2022",2,14,11,0,0,"B","2","L","CSVW","2","3",5.718,0.04,NA,NA
2022-02-14 12:00:00,"2022",2,14,12,0,0,"B","2","L","CSVW","2","3",8.49,0.04,NA,NA
2022-02-14 13:00:00,"2022",2,14,13,0,0,"B","2","L","CSVW","2","3",11.16,0.041,NA,NA
2022-02-14 14:00:00,"2022",2,14,14,0,0,"B","2","L","CSVW","2","3",13.9,0.041,NA,NA
2022-02-13 10:00:00,"2022",2,13,10,0,0,"B","2","LW","CSVW","2","1",1.292,0.041,NA,NA
2022-02-13 11:00:00,"2022",2,13,11,0,0,"B","2","LW","CSVW","2","1",6.745,0.042,NA,NA
2022-02-13 12:00:00,"2022",2,13,12,0,0,"B","2","LW","CSVW","2","1",11.07,0.043,NA,NA
2022-02-13 13:00:00,"2022",2,13,13,0,0,"B","2","LW","CSVW","2","1",15.48,0.043,NA,NA
2022-02-13 14:00:00,"2022",2,13,14,0,0,"B","2","LW","CSVW","2","1",19.52,0.043,NA,NA
2022-02-14 10:00:00,"2022",2,14,10,0,0,"B","2","LW","CSVW","2","1",1.749,0.041,NA,NA
2022-02-14 11:00:00,"2022",2,14,11,0,0,"B","2","LW","CSVW","2","1",7.092,0.042,NA,NA
2022-02-14 12:00:00,"2022",2,14,12,0,0,"B","2","LW","CSVW","2","1",11.58,0.043,NA,NA
2022-02-14 13:00:00,"2022",2,14,13,0,0,"B","2","LW","CSVW","2","1",16.21,0.043,NA,NA
2022-02-14 14:00:00,"2022",2,14,14,0,0,"B","2","LW","CSVW","2","1",19.81,0.043,NA,NA
2022-02-13 10:00:00,"2022",2,13,10,0,0,"B","2","LW","CSVW","2","3",1.292,0.038,NA,NA
2022-02-13 11:00:00,"2022",2,13,11,0,0,"B","2","LW","CSVW","2","3",6.745,0.039,NA,NA
2022-02-13 12:00:00,"2022",2,13,12,0,0,"B","2","LW","CSVW","2","3",11.07,0.04,NA,NA
2022-02-13 13:00:00,"2022",2,13,13,0,0,"B","2","LW","CSVW","2","3",15.48,0.04,NA,NA
2022-02-13 14:00:00,"2022",2,13,14,0,0,"B","2","LW","CSVW","2","3",19.52,0.04,NA,NA
2022-02-14 10:00:00,"2022",2,14,10,0,0,"B","2","LW","CSVW","2","3",1.749,0.037,NA,NA
2022-02-14 11:00:00,"2022",2,14,11,0,0,"B","2","LW","CSVW","2","3",7.092,0.039,NA,NA
2022-02-14 12:00:00,"2022",2,14,12,0,0,"B","2","LW","CSVW","2","3",11.58,0.039,NA,NA
2022-02-14 13:00:00,"2022",2,14,13,0,0,"B","2","LW","CSVW","2","3",16.21,0.04,NA,NA
2022-02-14 14:00:00,"2022",2,14,14,0,0,"B","2","LW","CSVW","2","3",19.81,0.04,NA,NA
2022-02-13 12:00:00,"2022",2,13,12,0,0,"B","1","C","DVW","5","1",0.013,0.08,NA,NA
2022-02-13 13:00:00,"2022",2,13,13,0,0,"B","1","C","DVW","5","1",1.312,0.08,NA,NA
2022-02-13 14:00:00,"2022",2,13,14,0,0,"B","1","C","DVW","5","1",3.082,0.081,NA,NA
2022-02-14 12:00:00,"2022",2,14,12,0,0,"B","1","C","DVW","5","1",0.008,0.078,NA,NA
2022-02-14 13:00:00,"2022",2,14,13,0,0,"B","1","C","DVW","5","1",0.776,0.077,NA,NA
2022-02-14 14:00:00,"2022",2,14,14,0,0,"B","1","C","DVW","5","1",2.292,0.077,NA,NA
2022-02-13 12:00:00,"2022",2,13,12,0,0,"B","1","C","DVW","5","2",0.013,0.075,NA,NA
2022-02-13 13:00:00,"2022",2,13,13,0,0,"B","1","C","DVW","5","2",1.312,0.076,NA,NA
2022-02-13 14:00:00,"2022",2,13,14,0,0,"B","1","C","DVW","5","2",3.082,0.076,NA,NA
2022-02-14 12:00:00,"2022",2,14,12,0,0,"B","1","C","DVW","5","2",0.008,0.073,NA,NA
2022-02-14 13:00:00,"2022",2,14,13,0,0,"B","1","C","DVW","5","2",0.776,0.074,NA,NA
2022-02-14 14:00:00,"2022",2,14,14,0,0,"B","1","C","DVW","5","2",2.292,0.075,NA,NA
2022-02-13 12:00:00,"2022",2,13,12,0,0,"B","1","C","DVW","5","3",0.013,0.044,NA,NA
2022-02-13 13:00:00,"2022",2,13,13,0,0,"B","1","C","DVW","5","3",1.312,0.055,NA,NA
2022-02-13 14:00:00,"2022",2,13,14,0,0,"B","1","C","DVW","5","3",3.082,0.056,NA,NA
2022-02-14 12:00:00,"2022",2,14,12,0,0,"B","1","C","DVW","5","3",0.008,0.045,NA,NA
2022-02-14 13:00:00,"2022",2,14,13,0,0,"B","1","C","DVW","5","3",0.776,0.052,NA,NA
2022-02-14 14:00:00,"2022",2,14,14,0,0,"B","1","C","DVW","5","3",2.292,0.053,NA,NA
2022-02-13 11:00:00,"2022",2,13,11,0,0,"B","1","W","DVW","5","1",0.124,0.066,NA,NA
2022-02-13 12:00:00,"2022",2,13,12,0,0,"B","1","W","DVW","5","1",1.678,0.072,NA,NA
2022-02-13 13:00:00,"2022",2,13,13,0,0,"B","1","W","DVW","5","1",4.541,0.076,NA,NA
2022-02-13 14:00:00,"2022",2,13,14,0,0,"B","1","W","DVW","5","1",7.243,0.078,NA,NA
2022-02-14 11:00:00,"2022",2,14,11,0,0,"B","1","W","DVW","5","1",0.265,0.066,NA,NA
2022-02-14 12:00:00,"2022",2,14,12,0,0,"B","1","W","DVW","5","1",2.196,0.071,NA,NA
2022-02-14 13:00:00,"2022",2,14,13,0,0,"B","1","W","DVW","5","1",5.306,0.073,NA,NA
2022-02-14 14:00:00,"2022",2,14,14,0,0,"B","1","W","DVW","5","1",7.675,0.076,NA,NA
2022-02-13 11:00:00,"2022",2,13,11,0,0,"B","1","W","DVW","5","2",0.124,0.077,NA,NA
2022-02-13 12:00:00,"2022",2,13,12,0,0,"B","1","W","DVW","5","2",1.678,0.079,NA,NA
2022-02-13 13:00:00,"2022",2,13,13,0,0,"B","1","W","DVW","5","2",4.541,0.084,NA,NA
2022-02-13 14:00:00,"2022",2,13,14,0,0,"B","1","W","DVW","5","2",7.243,0.087,NA,NA
2022-02-14 11:00:00,"2022",2,14,11,0,0,"B","1","W","DVW","5","2",0.265,0.077,NA,NA
2022-02-14 12:00:00,"2022",2,14,12,0,0,"B","1","W","DVW","5","2",2.196,0.08,NA,NA
2022-02-14 13:00:00,"2022",2,14,13,0,0,"B","1","W","DVW","5","2",5.306,0.083,NA,NA
2022-02-14 14:00:00,"2022",2,14,14,0,0,"B","1","W","DVW","5","2",7.675,0.086,NA,NA
2022-02-13 11:00:00,"2022",2,13,11,0,0,"B","1","W","DVW","5","3",0.124,0.049,NA,NA
2022-02-13 12:00:00,"2022",2,13,12,0,0,"B","1","W","DVW","5","3",1.678,0.071,NA,NA
2022-02-13 13:00:00,"2022",2,13,13,0,0,"B","1","W","DVW","5","3",4.541,0.081,NA,NA
2022-02-13 14:00:00,"2022",2,13,14,0,0,"B","1","W","DVW","5","3",7.243,0.083,NA,NA
2022-02-14 11:00:00,"2022",2,14,11,0,0,"B","1","W","DVW","5","3",0.265,0.054,NA,NA
2022-02-14 12:00:00,"2022",2,14,12,0,0,"B","1","W","DVW","5","3",2.196,0.073,NA,NA
2022-02-14 13:00:00,"2022",2,14,13,0,0,"B","1","W","DVW","5","3",5.306,0.077,NA,NA
2022-02-14 14:00:00,"2022",2,14,14,0,0,"B","1","W","DVW","5","3",7.675,0.079,NA,NA
2022-02-13 10:00:00,"2022",2,13,10,0,0,"B","1","L","DVW","5","1",0.958,0.022,NA,NA
2022-02-13 11:00:00,"2022",2,13,11,0,0,"B","1","L","DVW","5","1",4.141,0.024,NA,NA
2022-02-13 12:00:00,"2022",2,13,12,0,0,"B","1","L","DVW","5","1",8.32,0.026,NA,NA
2022-02-13 13:00:00,"2022",2,13,13,0,0,"B","1","L","DVW","5","1",11.42,0.029,NA,NA
2022-02-13 14:00:00,"2022",2,13,14,0,0,"B","1","L","DVW","5","1",13.42,0.03,NA,NA
2022-02-14 10:00:00,"2022",2,14,10,0,0,"B","1","L","DVW","5","1",0.803,0.021,NA,NA
2022-02-14 11:00:00,"2022",2,14,11,0,0,"B","1","L","DVW","5","1",4.354,0.022,NA,NA
2022-02-14 12:00:00,"2022",2,14,12,0,0,"B","1","L","DVW","5","1",8.72,0.024,NA,NA
2022-02-14 13:00:00,"2022",2,14,13,0,0,"B","1","L","DVW","5","1",11.8,0.027,NA,NA
2022-02-14 14:00:00,"2022",2,14,14,0,0,"B","1","L","DVW","5","1",13.63,0.029,NA,NA
2022-02-13 10:00:00,"2022",2,13,10,0,0,"B","1","L","DVW","5","2",0.958,0.07,NA,NA
2022-02-13 11:00:00,"2022",2,13,11,0,0,"B","1","L","DVW","5","2",4.141,0.07,NA,NA
2022-02-13 12:00:00,"2022",2,13,12,0,0,"B","1","L","DVW","5","2",8.32,0.071,NA,NA
2022-02-13 13:00:00,"2022",2,13,13,0,0,"B","1","L","DVW","5","2",11.42,0.072,NA,NA
2022-02-13 14:00:00,"2022",2,13,14,0,0,"B","1","L","DVW","5","2",13.42,0.074,NA,NA
2022-02-14 10:00:00,"2022",2,14,10,0,0,"B","1","L","DVW","5","2",0.803,0.068,NA,NA
2022-02-14 11:00:00,"2022",2,14,11,0,0,"B","1","L","DVW","5","2",4.354,0.068,NA,NA
2022-02-14 12:00:00,"2022",2,14,12,0,0,"B","1","L","DVW","5","2",8.72,0.069,NA,NA
2022-02-14 13:00:00,"2022",2,14,13,0,0,"B","1","L","DVW","5","2",11.8,0.071,NA,NA
2022-02-14 14:00:00,"2022",2,14,14,0,0,"B","1","L","DVW","5","2",13.63,0.072,NA,NA
2022-02-13 10:00:00,"2022",2,13,10,0,0,"B","1","L","DVW","5","3",0.958,0,NA,NA
2022-02-13 11:00:00,"2022",2,13,11,0,0,"B","1","L","DVW","5","3",4.141,0,NA,NA
2022-02-13 12:00:00,"2022",2,13,12,0,0,"B","1","L","DVW","5","3",8.32,0.002,NA,NA
2022-02-13 13:00:00,"2022",2,13,13,0,0,"B","1","L","DVW","5","3",11.42,0.005,NA,NA
2022-02-13 14:00:00,"2022",2,13,14,0,0,"B","1","L","DVW","5","3",13.42,0.006,NA,NA
2022-02-14 10:00:00,"2022",2,14,10,0,0,"B","1","L","DVW","5","3",0.803,0,NA,NA
2022-02-14 11:00:00,"2022",2,14,11,0,0,"B","1","L","DVW","5","3",4.354,0,NA,NA
2022-02-14 12:00:00,"2022",2,14,12,0,0,"B","1","L","DVW","5","3",8.72,0,NA,NA
2022-02-14 13:00:00,"2022",2,14,13,0,0,"B","1","L","DVW","5","3",11.8,0.003,NA,NA
2022-02-14 14:00:00,"2022",2,14,14,0,0,"B","1","L","DVW","5","3",13.63,0.005,NA,NA
2022-02-13 10:00:00,"2022",2,13,10,0,0,"B","1","LW","DVW","5","1",0.976,0,NA,NA
2022-02-13 11:00:00,"2022",2,13,11,0,0,"B","1","LW","DVW","5","1",4.704,0,NA,NA
2022-02-13 12:00:00,"2022",2,13,12,0,0,"B","1","LW","DVW","5","1",8.72,0,NA,NA
2022-02-13 13:00:00,"2022",2,13,13,0,0,"B","1","LW","DVW","5","1",11.99,0,NA,NA
2022-02-13 14:00:00,"2022",2,13,14,0,0,"B","1","LW","DVW","5","1",13.83,0,NA,NA
2022-02-14 10:00:00,"2022",2,14,10,0,0,"B","1","LW","DVW","5","1",0.945,0,NA,NA
2022-02-14 11:00:00,"2022",2,14,11,0,0,"B","1","LW","DVW","5","1",4.922,0,NA,NA
2022-02-14 12:00:00,"2022",2,14,12,0,0,"B","1","LW","DVW","5","1",9.15,0,NA,NA
2022-02-14 13:00:00,"2022",2,14,13,0,0,"B","1","LW","DVW","5","1",12.48,0,NA,NA
2022-02-14 14:00:00,"2022",2,14,14,0,0,"B","1","LW","DVW","5","1",14.38,0,NA,NA
2022-02-13 10:00:00,"2022",2,13,10,0,0,"B","1","LW","DVW","5","3",0.976,0,NA,NA
2022-02-13 11:00:00,"2022",2,13,11,0,0,"B","1","LW","DVW","5","3",4.704,0,NA,NA
2022-02-13 12:00:00,"2022",2,13,12,0,0,"B","1","LW","DVW","5","3",8.72,0,NA,NA
2022-02-13 13:00:00,"2022",2,13,13,0,0,"B","1","LW","DVW","5","3",11.99,0,NA,NA
2022-02-13 14:00:00,"2022",2,13,14,0,0,"B","1","LW","DVW","5","3",13.83,0,NA,NA
2022-02-14 10:00:00,"2022",2,14,10,0,0,"B","1","LW","DVW","5","3",0.945,0,NA,NA
2022-02-14 11:00:00,"2022",2,14,11,0,0,"B","1","LW","DVW","5","3",4.922,0,NA,NA
2022-02-14 12:00:00,"2022",2,14,12,0,0,"B","1","LW","DVW","5","3",9.15,0,NA,NA
2022-02-14 13:00:00,"2022",2,14,13,0,0,"B","1","LW","DVW","5","3",12.48,0,NA,NA
2022-02-14 14:00:00,"2022",2,14,14,0,0,"B","1","LW","DVW","5","3",14.38,0,NA,NA
2022-02-13 11:00:00,"2022",2,13,11,0,0,"B","2","C","DVW","5","1",2.019,0.008,NA,NA
2022-02-13 12:00:00,"2022",2,13,12,0,0,"B","2","C","DVW","5","1",6.224,0.01,NA,NA
2022-02-13 13:00:00,"2022",2,13,13,0,0,"B","2","C","DVW","5","1",9.91,0.011,NA,NA
2022-02-13 14:00:00,"2022",2,13,14,0,0,"B","2","C","DVW","5","1",12.67,0.013,NA,NA
2022-02-14 11:00:00,"2022",2,14,11,0,0,"B","2","C","DVW","5","1",2.314,0.003,NA,NA
2022-02-14 12:00:00,"2022",2,14,12,0,0,"B","2","C","DVW","5","1",6.895,0.005,NA,NA
2022-02-14 13:00:00,"2022",2,14,13,0,0,"B","2","C","DVW","5","1",10.3,0.007,NA,NA
2022-02-14 14:00:00,"2022",2,14,14,0,0,"B","2","C","DVW","5","1",12.57,0.008,NA,NA
2022-02-13 11:00:00,"2022",2,13,11,0,0,"B","2","C","DVW","5","2",2.019,0,NA,NA
2022-02-13 12:00:00,"2022",2,13,12,0,0,"B","2","C","DVW","5","2",6.224,0,NA,NA
2022-02-13 13:00:00,"2022",2,13,13,0,0,"B","2","C","DVW","5","2",9.91,0,NA,NA
2022-02-13 14:00:00,"2022",2,13,14,0,0,"B","2","C","DVW","5","2",12.67,0,NA,NA
2022-02-14 11:00:00,"2022",2,14,11,0,0,"B","2","C","DVW","5","2",2.314,0,NA,NA
2022-02-14 12:00:00,"2022",2,14,12,0,0,"B","2","C","DVW","5","2",6.895,0,NA,NA
2022-02-14 13:00:00,"2022",2,14,13,0,0,"B","2","C","DVW","5","2",10.3,0,NA,NA
2022-02-14 14:00:00,"2022",2,14,14,0,0,"B","2","C","DVW","5","2",12.57,0,NA,NA
2022-02-13 11:00:00,"2022",2,13,11,0,0,"B","2","C","DVW","5","3",2.019,0,NA,NA
2022-02-13 12:00:00,"2022",2,13,12,0,0,"B","2","C","DVW","5","3",6.224,0,NA,NA
2022-02-13 13:00:00,"2022",2,13,13,0,0,"B","2","C","DVW","5","3",9.91,0,NA,NA
2022-02-13 14:00:00,"2022",2,13,14,0,0,"B","2","C","DVW","5","3",12.67,0,NA,NA
2022-02-14 11:00:00,"2022",2,14,11,0,0,"B","2","C","DVW","5","3",2.314,0,NA,NA
2022-02-14 12:00:00,"2022",2,14,12,0,0,"B","2","C","DVW","5","3",6.895,0,NA,NA
2022-02-14 13:00:00,"2022",2,14,13,0,0,"B","2","C","DVW","5","3",10.3,0,NA,NA
2022-02-14 14:00:00,"2022",2,14,14,0,0,"B","2","C","DVW","5","3",12.57,0,NA,NA
2022-02-13 12:00:00,"2022",2,13,12,0,0,"B","2","W","DVW","5","1",0.261,0.085,NA,NA
2022-02-13 13:00:00,"2022",2,13,13,0,0,"B","2","W","DVW","5","1",2.111,0.087,NA,NA
2022-02-13 14:00:00,"2022",2,13,14,0,0,"B","2","W","DVW","5","1",5.335,0.088,NA,NA
2022-02-14 12:00:00,"2022",2,14,12,0,0,"B","2","W","DVW","5","1",0.43,0.084,NA,NA
2022-02-14 13:00:00,"2022",2,14,13,0,0,"B","2","W","DVW","5","1",2.596,0.086,NA,NA
2022-02-14 14:00:00,"2022",2,14,14,0,0,"B","2","W","DVW","5","1",6.145,0.088,NA,NA
2022-02-13 12:00:00,"2022",2,13,12,0,0,"B","2","W","DVW","5","2",0.261,0.019,NA,NA
2022-02-13 13:00:00,"2022",2,13,13,0,0,"B","2","W","DVW","5","2",2.111,0.027,NA,NA
2022-02-13 14:00:00,"2022",2,13,14,0,0,"B","2","W","DVW","5","2",5.335,0.028,NA,NA
2022-02-14 12:00:00,"2022",2,14,12,0,0,"B","2","W","DVW","5","2",0.43,0.02,NA,NA
2022-02-14 13:00:00,"2022",2,14,13,0,0,"B","2","W","DVW","5","2",2.596,0.026,NA,NA
2022-02-14 14:00:00,"2022",2,14,14,0,0,"B","2","W","DVW","5","2",6.145,0.027,NA,NA
2022-02-13 12:00:00,"2022",2,13,12,0,0,"B","2","W","DVW","5","3",0.261,0.017,NA,NA
2022-02-13 13:00:00,"2022",2,13,13,0,0,"B","2","W","DVW","5","3",2.111,0.03,NA,NA
2022-02-13 14:00:00,"2022",2,13,14,0,0,"B","2","W","DVW","5","3",5.335,0.032,NA,NA
2022-02-14 12:00:00,"2022",2,14,12,0,0,"B","2","W","DVW","5","3",0.43,0.018,NA,NA
2022-02-14 13:00:00,"2022",2,14,13,0,0,"B","2","W","DVW","5","3",2.596,0.029,NA,NA
2022-02-14 14:00:00,"2022",2,14,14,0,0,"B","2","W","DVW","5","3",6.145,0.03,NA,NA
2022-02-13 10:00:00,"2022",2,13,10,0,0,"B","2","L","DVW","5","1",0.958,0.083,NA,NA
2022-02-13 11:00:00,"2022",2,13,11,0,0,"B","2","L","DVW","5","1",1.83,0.083,NA,NA
2022-02-13 12:00:00,"2022",2,13,12,0,0,"B","2","L","DVW","5","1",3.59,0.084,NA,NA
2022-02-13 13:00:00,"2022",2,13,13,0,0,"B","2","L","DVW","5","1",5.401,0.085,NA,NA
2022-02-13 14:00:00,"2022",2,13,14,0,0,"B","2","L","DVW","5","1",7.381,0.086,NA,NA
2022-02-14 10:00:00,"2022",2,14,10,0,0,"B","2","L","DVW","5","1",0.947,0.082,NA,NA
2022-02-14 11:00:00,"2022",2,14,11,0,0,"B","2","L","DVW","5","1",1.87,0.082,NA,NA
2022-02-14 12:00:00,"2022",2,14,12,0,0,"B","2","L","DVW","5","1",3.633,0.083,NA,NA
2022-02-14 13:00:00,"2022",2,14,13,0,0,"B","2","L","DVW","5","1",5.582,0.084,NA,NA
2022-02-14 14:00:00,"2022",2,14,14,0,0,"B","2","L","DVW","5","1",7.641,0.085,NA,NA
2022-02-13 10:00:00,"2022",2,13,10,0,0,"B","2","L","DVW","5","2",0.958,0.025,NA,NA
2022-02-13 11:00:00,"2022",2,13,11,0,0,"B","2","L","DVW","5","2",1.83,0.026,NA,NA
2022-02-13 12:00:00,"2022",2,13,12,0,0,"B","2","L","DVW","5","2",3.59,0.027,NA,NA
2022-02-13 13:00:00,"2022",2,13,13,0,0,"B","2","L","DVW","5","2",5.401,0.027,NA,NA
2022-02-13 14:00:00,"2022",2,13,14,0,0,"B","2","L","DVW","5","2",7.381,0.028,NA,NA
2022-02-14 10:00:00,"2022",2,14,10,0,0,"B","2","L","DVW","5","2",0.947,0.024,NA,NA
2022-02-14 11:00:00,"2022",2,14,11,0,0,"B","2","L","DVW","5","2",1.87,0.025,NA,NA
2022-02-14 12:00:00,"2022",2,14,12,0,0,"B","2","L","DVW","5","2",3.633,0.025,NA,NA
2022-02-14 13:00:00,"2022",2,14,13,0,0,"B","2","L","DVW","5","2",5.582,0.027,NA,NA
2022-02-14 14:00:00,"2022",2,14,14,0,0,"B","2","L","DVW","5","2",7.641,0.027,NA,NA
2022-02-13 10:00:00,"2022",2,13,10,0,0,"B","2","L","DVW","5","3",0.958,0.03,NA,NA
2022-02-13 11:00:00,"2022",2,13,11,0,0,"B","2","L","DVW","5","3",1.83,0.031,NA,NA
2022-02-13 12:00:00,"2022",2,13,12,0,0,"B","2","L","DVW","5","3",3.59,0.033,NA,NA
2022-02-13 13:00:00,"2022",2,13,13,0,0,"B","2","L","DVW","5","3",5.401,0.035,NA,NA
2022-02-13 14:00:00,"2022",2,13,14,0,0,"B","2","L","DVW","5","3",7.381,0.036,NA,NA
2022-02-14 10:00:00,"2022",2,14,10,0,0,"B","2","L","DVW","5","3",0.947,0.029,NA,NA
2022-02-14 11:00:00,"2022",2,14,11,0,0,"B","2","L","DVW","5","3",1.87,0.03,NA,NA
2022-02-14 12:00:00,"2022",2,14,12,0,0,"B","2","L","DVW","5","3",3.633,0.032,NA,NA
2022-02-14 13:00:00,"2022",2,14,13,0,0,"B","2","L","DVW","5","3",5.582,0.034,NA,NA
2022-02-14 14:00:00,"2022",2,14,14,0,0,"B","2","L","DVW","5","3",7.641,0.036,NA,NA
2022-02-13 10:00:00,"2022",2,13,10,0,0,"B","2","LW","DVW","5","1",0.915,0,NA,NA
2022-02-13 11:00:00,"2022",2,13,11,0,0,"B","2","LW","DVW","5","1",3.115,0,NA,NA
2022-02-13 12:00:00,"2022",2,13,12,0,0,"B","2","LW","DVW","5","1",6.326,0,NA,NA
2022-02-13 13:00:00,"2022",2,13,13,0,0,"B","2","LW","DVW","5","1",8.89,0,NA,NA
2022-02-13 14:00:00,"2022",2,13,14,0,0,"B","2","LW","DVW","5","1",10.91,0,NA,NA
2022-02-14 10:00:00,"2022",2,14,10,0,0,"B","2","LW","DVW","5","1",0.891,0,NA,NA
2022-02-14 11:00:00,"2022",2,14,11,0,0,"B","2","LW","DVW","5","1",3.337,0,NA,NA
2022-02-14 12:00:00,"2022",2,14,12,0,0,"B","2","LW","DVW","5","1",6.577,0,NA,NA
2022-02-14 13:00:00,"2022",2,14,13,0,0,"B","2","LW","DVW","5","1",9.32,0,NA,NA
2022-02-14 14:00:00,"2022",2,14,14,0,0,"B","2","LW","DVW","5","1",11.46,0,NA,NA
2022-02-13 10:00:00,"2022",2,13,10,0,0,"B","2","LW","DVW","5","2",0.915,0,NA,NA
2022-02-13 11:00:00,"2022",2,13,11,0,0,"B","2","LW","DVW","5","2",3.115,0,NA,NA
2022-02-13 12:00:00,"2022",2,13,12,0,0,"B","2","LW","DVW","5","2",6.326,0,NA,NA
2022-02-13 13:00:00,"2022",2,13,13,0,0,"B","2","LW","DVW","5","2",8.89,0,NA,NA
2022-02-13 14:00:00,"2022",2,13,14,0,0,"B","2","LW","DVW","5","2",10.91,0,NA,NA
2022-02-14 10:00:00,"2022",2,14,10,0,0,"B","2","LW","DVW","5","2",0.891,0,NA,NA
2022-02-14 11:00:00,"2022",2,14,11,0,0,"B","2","LW","DVW","5","2",3.337,0,NA,NA
2022-02-14 12:00:00,"2022",2,14,12,0,0,"B","2","LW","DVW","5","2",6.577,0,NA,NA
2022-02-14 13:00:00,"2022",2,14,13,0,0,"B","2","LW","DVW","5","2",9.32,0,NA,NA
2022-02-14 14:00:00,"2022",2,14,14,0,0,"B","2","LW","DVW","5","2",11.46,0,NA,NA
2022-02-13 10:00:00,"2022",2,13,10,0,0,"B","2","LW","DVW","5","3",0.915,0.056,NA,NA
2022-02-13 11:00:00,"2022",2,13,11,0,0,"B","2","LW","DVW","5","3",3.115,0.057,NA,NA
2022-02-13 12:00:00,"2022",2,13,12,0,0,"B","2","LW","DVW","5","3",6.326,0.058,NA,NA
2022-02-13 13:00:00,"2022",2,13,13,0,0,"B","2","LW","DVW","5","3",8.89,0.061,NA,NA
2022-02-13 14:00:00,"2022",2,13,14,0,0,"B","2","LW","DVW","5","3",10.91,0.063,NA,NA
2022-02-14 10:00:00,"2022",2,14,10,0,0,"B","2","LW","DVW","5","3",0.891,0.052,NA,NA
2022-02-14 11:00:00,"2022",2,14,11,0,0,"B","2","LW","DVW","5","3",3.337,0.053,NA,NA
2022-02-14 12:00:00,"2022",2,14,12,0,0,"B","2","LW","DVW","5","3",6.577,0.055,NA,NA
2022-02-14 13:00:00,"2022",2,14,13,0,0,"B","2","LW","DVW","5","3",9.32,0.057,NA,NA
2022-02-14 14:00:00,"2022",2,14,14,0,0,"B","2","LW","DVW","5","3",11.46,0.059,NA,NA
2022-02-13 11:00:00,"2022",2,13,11,0,0,"B","5","C","CSVW","2","1",6.441,0.039,NA,NA
2022-02-13 12:00:00,"2022",2,13,12,0,0,"B","5","C","CSVW","2","1",11.66,0.04,NA,NA
2022-02-13 13:00:00,"2022",2,13,13,0,0,"B","5","C","CSVW","2","1",15.86,0.041,NA,NA
2022-02-13 14:00:00,"2022",2,13,14,0,0,"B","5","C","CSVW","2","1",18.45,0.041,NA,NA
2022-02-14 11:00:00,"2022",2,14,11,0,0,"B","5","C","CSVW","2","1",6.958,0.039,NA,NA
2022-02-14 12:00:00,"2022",2,14,12,0,0,"B","5","C","CSVW","2","1",12.57,0.04,NA,NA
2022-02-14 13:00:00,"2022",2,14,13,0,0,"B","5","C","CSVW","2","1",16.81,0.041,NA,NA
2022-02-14 14:00:00,"2022",2,14,14,0,0,"B","5","C","CSVW","2","1",19.01,0.041,NA,NA
2022-02-13 11:00:00,"2022",2,13,11,0,0,"B","5","C","CSVW","2","2",6.441,0.035,NA,NA
2022-02-13 12:00:00,"2022",2,13,12,0,0,"B","5","C","CSVW","2","2",11.66,0.036,NA,NA
2022-02-13 13:00:00,"2022",2,13,13,0,0,"B","5","C","CSVW","2","2",15.86,0.037,NA,NA
2022-02-13 14:00:00,"2022",2,13,14,0,0,"B","5","C","CSVW","2","2",18.45,0.037,NA,NA
2022-02-14 11:00:00,"2022",2,14,11,0,0,"B","5","C","CSVW","2","2",6.958,0.035,NA,NA
2022-02-14 12:00:00,"2022",2,14,12,0,0,"B","5","C","CSVW","2","2",12.57,0.037,NA,NA
2022-02-14 13:00:00,"2022",2,14,13,0,0,"B","5","C","CSVW","2","2",16.81,0.037,NA,NA
2022-02-14 14:00:00,"2022",2,14,14,0,0,"B","5","C","CSVW","2","2",19.01,0.037,NA,NA
2022-02-13 11:00:00,"2022",2,13,11,0,0,"B","5","C","CSVW","2","3",6.441,0.035,NA,NA
2022-02-13 12:00:00,"2022",2,13,12,0,0,"B","5","C","CSVW","2","3",11.66,0.036,NA,NA
2022-02-13 13:00:00,"2022",2,13,13,0,0,"B","5","C","CSVW","2","3",15.86,0.037,NA,NA
2022-02-13 14:00:00,"2022",2,13,14,0,0,"B","5","C","CSVW","2","3",18.45,0.037,NA,NA
2022-02-14 11:00:00,"2022",2,14,11,0,0,"B","5","C","CSVW","2","3",6.958,0.035,NA,NA
2022-02-14 12:00:00,"2022",2,14,12,0,0,"B","5","C","CSVW","2","3",12.57,0.037,NA,NA
2022-02-14 13:00:00,"2022",2,14,13,0,0,"B","5","C","CSVW","2","3",16.81,0.037,NA,NA
2022-02-14 14:00:00,"2022",2,14,14,0,0,"B","5","C","CSVW","2","3",19.01,0.037,NA,NA
2022-02-13 11:00:00,"2022",2,13,11,0,0,"B","5","W","CSVW","2","1",0.927,0.04,NA,NA
2022-02-13 12:00:00,"2022",2,13,12,0,0,"B","5","W","CSVW","2","1",2.723,0.041,NA,NA
2022-02-13 13:00:00,"2022",2,13,13,0,0,"B","5","W","CSVW","2","1",4.989,0.041,NA,NA
2022-02-13 14:00:00,"2022",2,13,14,0,0,"B","5","W","CSVW","2","1",7.471,0.041,NA,NA
2022-02-14 11:00:00,"2022",2,14,11,0,0,"B","5","W","CSVW","2","1",1.166,0.04,NA,NA
2022-02-14 12:00:00,"2022",2,14,12,0,0,"B","5","W","CSVW","2","1",3.101,0.041,NA,NA
2022-02-14 13:00:00,"2022",2,14,13,0,0,"B","5","W","CSVW","2","1",5.454,0.041,NA,NA
2022-02-14 14:00:00,"2022",2,14,14,0,0,"B","5","W","CSVW","2","1",7.995,0.041,NA,NA
2022-02-13 11:00:00,"2022",2,13,11,0,0,"B","5","W","CSVW","2","2",0.927,0.049,NA,NA
2022-02-13 12:00:00,"2022",2,13,12,0,0,"B","5","W","CSVW","2","2",2.723,0.052,NA,NA
2022-02-13 13:00:00,"2022",2,13,13,0,0,"B","5","W","CSVW","2","2",4.989,0.053,NA,NA
2022-02-13 14:00:00,"2022",2,13,14,0,0,"B","5","W","CSVW","2","2",7.471,0.054,NA,NA
2022-02-14 11:00:00,"2022",2,14,11,0,0,"B","5","W","CSVW","2","2",1.166,0.049,NA,NA
2022-02-14 12:00:00,"2022",2,14,12,0,0,"B","5","W","CSVW","2","2",3.101,0.052,NA,NA
2022-02-14 13:00:00,"2022",2,14,13,0,0,"B","5","W","CSVW","2","2",5.454,0.052,NA,NA
2022-02-14 14:00:00,"2022",2,14,14,0,0,"B","5","W","CSVW","2","2",7.995,0.053,NA,NA
2022-02-13 11:00:00,"2022",2,13,11,0,0,"B","5","W","CSVW","2","3",0.927,0.054,NA,NA
2022-02-13 12:00:00,"2022",2,13,12,0,0,"B","5","W","CSVW","2","3",2.723,0.055,NA,NA
2022-02-13 13:00:00,"2022",2,13,13,0,0,"B","5","W","CSVW","2","3",4.989,0.055,NA,NA
2022-02-13 14:00:00,"2022",2,13,14,0,0,"B","5","W","CSVW","2","3",7.471,0.055,NA,NA
2022-02-14 11:00:00,"2022",2,14,11,0,0,"B","5","W","CSVW","2","3",1.166,0.053,NA,NA
2022-02-14 12:00:00,"2022",2,14,12,0,0,"B","5","W","CSVW","2","3",3.101,0.054,NA,NA
2022-02-14 13:00:00,"2022",2,14,13,0,0,"B","5","W","CSVW","2","3",5.454,0.054,NA,NA
2022-02-14 14:00:00,"2022",2,14,14,0,0,"B","5","W","CSVW","2","3",7.995,0.055,NA,NA
2022-02-13 10:00:00,"2022",2,13,10,0,0,"B","5","L","CSVW","2","1",0.89,0.035,NA,NA
2022-02-13 11:00:00,"2022",2,13,11,0,0,"B","5","L","CSVW","2","1",7.9,0.036,NA,NA
2022-02-13 12:00:00,"2022",2,13,12,0,0,"B","5","L","CSVW","2","1",14.23,0.036,NA,NA
2022-02-13 13:00:00,"2022",2,13,13,0,0,"B","5","L","CSVW","2","1",18.31,0.037,NA,NA
2022-02-13 14:00:00,"2022",2,13,14,0,0,"B","5","L","CSVW","2","1",20.81,0.036,NA,NA
2022-02-14 10:00:00,"2022",2,14,10,0,0,"B","5","L","CSVW","2","1",0.779,0.035,NA,NA
2022-02-14 11:00:00,"2022",2,14,11,0,0,"B","5","L","CSVW","2","1",8.14,0.036,NA,NA
2022-02-14 12:00:00,"2022",2,14,12,0,0,"B","5","L","CSVW","2","1",14.9,0.036,NA,NA
2022-02-14 13:00:00,"2022",2,14,13,0,0,"B","5","L","CSVW","2","1",19.11,0.036,NA,NA
2022-02-14 14:00:00,"2022",2,14,14,0,0,"B","5","L","CSVW","2","1",21.32,0.036,NA,NA
2022-02-13 10:00:00,"2022",2,13,10,0,0,"B","5","L","CSVW","2","2",0.89,0.037,NA,NA
2022-02-13 11:00:00,"2022",2,13,11,0,0,"B","5","L","CSVW","2","2",7.9,0.038,NA,NA
2022-02-13 12:00:00,"2022",2,13,12,0,0,"B","5","L","CSVW","2","2",14.23,0.038,NA,NA
2022-02-13 13:00:00,"2022",2,13,13,0,0,"B","5","L","CSVW","2","2",18.31,0.038,NA,NA
2022-02-13 14:00:00,"2022",2,13,14,0,0,"B","5","L","CSVW","2","2",20.81,0.038,NA,NA
2022-02-14 10:00:00,"2022",2,14,10,0,0,"B","5","L","CSVW","2","2",0.779,0.037,NA,NA
2022-02-14 11:00:00,"2022",2,14,11,0,0,"B","5","L","CSVW","2","2",8.14,0.038,NA,NA
2022-02-14 12:00:00,"2022",2,14,12,0,0,"B","5","L","CSVW","2","2",14.9,0.038,NA,NA
2022-02-14 13:00:00,"2022",2,14,13,0,0,"B","5","L","CSVW","2","2",19.11,0.038,NA,NA
2022-02-14 14:00:00,"2022",2,14,14,0,0,"B","5","L","CSVW","2","2",21.32,0.038,NA,NA
2022-02-13 10:00:00,"2022",2,13,10,0,0,"B","5","LW","CSVW","2","1",0.844,0.04,NA,NA
2022-02-13 11:00:00,"2022",2,13,11,0,0,"B","5","LW","CSVW","2","1",4.622,0.041,NA,NA
2022-02-13 12:00:00,"2022",2,13,12,0,0,"B","5","LW","CSVW","2","1",7.602,0.042,NA,NA
2022-02-13 13:00:00,"2022",2,13,13,0,0,"B","5","LW","CSVW","2","1",10.89,0.042,NA,NA
2022-02-13 14:00:00,"2022",2,13,14,0,0,"B","5","LW","CSVW","2","1",11.78,0.043,NA,NA
2022-02-14 10:00:00,"2022",2,14,10,0,0,"B","5","LW","CSVW","2","1",0.665,0.039,NA,NA
2022-02-14 11:00:00,"2022",2,14,11,0,0,"B","5","LW","CSVW","2","1",4.778,0.041,NA,NA
2022-02-14 12:00:00,"2022",2,14,12,0,0,"B","5","LW","CSVW","2","1",8.01,0.042,NA,NA
2022-02-14 13:00:00,"2022",2,14,13,0,0,"B","5","LW","CSVW","2","1",11.09,0.042,NA,NA
2022-02-14 14:00:00,"2022",2,14,14,0,0,"B","5","LW","CSVW","2","1",12.19,0.042,NA,NA
2022-02-13 10:00:00,"2022",2,13,10,0,0,"B","5","LW","CSVW","2","2",0.844,0.04,NA,NA
2022-02-13 11:00:00,"2022",2,13,11,0,0,"B","5","LW","CSVW","2","2",4.622,0.041,NA,NA
2022-02-13 12:00:00,"2022",2,13,12,0,0,"B","5","LW","CSVW","2","2",7.602,0.042,NA,NA
2022-02-13 13:00:00,"2022",2,13,13,0,0,"B","5","LW","CSVW","2","2",10.89,0.043,NA,NA
2022-02-13 14:00:00,"2022",2,13,14,0,0,"B","5","LW","CSVW","2","2",11.78,0.043,NA,NA
2022-02-14 10:00:00,"2022",2,14,10,0,0,"B","5","LW","CSVW","2","2",0.665,0.04,NA,NA
2022-02-14 11:00:00,"2022",2,14,11,0,0,"B","5","LW","CSVW","2","2",4.778,0.041,NA,NA
2022-02-14 12:00:00,"2022",2,14,12,0,0,"B","5","LW","CSVW","2","2",8.01,0.042,NA,NA
2022-02-14 13:00:00,"2022",2,14,13,0,0,"B","5","LW","CSVW","2","2",11.09,0.043,NA,NA
2022-02-14 14:00:00,"2022",2,14,14,0,0,"B","5","LW","CSVW","2","2",12.19,0.042,NA,NA
2022-02-13 10:00:00,"2022",2,13,10,0,0,"B","5","LW","CSVW","2","3",0.844,0.035,NA,NA
2022-02-13 11:00:00,"2022",2,13,11,0,0,"B","5","LW","CSVW","2","3",4.622,0.036,NA,NA
2022-02-13 12:00:00,"2022",2,13,12,0,0,"B","5","LW","CSVW","2","3",7.602,0.037,NA,NA
2022-02-13 13:00:00,"2022",2,13,13,0,0,"B","5","LW","CSVW","2","3",10.89,0.038,NA,NA
2022-02-13 14:00:00,"2022",2,13,14,0,0,"B","5","LW","CSVW","2","3",11.78,0.038,NA,NA
2022-02-14 10:00:00,"2022",2,14,10,0,0,"B","5","LW","CSVW","2","3",0.665,0.035,NA,NA
2022-02-14 11:00:00,"2022",2,14,11,0,0,"B","5","LW","CSVW","2","3",4.778,0.036,NA,NA
2022-02-14 12:00:00,"2022",2,14,12,0,0,"B","5","LW","CSVW","2","3",8.01,0.037,NA,NA
2022-02-14 13:00:00,"2022",2,14,13,0,0,"B","5","LW","CSVW","2","3",11.09,0.038,NA,NA
2022-02-14 14:00:00,"2022",2,14,14,0,0,"B","5","LW","CSVW","2","3",12.19,0.038,NA,NA
2022-02-13 11:00:00,"2022",2,13,11,0,0,"B","3","C","DVW","5","1",6.004,0,NA,NA
2022-02-13 12:00:00,"2022",2,13,12,0,0,"B","3","C","DVW","5","1",10.01,0.007,NA,NA
2022-02-13 13:00:00,"2022",2,13,13,0,0,"B","3","C","DVW","5","1",11.98,0.03,NA,NA
2022-02-13 14:00:00,"2022",2,13,14,0,0,"B","3","C","DVW","5","1",12.79,0.032,NA,NA
2022-02-14 11:00:00,"2022",2,14,11,0,0,"B","3","C","DVW","5","1",6.6,0,NA,NA
2022-02-14 12:00:00,"2022",2,14,12,0,0,"B","3","C","DVW","5","1",10.95,0.011,NA,NA
2022-02-14 13:00:00,"2022",2,14,13,0,0,"B","3","C","DVW","5","1",12.56,0.03,NA,NA
2022-02-14 14:00:00,"2022",2,14,14,0,0,"B","3","C","DVW","5","1",13.83,0.032,NA,NA
2022-02-13 11:00:00,"2022",2,13,11,0,0,"B","3","C","DVW","5","2",6.004,0.047,NA,NA
2022-02-13 12:00:00,"2022",2,13,12,0,0,"B","3","C","DVW","5","2",10.01,0.05,NA,NA
2022-02-13 13:00:00,"2022",2,13,13,0,0,"B","3","C","DVW","5","2",11.98,0.057,NA,NA
2022-02-13 14:00:00,"2022",2,13,14,0,0,"B","3","C","DVW","5","2",12.79,0.06,NA,NA
2022-02-14 11:00:00,"2022",2,14,11,0,0,"B","3","C","DVW","5","2",6.6,0.048,NA,NA
2022-02-14 12:00:00,"2022",2,14,12,0,0,"B","3","C","DVW","5","2",10.95,0.051,NA,NA
2022-02-14 13:00:00,"2022",2,14,13,0,0,"B","3","C","DVW","5","2",12.56,0.056,NA,NA
2022-02-14 14:00:00,"2022",2,14,14,0,0,"B","3","C","DVW","5","2",13.83,0.058,NA,NA
2022-02-13 11:00:00,"2022",2,13,11,0,0,"B","3","C","DVW","5","3",6.004,0.013,NA,NA
2022-02-13 12:00:00,"2022",2,13,12,0,0,"B","3","C","DVW","5","3",10.01,0.032,NA,NA
2022-02-13 13:00:00,"2022",2,13,13,0,0,"B","3","C","DVW","5","3",11.98,0.035,NA,NA
2022-02-13 14:00:00,"2022",2,13,14,0,0,"B","3","C","DVW","5","3",12.79,0.037,NA,NA
2022-02-14 11:00:00,"2022",2,14,11,0,0,"B","3","C","DVW","5","3",6.6,0.013,NA,NA
2022-02-14 12:00:00,"2022",2,14,12,0,0,"B","3","C","DVW","5","3",10.95,0.028,NA,NA
2022-02-14 13:00:00,"2022",2,14,13,0,0,"B","3","C","DVW","5","3",12.56,0.031,NA,NA
2022-02-14 14:00:00,"2022",2,14,14,0,0,"B","3","C","DVW","5","3",13.83,0.033,NA,NA
2022-02-13 11:00:00,"2022",2,13,11,0,0,"B","3","W","DVW","5","1",1.312,0.078,NA,NA
2022-02-13 12:00:00,"2022",2,13,12,0,0,"B","3","W","DVW","5","1",5.285,0.081,NA,NA
2022-02-13 13:00:00,"2022",2,13,13,0,0,"B","3","W","DVW","5","1",8.41,0.084,NA,NA
2022-02-13 14:00:00,"2022",2,13,14,0,0,"B","3","W","DVW","5","1",10.81,0.086,NA,NA
2022-02-14 11:00:00,"2022",2,14,11,0,0,"B","3","W","DVW","5","1",1.728,0.076,NA,NA
2022-02-14 12:00:00,"2022",2,14,12,0,0,"B","3","W","DVW","5","1",6.097,0.079,NA,NA
2022-02-14 13:00:00,"2022",2,14,13,0,0,"B","3","W","DVW","5","1",9.13,0.081,NA,NA
2022-02-14 14:00:00,"2022",2,14,14,0,0,"B","3","W","DVW","5","1",11.47,0.083,NA,NA
2022-02-13 11:00:00,"2022",2,13,11,0,0,"B","3","W","DVW","5","2",1.312,0.033,NA,NA
2022-02-13 12:00:00,"2022",2,13,12,0,0,"B","3","W","DVW","5","2",5.285,0.043,NA,NA
2022-02-13 13:00:00,"2022",2,13,13,0,0,"B","3","W","DVW","5","2",8.41,0.045,NA,NA
2022-02-13 14:00:00,"2022",2,13,14,0,0,"B","3","W","DVW","5","2",10.81,0.047,NA,NA
2022-02-14 11:00:00,"2022",2,14,11,0,0,"B","3","W","DVW","5","2",1.728,0.031,NA,NA
2022-02-14 12:00:00,"2022",2,14,12,0,0,"B","3","W","DVW","5","2",6.097,0.038,NA,NA
2022-02-14 13:00:00,"2022",2,14,13,0,0,"B","3","W","DVW","5","2",9.13,0.041,NA,NA
2022-02-14 14:00:00,"2022",2,14,14,0,0,"B","3","W","DVW","5","2",11.47,0.042,NA,NA
2022-02-13 11:00:00,"2022",2,13,11,0,0,"B","3","W","DVW","5","3",1.312,0.005,NA,NA
2022-02-13 12:00:00,"2022",2,13,12,0,0,"B","3","W","DVW","5","3",5.285,0.014,NA,NA
2022-02-13 13:00:00,"2022",2,13,13,0,0,"B","3","W","DVW","5","3",8.41,0.016,NA,NA
2022-02-13 14:00:00,"2022",2,13,14,0,0,"B","3","W","DVW","5","3",10.81,0.017,NA,NA
2022-02-14 11:00:00,"2022",2,14,11,0,0,"B","3","W","DVW","5","3",1.728,0.002,NA,NA
2022-02-14 12:00:00,"2022",2,14,12,0,0,"B","3","W","DVW","5","3",6.097,0.009,NA,NA
2022-02-14 13:00:00,"2022",2,14,13,0,0,"B","3","W","DVW","5","3",9.13,0.011,NA,NA
2022-02-14 14:00:00,"2022",2,14,14,0,0,"B","3","W","DVW","5","3",11.47,0.012,NA,NA
2022-02-13 10:00:00,"2022",2,13,10,0,0,"B","3","L","DVW","5","1",0.824,0.035,NA,NA
2022-02-13 11:00:00,"2022",2,13,11,0,0,"B","3","L","DVW","5","1",2.806,0.035,NA,NA
2022-02-13 12:00:00,"2022",2,13,12,0,0,"B","3","L","DVW","5","1",6.197,0.036,NA,NA
2022-02-13 13:00:00,"2022",2,13,13,0,0,"B","3","L","DVW","5","1",10.94,0.037,NA,NA
2022-02-13 14:00:00,"2022",2,13,14,0,0,"B","3","L","DVW","5","1",14.32,0.039,NA,NA
2022-02-14 10:00:00,"2022",2,14,10,0,0,"B","3","L","DVW","5","1",0.79,0.033,NA,NA
2022-02-14 11:00:00,"2022",2,14,11,0,0,"B","3","L","DVW","5","1",2.938,0.033,NA,NA
2022-02-14 12:00:00,"2022",2,14,12,0,0,"B","3","L","DVW","5","1",6.724,0.034,NA,NA
2022-02-14 13:00:00,"2022",2,14,13,0,0,"B","3","L","DVW","5","1",11.38,0.036,NA,NA
2022-02-14 14:00:00,"2022",2,14,14,0,0,"B","3","L","DVW","5","1",14.61,0.038,NA,NA
2022-02-13 10:00:00,"2022",2,13,10,0,0,"B","3","L","DVW","5","2",0.824,0.027,NA,NA
2022-02-13 11:00:00,"2022",2,13,11,0,0,"B","3","L","DVW","5","2",2.806,0.028,NA,NA
2022-02-13 12:00:00,"2022",2,13,12,0,0,"B","3","L","DVW","5","2",6.197,0.028,NA,NA
2022-02-13 13:00:00,"2022",2,13,13,0,0,"B","3","L","DVW","5","2",10.94,0.03,NA,NA
2022-02-13 14:00:00,"2022",2,13,14,0,0,"B","3","L","DVW","5","2",14.32,0.032,NA,NA
2022-02-14 10:00:00,"2022",2,14,10,0,0,"B","3","L","DVW","5","2",0.79,0.025,NA,NA
2022-02-14 11:00:00,"2022",2,14,11,0,0,"B","3","L","DVW","5","2",2.938,0.026,NA,NA
2022-02-14 12:00:00,"2022",2,14,12,0,0,"B","3","L","DVW","5","2",6.724,0.027,NA,NA
2022-02-14 13:00:00,"2022",2,14,13,0,0,"B","3","L","DVW","5","2",11.38,0.028,NA,NA
2022-02-14 14:00:00,"2022",2,14,14,0,0,"B","3","L","DVW","5","2",14.61,0.031,NA,NA
2022-02-13 10:00:00,"2022",2,13,10,0,0,"B","3","L","DVW","5","3",0.824,0.06,NA,NA
2022-02-13 11:00:00,"2022",2,13,11,0,0,"B","3","L","DVW","5","3",2.806,0.06,NA,NA
2022-02-13 12:00:00,"2022",2,13,12,0,0,"B","3","L","DVW","5","3",6.197,0.061,NA,NA
2022-02-13 13:00:00,"2022",2,13,13,0,0,"B","3","L","DVW","5","3",10.94,0.061,NA,NA
2022-02-13 14:00:00,"2022",2,13,14,0,0,"B","3","L","DVW","5","3",14.32,0.061,NA,NA
2022-02-14 10:00:00,"2022",2,14,10,0,0,"B","3","L","DVW","5","3",0.79,0.058,NA,NA
2022-02-14 11:00:00,"2022",2,14,11,0,0,"B","3","L","DVW","5","3",2.938,0.058,NA,NA
2022-02-14 12:00:00,"2022",2,14,12,0,0,"B","3","L","DVW","5","3",6.724,0.058,NA,NA
2022-02-14 13:00:00,"2022",2,14,13,0,0,"B","3","L","DVW","5","3",11.38,0.059,NA,NA
2022-02-14 14:00:00,"2022",2,14,14,0,0,"B","3","L","DVW","5","3",14.61,0.06,NA,NA
2022-02-13 10:00:00,"2022",2,13,10,0,0,"B","3","LW","DVW","5","1",0.349,0.046,NA,NA
2022-02-13 11:00:00,"2022",2,13,11,0,0,"B","3","LW","DVW","5","1",3.337,0.048,NA,NA
2022-02-13 12:00:00,"2022",2,13,12,0,0,"B","3","LW","DVW","5","1",6.968,0.05,NA,NA
2022-02-13 13:00:00,"2022",2,13,13,0,0,"B","3","LW","DVW","5","1",10.15,0.053,NA,NA
2022-02-13 14:00:00,"2022",2,13,14,0,0,"B","3","LW","DVW","5","1",12.52,0.054,NA,NA
2022-02-14 10:00:00,"2022",2,14,10,0,0,"B","3","LW","DVW","5","1",0.583,0.044,NA,NA
2022-02-14 11:00:00,"2022",2,14,11,0,0,"B","3","LW","DVW","5","1",3.628,0.046,NA,NA
2022-02-14 12:00:00,"2022",2,14,12,0,0,"B","3","LW","DVW","5","1",7.32,0.048,NA,NA
2022-02-14 13:00:00,"2022",2,14,13,0,0,"B","3","LW","DVW","5","1",10.59,0.05,NA,NA
2022-02-14 14:00:00,"2022",2,14,14,0,0,"B","3","LW","DVW","5","1",12.83,0.052,NA,NA
2022-02-13 10:00:00,"2022",2,13,10,0,0,"B","3","LW","DVW","5","3",0.349,0.068,NA,NA
2022-02-13 11:00:00,"2022",2,13,11,0,0,"B","3","LW","DVW","5","3",3.337,0.069,NA,NA
2022-02-13 12:00:00,"2022",2,13,12,0,0,"B","3","LW","DVW","5","3",6.968,0.071,NA,NA
2022-02-13 13:00:00,"2022",2,13,13,0,0,"B","3","LW","DVW","5","3",10.15,0.073,NA,NA
2022-02-13 14:00:00,"2022",2,13,14,0,0,"B","3","LW","DVW","5","3",12.52,0.074,NA,NA
2022-02-14 10:00:00,"2022",2,14,10,0,0,"B","3","LW","DVW","5","3",0.583,0.065,NA,NA
2022-02-14 11:00:00,"2022",2,14,11,0,0,"B","3","LW","DVW","5","3",3.628,0.066,NA,NA
2022-02-14 12:00:00,"2022",2,14,12,0,0,"B","3","LW","DVW","5","3",7.32,0.067,NA,NA
2022-02-14 13:00:00,"2022",2,14,13,0,0,"B","3","LW","DVW","5","3",10.59,0.069,NA,NA
2022-02-14 14:00:00,"2022",2,14,14,0,0,"B","3","LW","DVW","5","3",12.83,0.071,NA,NA
2022-02-13 11:00:00,"2022",2,13,11,0,0,"B","4","C","DVW","5","1",9.35,0,NA,NA
2022-02-13 12:00:00,"2022",2,13,12,0,0,"B","4","C","DVW","5","1",13.61,0.009,NA,NA
2022-02-13 13:00:00,"2022",2,13,13,0,0,"B","4","C","DVW","5","1",16.74,0.01,NA,NA
2022-02-13 14:00:00,"2022",2,13,14,0,0,"B","4","C","DVW","5","1",19.39,0.012,NA,NA
2022-02-14 10:00:00,"2022",2,14,10,0,0,"B","4","C","DVW","5","1",0.317,0,NA,NA
2022-02-14 11:00:00,"2022",2,14,11,0,0,"B","4","C","DVW","5","1",9.88,0,NA,NA
2022-02-14 12:00:00,"2022",2,14,12,0,0,"B","4","C","DVW","5","1",14.54,0.005,NA,NA
2022-02-14 13:00:00,"2022",2,14,13,0,0,"B","4","C","DVW","5","1",17.55,0.007,NA,NA
2022-02-14 14:00:00,"2022",2,14,14,0,0,"B","4","C","DVW","5","1",19.79,0.008,NA,NA
2022-02-13 11:00:00,"2022",2,13,11,0,0,"B","4","C","DVW","5","2",9.35,0.022,NA,NA
2022-02-13 12:00:00,"2022",2,13,12,0,0,"B","4","C","DVW","5","2",13.61,0.029,NA,NA
2022-02-13 13:00:00,"2022",2,13,13,0,0,"B","4","C","DVW","5","2",16.74,0.03,NA,NA
2022-02-13 14:00:00,"2022",2,13,14,0,0,"B","4","C","DVW","5","2",19.39,0.032,NA,NA
2022-02-14 10:00:00,"2022",2,14,10,0,0,"B","4","C","DVW","5","2",0.317,0.013,NA,NA
2022-02-14 11:00:00,"2022",2,14,11,0,0,"B","4","C","DVW","5","2",9.88,0.02,NA,NA
2022-02-14 12:00:00,"2022",2,14,12,0,0,"B","4","C","DVW","5","2",14.54,0.025,NA,NA
2022-02-14 13:00:00,"2022",2,14,13,0,0,"B","4","C","DVW","5","2",17.55,0.026,NA,NA
2022-02-14 14:00:00,"2022",2,14,14,0,0,"B","4","C","DVW","5","2",19.79,0.028,NA,NA
2022-02-13 11:00:00,"2022",2,13,11,0,0,"B","4","C","DVW","5","3",9.35,0.046,NA,NA
2022-02-13 12:00:00,"2022",2,13,12,0,0,"B","4","C","DVW","5","3",13.61,0.053,NA,NA
2022-02-13 13:00:00,"2022",2,13,13,0,0,"B","4","C","DVW","5","3",16.74,0.053,NA,NA
2022-02-13 14:00:00,"2022",2,13,14,0,0,"B","4","C","DVW","5","3",19.39,0.054,NA,NA
2022-02-14 10:00:00,"2022",2,14,10,0,0,"B","4","C","DVW","5","3",0.317,0.039,NA,NA
2022-02-14 11:00:00,"2022",2,14,11,0,0,"B","4","C","DVW","5","3",9.88,0.046,NA,NA
2022-02-14 12:00:00,"2022",2,14,12,0,0,"B","4","C","DVW","5","3",14.54,0.05,NA,NA
2022-02-14 13:00:00,"2022",2,14,13,0,0,"B","4","C","DVW","5","3",17.55,0.05,NA,NA
2022-02-14 14:00:00,"2022",2,14,14,0,0,"B","4","C","DVW","5","3",19.79,0.051,NA,NA
2022-02-13 11:00:00,"2022",2,13,11,0,0,"B","4","W","DVW","5","1",1.09,0.101,NA,NA
2022-02-13 12:00:00,"2022",2,13,12,0,0,"B","4","W","DVW","5","1",3.365,0.102,NA,NA
2022-02-13 13:00:00,"2022",2,13,13,0,0,"B","4","W","DVW","5","1",5.894,0.102,NA,NA
2022-02-13 14:00:00,"2022",2,13,14,0,0,"B","4","W","DVW","5","1",7.876,0.103,NA,NA
2022-02-14 11:00:00,"2022",2,14,11,0,0,"B","4","W","DVW","5","1",1.269,0.099,NA,NA
2022-02-14 12:00:00,"2022",2,14,12,0,0,"B","4","W","DVW","5","1",3.734,0.099,NA,NA
2022-02-14 13:00:00,"2022",2,14,13,0,0,"B","4","W","DVW","5","1",6.346,0.1,NA,NA
2022-02-14 14:00:00,"2022",2,14,14,0,0,"B","4","W","DVW","5","1",8.26,0.101,NA,NA
2022-02-13 11:00:00,"2022",2,13,11,0,0,"B","4","W","DVW","5","2",1.09,0.063,NA,NA
2022-02-13 12:00:00,"2022",2,13,12,0,0,"B","4","W","DVW","5","2",3.365,0.064,NA,NA
2022-02-13 13:00:00,"2022",2,13,13,0,0,"B","4","W","DVW","5","2",5.894,0.066,NA,NA
2022-02-13 14:00:00,"2022",2,13,14,0,0,"B","4","W","DVW","5","2",7.876,0.069,NA,NA
2022-02-14 11:00:00,"2022",2,14,11,0,0,"B","4","W","DVW","5","2",1.269,0.061,NA,NA
2022-02-14 12:00:00,"2022",2,14,12,0,0,"B","4","W","DVW","5","2",3.734,0.062,NA,NA
2022-02-14 13:00:00,"2022",2,14,13,0,0,"B","4","W","DVW","5","2",6.346,0.065,NA,NA
2022-02-14 14:00:00,"2022",2,14,14,0,0,"B","4","W","DVW","5","2",8.26,0.067,NA,NA
2022-02-13 11:00:00,"2022",2,13,11,0,0,"B","4","W","DVW","5","3",1.09,0.028,NA,NA
2022-02-13 12:00:00,"2022",2,13,12,0,0,"B","4","W","DVW","5","3",3.365,0.046,NA,NA
2022-02-13 13:00:00,"2022",2,13,13,0,0,"B","4","W","DVW","5","3",5.894,0.047,NA,NA
2022-02-13 14:00:00,"2022",2,13,14,0,0,"B","4","W","DVW","5","3",7.876,0.048,NA,NA
2022-02-14 11:00:00,"2022",2,14,11,0,0,"B","4","W","DVW","5","3",1.269,0.031,NA,NA
2022-02-14 12:00:00,"2022",2,14,12,0,0,"B","4","W","DVW","5","3",3.734,0.041,NA,NA
2022-02-14 13:00:00,"2022",2,14,13,0,0,"B","4","W","DVW","5","3",6.346,0.042,NA,NA
2022-02-14 14:00:00,"2022",2,14,14,0,0,"B","4","W","DVW","5","3",8.26,0.044,NA,NA
2022-02-13 10:00:00,"2022",2,13,10,0,0,"B","4","L","DVW","5","1",0.506,0.029,NA,NA
2022-02-13 11:00:00,"2022",2,13,11,0,0,"B","4","L","DVW","5","1",1.848,0.031,NA,NA
2022-02-13 12:00:00,"2022",2,13,12,0,0,"B","4","L","DVW","5","1",4.084,0.033,NA,NA
2022-02-13 13:00:00,"2022",2,13,13,0,0,"B","4","L","DVW","5","1",6.232,0.035,NA,NA
2022-02-13 14:00:00,"2022",2,13,14,0,0,"B","4","L","DVW","5","1",8.18,0.038,NA,NA
2022-02-14 10:00:00,"2022",2,14,10,0,0,"B","4","L","DVW","5","1",0.427,0.028,NA,NA
2022-02-14 11:00:00,"2022",2,14,11,0,0,"B","4","L","DVW","5","1",1.589,0.03,NA,NA
2022-02-14 12:00:00,"2022",2,14,12,0,0,"B","4","L","DVW","5","1",4.004,0.032,NA,NA
2022-02-14 13:00:00,"2022",2,14,13,0,0,"B","4","L","DVW","5","1",6.274,0.035,NA,NA
2022-02-14 14:00:00,"2022",2,14,14,0,0,"B","4","L","DVW","5","1",8.32,0.037,NA,NA
2022-02-13 10:00:00,"2022",2,13,10,0,0,"B","4","L","DVW","5","2",0.506,0.02,NA,NA
2022-02-13 11:00:00,"2022",2,13,11,0,0,"B","4","L","DVW","5","2",1.848,0.022,NA,NA
2022-02-13 12:00:00,"2022",2,13,12,0,0,"B","4","L","DVW","5","2",4.084,0.023,NA,NA
2022-02-13 13:00:00,"2022",2,13,13,0,0,"B","4","L","DVW","5","2",6.232,0.026,NA,NA
2022-02-13 14:00:00,"2022",2,13,14,0,0,"B","4","L","DVW","5","2",8.18,0.028,NA,NA
2022-02-14 10:00:00,"2022",2,14,10,0,0,"B","4","L","DVW","5","2",0.427,0.018,NA,NA
2022-02-14 11:00:00,"2022",2,14,11,0,0,"B","4","L","DVW","5","2",1.589,0.02,NA,NA
2022-02-14 12:00:00,"2022",2,14,12,0,0,"B","4","L","DVW","5","2",4.004,0.022,NA,NA
2022-02-14 13:00:00,"2022",2,14,13,0,0,"B","4","L","DVW","5","2",6.274,0.024,NA,NA
2022-02-14 14:00:00,"2022",2,14,14,0,0,"B","4","L","DVW","5","2",8.32,0.026,NA,NA
2022-02-13 10:00:00,"2022",2,13,10,0,0,"B","4","L","DVW","5","3",0.506,0,NA,NA
2022-02-13 11:00:00,"2022",2,13,11,0,0,"B","4","L","DVW","5","3",1.848,0,NA,NA
2022-02-13 12:00:00,"2022",2,13,12,0,0,"B","4","L","DVW","5","3",4.084,0,NA,NA
2022-02-13 13:00:00,"2022",2,13,13,0,0,"B","4","L","DVW","5","3",6.232,0,NA,NA
2022-02-13 14:00:00,"2022",2,13,14,0,0,"B","4","L","DVW","5","3",8.18,0,NA,NA
2022-02-14 10:00:00,"2022",2,14,10,0,0,"B","4","L","DVW","5","3",0.427,0,NA,NA
2022-02-14 11:00:00,"2022",2,14,11,0,0,"B","4","L","DVW","5","3",1.589,0,NA,NA
2022-02-14 12:00:00,"2022",2,14,12,0,0,"B","4","L","DVW","5","3",4.004,0,NA,NA
2022-02-14 13:00:00,"2022",2,14,13,0,0,"B","4","L","DVW","5","3",6.274,0,NA,NA
2022-02-14 14:00:00,"2022",2,14,14,0,0,"B","4","L","DVW","5","3",8.32,0,NA,NA
2022-02-13 10:00:00,"2022",2,13,10,0,0,"B","4","LW","DVW","5","1",0.652,0,NA,NA
2022-02-13 11:00:00,"2022",2,13,11,0,0,"B","4","LW","DVW","5","1",3.513,0,NA,NA
2022-02-13 12:00:00,"2022",2,13,12,0,0,"B","4","LW","DVW","5","1",8.03,0,NA,NA
2022-02-13 13:00:00,"2022",2,13,13,0,0,"B","4","LW","DVW","5","1",11.51,0,NA,NA
2022-02-13 14:00:00,"2022",2,13,14,0,0,"B","4","LW","DVW","5","1",13.85,0,NA,NA
2022-02-14 10:00:00,"2022",2,14,10,0,0,"B","4","LW","DVW","5","1",0.493,0,NA,NA
2022-02-14 11:00:00,"2022",2,14,11,0,0,"B","4","LW","DVW","5","1",3.304,0,NA,NA
2022-02-14 12:00:00,"2022",2,14,12,0,0,"B","4","LW","DVW","5","1",8.12,0,NA,NA
2022-02-14 13:00:00,"2022",2,14,13,0,0,"B","4","LW","DVW","5","1",11.76,0,NA,NA
2022-02-14 14:00:00,"2022",2,14,14,0,0,"B","4","LW","DVW","5","1",14.17,0,NA,NA
2022-02-13 10:00:00,"2022",2,13,10,0,0,"B","4","LW","DVW","5","2",0.652,0.018,NA,NA
2022-02-13 11:00:00,"2022",2,13,11,0,0,"B","4","LW","DVW","5","2",3.513,0.019,NA,NA
2022-02-13 12:00:00,"2022",2,13,12,0,0,"B","4","LW","DVW","5","2",8.03,0.022,NA,NA
2022-02-13 13:00:00,"2022",2,13,13,0,0,"B","4","LW","DVW","5","2",11.51,0.024,NA,NA
2022-02-13 14:00:00,"2022",2,13,14,0,0,"B","4","LW","DVW","5","2",13.85,0.026,NA,NA
2022-02-14 10:00:00,"2022",2,14,10,0,0,"B","4","LW","DVW","5","2",0.493,0.015,NA,NA
2022-02-14 11:00:00,"2022",2,14,11,0,0,"B","4","LW","DVW","5","2",3.304,0.016,NA,NA
2022-02-14 12:00:00,"2022",2,14,12,0,0,"B","4","LW","DVW","5","2",8.12,0.019,NA,NA
2022-02-14 13:00:00,"2022",2,14,13,0,0,"B","4","LW","DVW","5","2",11.76,0.021,NA,NA
2022-02-14 14:00:00,"2022",2,14,14,0,0,"B","4","LW","DVW","5","2",14.17,0.023,NA,NA
2022-02-13 10:00:00,"2022",2,13,10,0,0,"B","4","LW","DVW","5","3",0.652,0.052,NA,NA
2022-02-13 11:00:00,"2022",2,13,11,0,0,"B","4","LW","DVW","5","3",3.513,0.054,NA,NA
2022-02-13 12:00:00,"2022",2,13,12,0,0,"B","4","LW","DVW","5","3",8.03,0.057,NA,NA
2022-02-13 13:00:00,"2022",2,13,13,0,0,"B","4","LW","DVW","5","3",11.51,0.06,NA,NA
2022-02-13 14:00:00,"2022",2,13,14,0,0,"B","4","LW","DVW","5","3",13.85,0.062,NA,NA
2022-02-14 10:00:00,"2022",2,14,10,0,0,"B","4","LW","DVW","5","3",0.493,0.051,NA,NA
2022-02-14 11:00:00,"2022",2,14,11,0,0,"B","4","LW","DVW","5","3",3.304,0.053,NA,NA
2022-02-14 12:00:00,"2022",2,14,12,0,0,"B","4","LW","DVW","5","3",8.12,0.056,NA,NA
2022-02-14 13:00:00,"2022",2,14,13,0,0,"B","4","LW","DVW","5","3",11.76,0.059,NA,NA
2022-02-14 14:00:00,"2022",2,14,14,0,0,"B","4","LW","DVW","5","3",14.17,0.061,NA,NA
2022-02-13 11:00:00,"2022",2,13,11,0,0,"B","5","C","DVW","5","2",8.89,0,NA,NA
2022-02-13 12:00:00,"2022",2,13,12,0,0,"B","5","C","DVW","5","2",14.61,0.008,NA,NA
2022-02-13 13:00:00,"2022",2,13,13,0,0,"B","5","C","DVW","5","2",18.66,0.017,NA,NA
2022-02-13 14:00:00,"2022",2,13,14,0,0,"B","5","C","DVW","5","2",21.2,0.02,NA,NA
2022-02-14 11:00:00,"2022",2,14,11,0,0,"B","5","C","DVW","5","2",9.45,0,NA,NA
2022-02-14 12:00:00,"2022",2,14,12,0,0,"B","5","C","DVW","5","2",15.58,0.007,NA,NA
2022-02-14 13:00:00,"2022",2,14,13,0,0,"B","5","C","DVW","5","2",19.65,0.014,NA,NA
2022-02-14 14:00:00,"2022",2,14,14,0,0,"B","5","C","DVW","5","2",21.77,0.017,NA,NA
2022-02-13 11:00:00,"2022",2,13,11,0,0,"B","5","C","DVW","5","3",8.89,0.066,NA,NA
2022-02-13 12:00:00,"2022",2,13,12,0,0,"B","5","C","DVW","5","3",14.61,0.068,NA,NA
2022-02-13 13:00:00,"2022",2,13,13,0,0,"B","5","C","DVW","5","3",18.66,0.069,NA,NA
2022-02-13 14:00:00,"2022",2,13,14,0,0,"B","5","C","DVW","5","3",21.2,0.07,NA,NA
2022-02-14 11:00:00,"2022",2,14,11,0,0,"B","5","C","DVW","5","3",9.45,0.066,NA,NA
2022-02-14 12:00:00,"2022",2,14,12,0,0,"B","5","C","DVW","5","3",15.58,0.067,NA,NA
2022-02-14 13:00:00,"2022",2,14,13,0,0,"B","5","C","DVW","5","3",19.65,0.069,NA,NA
2022-02-14 14:00:00,"2022",2,14,14,0,0,"B","5","C","DVW","5","3",21.77,0.07,NA,NA
2022-02-13 10:00:00,"2022",2,13,10,0,0,"B","5","W","DVW","5","1",0.163,0.028,NA,NA
2022-02-13 11:00:00,"2022",2,13,11,0,0,"B","5","W","DVW","5","1",0.634,0.03,NA,NA
2022-02-13 12:00:00,"2022",2,13,12,0,0,"B","5","W","DVW","5","1",1.682,0.042,NA,NA
2022-02-13 13:00:00,"2022",2,13,13,0,0,"B","5","W","DVW","5","1",3.42,0.045,NA,NA
2022-02-13 14:00:00,"2022",2,13,14,0,0,"B","5","W","DVW","5","1",5.325,0.047,NA,NA
2022-02-14 10:00:00,"2022",2,14,10,0,0,"B","5","W","DVW","5","1",0.234,0.031,NA,NA
2022-02-14 11:00:00,"2022",2,14,11,0,0,"B","5","W","DVW","5","1",0.788,0.033,NA,NA
2022-02-14 12:00:00,"2022",2,14,12,0,0,"B","5","W","DVW","5","1",2.006,0.04,NA,NA
2022-02-14 13:00:00,"2022",2,14,13,0,0,"B","5","W","DVW","5","1",3.777,0.042,NA,NA
2022-02-14 14:00:00,"2022",2,14,14,0,0,"B","5","W","DVW","5","1",5.757,0.045,NA,NA
2022-02-13 10:00:00,"2022",2,13,10,0,0,"B","5","W","DVW","5","2",0.163,0.062,NA,NA
2022-02-13 11:00:00,"2022",2,13,11,0,0,"B","5","W","DVW","5","2",0.634,0.063,NA,NA
2022-02-13 12:00:00,"2022",2,13,12,0,0,"B","5","W","DVW","5","2",1.682,0.064,NA,NA
2022-02-13 13:00:00,"2022",2,13,13,0,0,"B","5","W","DVW","5","2",3.42,0.065,NA,NA
2022-02-13 14:00:00,"2022",2,13,14,0,0,"B","5","W","DVW","5","2",5.325,0.067,NA,NA
2022-02-14 10:00:00,"2022",2,14,10,0,0,"B","5","W","DVW","5","2",0.234,0.06,NA,NA
2022-02-14 11:00:00,"2022",2,14,11,0,0,"B","5","W","DVW","5","2",0.788,0.061,NA,NA
2022-02-14 12:00:00,"2022",2,14,12,0,0,"B","5","W","DVW","5","2",2.006,0.062,NA,NA
2022-02-14 13:00:00,"2022",2,14,13,0,0,"B","5","W","DVW","5","2",3.777,0.063,NA,NA
2022-02-14 14:00:00,"2022",2,14,14,0,0,"B","5","W","DVW","5","2",5.757,0.065,NA,NA
2022-02-13 10:00:00,"2022",2,13,10,0,0,"B","5","W","DVW","5","3",0.163,0.076,NA,NA
2022-02-13 11:00:00,"2022",2,13,11,0,0,"B","5","W","DVW","5","3",0.634,0.078,NA,NA
2022-02-13 12:00:00,"2022",2,13,12,0,0,"B","5","W","DVW","5","3",1.682,0.079,NA,NA
2022-02-13 13:00:00,"2022",2,13,13,0,0,"B","5","W","DVW","5","3",3.42,0.08,NA,NA
2022-02-13 14:00:00,"2022",2,13,14,0,0,"B","5","W","DVW","5","3",5.325,0.081,NA,NA
2022-02-14 10:00:00,"2022",2,14,10,0,0,"B","5","W","DVW","5","3",0.234,0.073,NA,NA
2022-02-14 11:00:00,"2022",2,14,11,0,0,"B","5","W","DVW","5","3",0.788,0.075,NA,NA
2022-02-14 12:00:00,"2022",2,14,12,0,0,"B","5","W","DVW","5","3",2.006,0.076,NA,NA
2022-02-14 13:00:00,"2022",2,14,13,0,0,"B","5","W","DVW","5","3",3.777,0.077,NA,NA
2022-02-14 14:00:00,"2022",2,14,14,0,0,"B","5","W","DVW","5","3",5.757,0.078,NA,NA
2022-02-13 10:00:00,"2022",2,13,10,0,0,"B","5","L","DVW","5","1",1.448,0.018,NA,NA
2022-02-13 11:00:00,"2022",2,13,11,0,0,"B","5","L","DVW","5","1",7.601,0.021,NA,NA
2022-02-13 12:00:00,"2022",2,13,12,0,0,"B","5","L","DVW","5","1",13.24,0.023,NA,NA
2022-02-13 13:00:00,"2022",2,13,13,0,0,"B","5","L","DVW","5","1",17.1,0.024,NA,NA
2022-02-13 14:00:00,"2022",2,13,14,0,0,"B","5","L","DVW","5","1",19.57,0.025,NA,NA
2022-02-14 10:00:00,"2022",2,14,10,0,0,"B","5","L","DVW","5","1",1.414,0.017,NA,NA
2022-02-14 11:00:00,"2022",2,14,11,0,0,"B","5","L","DVW","5","1",7.832,0.02,NA,NA
2022-02-14 12:00:00,"2022",2,14,12,0,0,"B","5","L","DVW","5","1",13.81,0.022,NA,NA
2022-02-14 13:00:00,"2022",2,14,13,0,0,"B","5","L","DVW","5","1",17.78,0.023,NA,NA
2022-02-14 14:00:00,"2022",2,14,14,0,0,"B","5","L","DVW","5","1",20.03,0.024,NA,NA
2022-02-13 10:00:00,"2022",2,13,10,0,0,"B","5","L","DVW","5","2",1.448,0.05,NA,NA
2022-02-13 11:00:00,"2022",2,13,11,0,0,"B","5","L","DVW","5","2",7.601,0.052,NA,NA
2022-02-13 12:00:00,"2022",2,13,12,0,0,"B","5","L","DVW","5","2",13.24,0.053,NA,NA
2022-02-13 13:00:00,"2022",2,13,13,0,0,"B","5","L","DVW","5","2",17.1,0.055,NA,NA
2022-02-13 14:00:00,"2022",2,13,14,0,0,"B","5","L","DVW","5","2",19.57,0.056,NA,NA
2022-02-14 10:00:00,"2022",2,14,10,0,0,"B","5","L","DVW","5","2",1.414,0.049,NA,NA
2022-02-14 11:00:00,"2022",2,14,11,0,0,"B","5","L","DVW","5","2",7.832,0.051,NA,NA
2022-02-14 12:00:00,"2022",2,14,12,0,0,"B","5","L","DVW","5","2",13.81,0.053,NA,NA
2022-02-14 13:00:00,"2022",2,14,13,0,0,"B","5","L","DVW","5","2",17.78,0.055,NA,NA
2022-02-14 14:00:00,"2022",2,14,14,0,0,"B","5","L","DVW","5","2",20.03,0.056,NA,NA
2022-02-13 10:00:00,"2022",2,13,10,0,0,"B","5","L","DVW","5","3",1.448,0.051,NA,NA
2022-02-13 11:00:00,"2022",2,13,11,0,0,"B","5","L","DVW","5","3",7.601,0.053,NA,NA
2022-02-13 12:00:00,"2022",2,13,12,0,0,"B","5","L","DVW","5","3",13.24,0.053,NA,NA
2022-02-13 13:00:00,"2022",2,13,13,0,0,"B","5","L","DVW","5","3",17.1,0.055,NA,NA
2022-02-13 14:00:00,"2022",2,13,14,0,0,"B","5","L","DVW","5","3",19.57,0.057,NA,NA
2022-02-14 10:00:00,"2022",2,14,10,0,0,"B","5","L","DVW","5","3",1.414,0.047,NA,NA
2022-02-14 11:00:00,"2022",2,14,11,0,0,"B","5","L","DVW","5","3",7.832,0.049,NA,NA
2022-02-14 12:00:00,"2022",2,14,12,0,0,"B","5","L","DVW","5","3",13.81,0.05,NA,NA
2022-02-14 13:00:00,"2022",2,14,13,0,0,"B","5","L","DVW","5","3",17.78,0.052,NA,NA
2022-02-14 14:00:00,"2022",2,14,14,0,0,"B","5","L","DVW","5","3",20.03,0.054,NA,NA
2022-02-13 10:00:00,"2022",2,13,10,0,0,"B","5","LW","DVW","5","1",0.974,0.041,NA,NA
2022-02-13 11:00:00,"2022",2,13,11,0,0,"B","5","LW","DVW","5","1",3.636,0.043,NA,NA
2022-02-13 12:00:00,"2022",2,13,12,0,0,"B","5","LW","DVW","5","1",6.516,0.046,NA,NA
2022-02-13 13:00:00,"2022",2,13,13,0,0,"B","5","LW","DVW","5","1",9.39,0.048,NA,NA
2022-02-13 14:00:00,"2022",2,13,14,0,0,"B","5","LW","DVW","5","1",11.23,0.05,NA,NA
2022-02-14 10:00:00,"2022",2,14,10,0,0,"B","5","LW","DVW","5","1",0.863,0.04,NA,NA
2022-02-14 11:00:00,"2022",2,14,11,0,0,"B","5","LW","DVW","5","1",3.726,0.042,NA,NA
2022-02-14 12:00:00,"2022",2,14,12,0,0,"B","5","LW","DVW","5","1",6.851,0.045,NA,NA
2022-02-14 13:00:00,"2022",2,14,13,0,0,"B","5","LW","DVW","5","1",9.59,0.048,NA,NA
2022-02-14 14:00:00,"2022",2,14,14,0,0,"B","5","LW","DVW","5","1",11.51,0.05,NA,NA
2022-02-13 10:00:00,"2022",2,13,10,0,0,"B","5","LW","DVW","5","2",0.974,0.038,NA,NA
2022-02-13 11:00:00,"2022",2,13,11,0,0,"B","5","LW","DVW","5","2",3.636,0.039,NA,NA
2022-02-13 12:00:00,"2022",2,13,12,0,0,"B","5","LW","DVW","5","2",6.516,0.04,NA,NA
2022-02-13 13:00:00,"2022",2,13,13,0,0,"B","5","LW","DVW","5","2",9.39,0.042,NA,NA
2022-02-13 14:00:00,"2022",2,13,14,0,0,"B","5","LW","DVW","5","2",11.23,0.044,NA,NA
2022-02-14 10:00:00,"2022",2,14,10,0,0,"B","5","LW","DVW","5","2",0.863,0.036,NA,NA
2022-02-14 11:00:00,"2022",2,14,11,0,0,"B","5","LW","DVW","5","2",3.726,0.037,NA,NA
2022-02-14 12:00:00,"2022",2,14,12,0,0,"B","5","LW","DVW","5","2",6.851,0.038,NA,NA
2022-02-14 13:00:00,"2022",2,14,13,0,0,"B","5","LW","DVW","5","2",9.59,0.04,NA,NA
2022-02-14 14:00:00,"2022",2,14,14,0,0,"B","5","LW","DVW","5","2",11.51,0.042,NA,NA
2022-02-13 10:00:00,"2022",2,13,10,0,0,"B","5","LW","DVW","5","3",0.974,0.086,NA,NA
2022-02-13 11:00:00,"2022",2,13,11,0,0,"B","5","LW","DVW","5","3",3.636,0.087,NA,NA
2022-02-13 12:00:00,"2022",2,13,12,0,0,"B","5","LW","DVW","5","3",6.516,0.089,NA,NA
2022-02-13 13:00:00,"2022",2,13,13,0,0,"B","5","LW","DVW","5","3",9.39,0.091,NA,NA
2022-02-13 14:00:00,"2022",2,13,14,0,0,"B","5","LW","DVW","5","3",11.23,0.094,NA,NA
2022-02-14 10:00:00,"2022",2,14,10,0,0,"B","5","LW","DVW","5","3",0.863,0.084,NA,NA
2022-02-14 11:00:00,"2022",2,14,11,0,0,"B","5","LW","DVW","5","3",3.726,0.086,NA,NA
2022-02-14 12:00:00,"2022",2,14,12,0,0,"B","5","LW","DVW","5","3",6.851,0.087,NA,NA
2022-02-14 13:00:00,"2022",2,14,13,0,0,"B","5","LW","DVW","5","3",9.59,0.089,NA,NA
2022-02-14 14:00:00,"2022",2,14,14,0,0,"B","5","LW","DVW","5","3",11.51,0.092,NA,NA
2022-02-13 11:00:00,"2022",2,13,11,0,0,"B","3","C","CVW","2","1",3.433,0.018,NA,NA
2022-02-13 12:00:00,"2022",2,13,12,0,0,"B","3","C","CVW","2","1",7.738,0.022,NA,NA
2022-02-13 13:00:00,"2022",2,13,13,0,0,"B","3","C","CVW","2","1",11.22,0.022,NA,NA
2022-02-13 14:00:00,"2022",2,13,14,0,0,"B","3","C","CVW","2","1",12.71,0.022,NA,NA
2022-02-14 11:00:00,"2022",2,14,11,0,0,"B","3","C","CVW","2","1",3.764,0.018,NA,NA
2022-02-14 12:00:00,"2022",2,14,12,0,0,"B","3","C","CVW","2","1",8.57,0.021,NA,NA
2022-02-14 13:00:00,"2022",2,14,13,0,0,"B","3","C","CVW","2","1",11.85,0.022,NA,NA
2022-02-14 14:00:00,"2022",2,14,14,0,0,"B","3","C","CVW","2","1",13.74,0.021,NA,NA
2022-02-13 11:00:00,"2022",2,13,11,0,0,"B","3","C","CVW","2","2",3.433,0.054,NA,NA
2022-02-13 12:00:00,"2022",2,13,12,0,0,"B","3","C","CVW","2","2",7.738,0.058,NA,NA
2022-02-13 13:00:00,"2022",2,13,13,0,0,"B","3","C","CVW","2","2",11.22,0.062,NA,NA
2022-02-13 14:00:00,"2022",2,13,14,0,0,"B","3","C","CVW","2","2",12.71,0.063,NA,NA
2022-02-14 11:00:00,"2022",2,14,11,0,0,"B","3","C","CVW","2","2",3.764,0.055,NA,NA
2022-02-14 12:00:00,"2022",2,14,12,0,0,"B","3","C","CVW","2","2",8.57,0.059,NA,NA
2022-02-14 13:00:00,"2022",2,14,13,0,0,"B","3","C","CVW","2","2",11.85,0.062,NA,NA
2022-02-14 14:00:00,"2022",2,14,14,0,0,"B","3","C","CVW","2","2",13.74,0.062,NA,NA
2022-02-13 11:00:00,"2022",2,13,11,0,0,"B","3","C","CVW","2","3",3.433,0.031,NA,NA
2022-02-13 12:00:00,"2022",2,13,12,0,0,"B","3","C","CVW","2","3",7.738,0.035,NA,NA
2022-02-13 13:00:00,"2022",2,13,13,0,0,"B","3","C","CVW","2","3",11.22,0.044,NA,NA
2022-02-13 14:00:00,"2022",2,13,14,0,0,"B","3","C","CVW","2","3",12.71,0.047,NA,NA
2022-02-14 11:00:00,"2022",2,14,11,0,0,"B","3","C","CVW","2","3",3.764,0.031,NA,NA
2022-02-14 12:00:00,"2022",2,14,12,0,0,"B","3","C","CVW","2","3",8.57,0.036,NA,NA
2022-02-14 13:00:00,"2022",2,14,13,0,0,"B","3","C","CVW","2","3",11.85,0.045,NA,NA
2022-02-14 14:00:00,"2022",2,14,14,0,0,"B","3","C","CVW","2","3",13.74,0.047,NA,NA
2022-02-13 11:00:00,"2022",2,13,11,0,0,"B","3","W","CVW","2","1",5,0.038,NA,NA
2022-02-13 12:00:00,"2022",2,13,12,0,0,"B","3","W","CVW","2","1",8.97,0.039,NA,NA
2022-02-13 13:00:00,"2022",2,13,13,0,0,"B","3","W","CVW","2","1",13.55,0.039,NA,NA
2022-02-13 14:00:00,"2022",2,13,14,0,0,"B","3","W","CVW","2","1",16.26,0.039,NA,NA
2022-02-14 11:00:00,"2022",2,14,11,0,0,"B","3","W","CVW","2","1",5.596,0.037,NA,NA
2022-02-14 12:00:00,"2022",2,14,12,0,0,"B","3","W","CVW","2","1",10.12,0.038,NA,NA
2022-02-14 13:00:00,"2022",2,14,13,0,0,"B","3","W","CVW","2","1",14.28,0.038,NA,NA
2022-02-14 14:00:00,"2022",2,14,14,0,0,"B","3","W","CVW","2","1",17.04,0.039,NA,NA
2022-02-13 11:00:00,"2022",2,13,11,0,0,"B","3","W","CVW","2","2",5,0.018,NA,NA
2022-02-13 12:00:00,"2022",2,13,12,0,0,"B","3","W","CVW","2","2",8.97,0.019,NA,NA
2022-02-13 13:00:00,"2022",2,13,13,0,0,"B","3","W","CVW","2","2",13.55,0.019,NA,NA
2022-02-13 14:00:00,"2022",2,13,14,0,0,"B","3","W","CVW","2","2",16.26,0.019,NA,NA
2022-02-14 11:00:00,"2022",2,14,11,0,0,"B","3","W","CVW","2","2",5.596,0.018,NA,NA
2022-02-14 12:00:00,"2022",2,14,12,0,0,"B","3","W","CVW","2","2",10.12,0.019,NA,NA
2022-02-14 13:00:00,"2022",2,14,13,0,0,"B","3","W","CVW","2","2",14.28,0.019,NA,NA
2022-02-14 14:00:00,"2022",2,14,14,0,0,"B","3","W","CVW","2","2",17.04,0.018,NA,NA
2022-02-13 11:00:00,"2022",2,13,11,0,0,"B","3","W","CVW","2","3",5,0.025,NA,NA
2022-02-13 12:00:00,"2022",2,13,12,0,0,"B","3","W","CVW","2","3",8.97,0.027,NA,NA
2022-02-13 13:00:00,"2022",2,13,13,0,0,"B","3","W","CVW","2","3",13.55,0.027,NA,NA
2022-02-13 14:00:00,"2022",2,13,14,0,0,"B","3","W","CVW","2","3",16.26,0.027,NA,NA
2022-02-14 11:00:00,"2022",2,14,11,0,0,"B","3","W","CVW","2","3",5.596,0.025,NA,NA
2022-02-14 12:00:00,"2022",2,14,12,0,0,"B","3","W","CVW","2","3",10.12,0.026,NA,NA
2022-02-14 13:00:00,"2022",2,14,13,0,0,"B","3","W","CVW","2","3",14.28,0.026,NA,NA
2022-02-14 14:00:00,"2022",2,14,14,0,0,"B","3","W","CVW","2","3",17.04,0.026,NA,NA
2022-02-13 11:00:00,"2022",2,13,11,0,0,"B","3","L","CVW","2","1",3.411,0.04,NA,NA
2022-02-13 12:00:00,"2022",2,13,12,0,0,"B","3","L","CVW","2","1",12.81,0.041,NA,NA
2022-02-13 13:00:00,"2022",2,13,13,0,0,"B","3","L","CVW","2","1",21.58,0.043,NA,NA
2022-02-13 14:00:00,"2022",2,13,14,0,0,"B","3","L","CVW","2","1",25.82,0.044,NA,NA
2022-02-14 11:00:00,"2022",2,14,11,0,0,"B","3","L","CVW","2","1",3.852,0.04,NA,NA
2022-02-14 12:00:00,"2022",2,14,12,0,0,"B","3","L","CVW","2","1",13.89,0.041,NA,NA
2022-02-14 13:00:00,"2022",2,14,13,0,0,"B","3","L","CVW","2","1",22.16,0.043,NA,NA
2022-02-14 14:00:00,"2022",2,14,14,0,0,"B","3","L","CVW","2","1",25.74,0.043,NA,NA
2022-02-13 11:00:00,"2022",2,13,11,0,0,"B","3","L","CVW","2","2",3.411,0.013,NA,NA
2022-02-13 12:00:00,"2022",2,13,12,0,0,"B","3","L","CVW","2","2",12.81,0.014,NA,NA
2022-02-13 13:00:00,"2022",2,13,13,0,0,"B","3","L","CVW","2","2",21.58,0.015,NA,NA
2022-02-13 14:00:00,"2022",2,13,14,0,0,"B","3","L","CVW","2","2",25.82,0.016,NA,NA
2022-02-14 11:00:00,"2022",2,14,11,0,0,"B","3","L","CVW","2","2",3.852,0.013,NA,NA
2022-02-14 12:00:00,"2022",2,14,12,0,0,"B","3","L","CVW","2","2",13.89,0.014,NA,NA
2022-02-14 13:00:00,"2022",2,14,13,0,0,"B","3","L","CVW","2","2",22.16,0.015,NA,NA
2022-02-14 14:00:00,"2022",2,14,14,0,0,"B","3","L","CVW","2","2",25.74,0.015,NA,NA
2022-02-13 11:00:00,"2022",2,13,11,0,0,"B","3","L","CVW","2","3",3.411,0.023,NA,NA
2022-02-13 12:00:00,"2022",2,13,12,0,0,"B","3","L","CVW","2","3",12.81,0.023,NA,NA
2022-02-13 13:00:00,"2022",2,13,13,0,0,"B","3","L","CVW","2","3",21.58,0.024,NA,NA
2022-02-13 14:00:00,"2022",2,13,14,0,0,"B","3","L","CVW","2","3",25.82,0.024,NA,NA
2022-02-14 11:00:00,"2022",2,14,11,0,0,"B","3","L","CVW","2","3",3.852,0.022,NA,NA
2022-02-14 12:00:00,"2022",2,14,12,0,0,"B","3","L","CVW","2","3",13.89,0.023,NA,NA
2022-02-14 13:00:00,"2022",2,14,13,0,0,"B","3","L","CVW","2","3",22.16,0.024,NA,NA
2022-02-14 14:00:00,"2022",2,14,14,0,0,"B","3","L","CVW","2","3",25.74,0.024,NA,NA
2022-02-13 10:00:00,"2022",2,13,10,0,0,"B","3","LW","CVW","2","1",0.142,0.026,NA,NA
2022-02-13 11:00:00,"2022",2,13,11,0,0,"B","3","LW","CVW","2","1",7.221,0.028,NA,NA
2022-02-13 12:00:00,"2022",2,13,12,0,0,"B","3","LW","CVW","2","1",13.6,0.029,NA,NA
2022-02-13 13:00:00,"2022",2,13,13,0,0,"B","3","LW","CVW","2","1",18.67,0.03,NA,NA
2022-02-13 14:00:00,"2022",2,13,14,0,0,"B","3","LW","CVW","2","1",21.52,0.03,NA,NA
2022-02-14 10:00:00,"2022",2,14,10,0,0,"B","3","LW","CVW","2","1",0.343,0.026,NA,NA
2022-02-14 11:00:00,"2022",2,14,11,0,0,"B","3","LW","CVW","2","1",7.533,0.028,NA,NA
2022-02-14 12:00:00,"2022",2,14,12,0,0,"B","3","LW","CVW","2","1",13.77,0.029,NA,NA
2022-02-14 13:00:00,"2022",2,14,13,0,0,"B","3","LW","CVW","2","1",18.88,0.03,NA,NA
2022-02-14 14:00:00,"2022",2,14,14,0,0,"B","3","LW","CVW","2","1",21.38,0.03,NA,NA
2022-02-13 10:00:00,"2022",2,13,10,0,0,"B","3","LW","CVW","2","2",0.142,0.054,NA,NA
2022-02-13 11:00:00,"2022",2,13,11,0,0,"B","3","LW","CVW","2","2",7.221,0.055,NA,NA
2022-02-13 12:00:00,"2022",2,13,12,0,0,"B","3","LW","CVW","2","2",13.6,0.057,NA,NA
2022-02-13 13:00:00,"2022",2,13,13,0,0,"B","3","LW","CVW","2","2",18.67,0.058,NA,NA
2022-02-13 14:00:00,"2022",2,13,14,0,0,"B","3","LW","CVW","2","2",21.52,0.059,NA,NA
2022-02-14 10:00:00,"2022",2,14,10,0,0,"B","3","LW","CVW","2","2",0.343,0.054,NA,NA
2022-02-14 11:00:00,"2022",2,14,11,0,0,"B","3","LW","CVW","2","2",7.533,0.055,NA,NA
2022-02-14 12:00:00,"2022",2,14,12,0,0,"B","3","LW","CVW","2","2",13.77,0.056,NA,NA
2022-02-14 13:00:00,"2022",2,14,13,0,0,"B","3","LW","CVW","2","2",18.88,0.057,NA,NA
2022-02-14 14:00:00,"2022",2,14,14,0,0,"B","3","LW","CVW","2","2",21.38,0.058,NA,NA
2022-02-13 10:00:00,"2022",2,13,10,0,0,"B","3","LW","CVW","2","3",0.142,0.016,NA,NA
2022-02-13 11:00:00,"2022",2,13,11,0,0,"B","3","LW","CVW","2","3",7.221,0.018,NA,NA
2022-02-13 12:00:00,"2022",2,13,12,0,0,"B","3","LW","CVW","2","3",13.6,0.019,NA,NA
2022-02-13 13:00:00,"2022",2,13,13,0,0,"B","3","LW","CVW","2","3",18.67,0.02,NA,NA
2022-02-13 14:00:00,"2022",2,13,14,0,0,"B","3","LW","CVW","2","3",21.52,0.019,NA,NA
2022-02-14 10:00:00,"2022",2,14,10,0,0,"B","3","LW","CVW","2","3",0.343,0.016,NA,NA
2022-02-14 11:00:00,"2022",2,14,11,0,0,"B","3","LW","CVW","2","3",7.533,0.018,NA,NA
2022-02-14 12:00:00,"2022",2,14,12,0,0,"B","3","LW","CVW","2","3",13.77,0.019,NA,NA
2022-02-14 13:00:00,"2022",2,14,13,0,0,"B","3","LW","CVW","2","3",18.88,0.019,NA,NA
2022-02-14 14:00:00,"2022",2,14,14,0,0,"B","3","LW","CVW","2","3",21.38,0.019,NA,NA
2022-02-13 11:00:00,"2022",2,13,11,0,0,"B","4","C","CVW","2","1",7.829,0.016,NA,NA
2022-02-13 12:00:00,"2022",2,13,12,0,0,"B","4","C","CVW","2","1",16.45,0.017,NA,NA
2022-02-13 13:00:00,"2022",2,13,13,0,0,"B","4","C","CVW","2","1",22.08,0.018,NA,NA
2022-02-13 14:00:00,"2022",2,13,14,0,0,"B","4","C","CVW","2","1",25.74,0.018,NA,NA
2022-02-14 11:00:00,"2022",2,14,11,0,0,"B","4","C","CVW","2","1",8.29,0.016,NA,NA
2022-02-14 12:00:00,"2022",2,14,12,0,0,"B","4","C","CVW","2","1",17.09,0.017,NA,NA
2022-02-14 13:00:00,"2022",2,14,13,0,0,"B","4","C","CVW","2","1",23.63,0.017,NA,NA
2022-02-14 14:00:00,"2022",2,14,14,0,0,"B","4","C","CVW","2","1",26.16,0.017,NA,NA
2022-02-13 11:00:00,"2022",2,13,11,0,0,"B","4","C","CVW","2","2",7.829,0.035,NA,NA
2022-02-13 12:00:00,"2022",2,13,12,0,0,"B","4","C","CVW","2","2",16.45,0.036,NA,NA
2022-02-13 13:00:00,"2022",2,13,13,0,0,"B","4","C","CVW","2","2",22.08,0.036,NA,NA
2022-02-13 14:00:00,"2022",2,13,14,0,0,"B","4","C","CVW","2","2",25.74,0.036,NA,NA
2022-02-14 11:00:00,"2022",2,14,11,0,0,"B","4","C","CVW","2","2",8.29,0.034,NA,NA
2022-02-14 12:00:00,"2022",2,14,12,0,0,"B","4","C","CVW","2","2",17.09,0.035,NA,NA
2022-02-14 13:00:00,"2022",2,14,13,0,0,"B","4","C","CVW","2","2",23.63,0.035,NA,NA
2022-02-14 14:00:00,"2022",2,14,14,0,0,"B","4","C","CVW","2","2",26.16,0.036,NA,NA
2022-02-13 11:00:00,"2022",2,13,11,0,0,"B","4","C","CVW","2","3",7.829,0.035,NA,NA
2022-02-13 12:00:00,"2022",2,13,12,0,0,"B","4","C","CVW","2","3",16.45,0.038,NA,NA
2022-02-13 13:00:00,"2022",2,13,13,0,0,"B","4","C","CVW","2","3",22.08,0.039,NA,NA
2022-02-13 14:00:00,"2022",2,13,14,0,0,"B","4","C","CVW","2","3",25.74,0.039,NA,NA
2022-02-14 11:00:00,"2022",2,14,11,0,0,"B","4","C","CVW","2","3",8.29,0.035,NA,NA
2022-02-14 12:00:00,"2022",2,14,12,0,0,"B","4","C","CVW","2","3",17.09,0.037,NA,NA
2022-02-14 13:00:00,"2022",2,14,13,0,0,"B","4","C","CVW","2","3",23.63,0.038,NA,NA
2022-02-14 14:00:00,"2022",2,14,14,0,0,"B","4","C","CVW","2","3",26.16,0.038,NA,NA
2022-02-13 11:00:00,"2022",2,13,11,0,0,"B","4","W","CVW","2","1",4.809,0.059,NA,NA
2022-02-13 12:00:00,"2022",2,13,12,0,0,"B","4","W","CVW","2","1",8.58,0.059,NA,NA
2022-02-13 13:00:00,"2022",2,13,13,0,0,"B","4","W","CVW","2","1",12.91,0.06,NA,NA
2022-02-13 14:00:00,"2022",2,13,14,0,0,"B","4","W","CVW","2","1",17.29,0.061,NA,NA
2022-02-14 11:00:00,"2022",2,14,11,0,0,"B","4","W","CVW","2","1",5.286,0.057,NA,NA
2022-02-14 12:00:00,"2022",2,14,12,0,0,"B","4","W","CVW","2","1",9.3,0.058,NA,NA
2022-02-14 13:00:00,"2022",2,14,13,0,0,"B","4","W","CVW","2","1",13.63,0.059,NA,NA
2022-02-14 14:00:00,"2022",2,14,14,0,0,"B","4","W","CVW","2","1",17.79,0.059,NA,NA
2022-02-13 11:00:00,"2022",2,13,11,0,0,"B","4","W","CVW","2","2",4.809,0.038,NA,NA
2022-02-13 12:00:00,"2022",2,13,12,0,0,"B","4","W","CVW","2","2",8.58,0.045,NA,NA
2022-02-13 13:00:00,"2022",2,13,13,0,0,"B","4","W","CVW","2","2",12.91,0.046,NA,NA
2022-02-13 14:00:00,"2022",2,13,14,0,0,"B","4","W","CVW","2","2",17.29,0.046,NA,NA
2022-02-14 11:00:00,"2022",2,14,11,0,0,"B","4","W","CVW","2","2",5.286,0.038,NA,NA
2022-02-14 12:00:00,"2022",2,14,12,0,0,"B","4","W","CVW","2","2",9.3,0.043,NA,NA
2022-02-14 13:00:00,"2022",2,14,13,0,0,"B","4","W","CVW","2","2",13.63,0.044,NA,NA
2022-02-14 14:00:00,"2022",2,14,14,0,0,"B","4","W","CVW","2","2",17.79,0.044,NA,NA
2022-02-13 11:00:00,"2022",2,13,11,0,0,"B","4","W","CVW","2","3",4.809,0.06,NA,NA
2022-02-13 12:00:00,"2022",2,13,12,0,0,"B","4","W","CVW","2","3",8.58,0.061,NA,NA
2022-02-13 13:00:00,"2022",2,13,13,0,0,"B","4","W","CVW","2","3",12.91,0.062,NA,NA
2022-02-13 14:00:00,"2022",2,13,14,0,0,"B","4","W","CVW","2","3",17.29,0.062,NA,NA
2022-02-14 11:00:00,"2022",2,14,11,0,0,"B","4","W","CVW","2","3",5.286,0.059,NA,NA
2022-02-14 12:00:00,"2022",2,14,12,0,0,"B","4","W","CVW","2","3",9.3,0.06,NA,NA
2022-02-14 13:00:00,"2022",2,14,13,0,0,"B","4","W","CVW","2","3",13.63,0.06,NA,NA
2022-02-14 14:00:00,"2022",2,14,14,0,0,"B","4","W","CVW","2","3",17.79,0.061,NA,NA
2022-02-13 10:00:00,"2022",2,13,10,0,0,"B","4","L","CVW","2","1",0.087,0.036,NA,NA
2022-02-13 11:00:00,"2022",2,13,11,0,0,"B","4","L","CVW","2","1",2.068,0.038,NA,NA
2022-02-13 12:00:00,"2022",2,13,12,0,0,"B","4","L","CVW","2","1",5.301,0.039,NA,NA
2022-02-13 13:00:00,"2022",2,13,13,0,0,"B","4","L","CVW","2","1",8.3,0.04,NA,NA
2022-02-13 14:00:00,"2022",2,13,14,0,0,"B","4","L","CVW","2","1",10.94,0.041,NA,NA
2022-02-14 11:00:00,"2022",2,14,11,0,0,"B","4","L","CVW","2","1",1.771,0.037,NA,NA
2022-02-14 12:00:00,"2022",2,14,12,0,0,"B","4","L","CVW","2","1",5.261,0.039,NA,NA
2022-02-14 13:00:00,"2022",2,14,13,0,0,"B","4","L","CVW","2","1",8.54,0.04,NA,NA
2022-02-14 14:00:00,"2022",2,14,14,0,0,"B","4","L","CVW","2","1",11.28,0.04,NA,NA
2022-02-13 10:00:00,"2022",2,13,10,0,0,"B","4","L","CVW","2","2",0.087,0.028,NA,NA
2022-02-13 11:00:00,"2022",2,13,11,0,0,"B","4","L","CVW","2","2",2.068,0.029,NA,NA
2022-02-13 12:00:00,"2022",2,13,12,0,0,"B","4","L","CVW","2","2",5.301,0.03,NA,NA
2022-02-13 13:00:00,"2022",2,13,13,0,0,"B","4","L","CVW","2","2",8.3,0.031,NA,NA
2022-02-13 14:00:00,"2022",2,13,14,0,0,"B","4","L","CVW","2","2",10.94,0.032,NA,NA
2022-02-14 11:00:00,"2022",2,14,11,0,0,"B","4","L","CVW","2","2",1.771,0.029,NA,NA
2022-02-14 12:00:00,"2022",2,14,12,0,0,"B","4","L","CVW","2","2",5.261,0.03,NA,NA
2022-02-14 13:00:00,"2022",2,14,13,0,0,"B","4","L","CVW","2","2",8.54,0.031,NA,NA
2022-02-14 14:00:00,"2022",2,14,14,0,0,"B","4","L","CVW","2","2",11.28,0.032,NA,NA
2022-02-13 10:00:00,"2022",2,13,10,0,0,"B","4","L","CVW","2","3",0.087,0.03,NA,NA
2022-02-13 11:00:00,"2022",2,13,11,0,0,"B","4","L","CVW","2","3",2.068,0.03,NA,NA
2022-02-13 12:00:00,"2022",2,13,12,0,0,"B","4","L","CVW","2","3",5.301,0.032,NA,NA
2022-02-13 13:00:00,"2022",2,13,13,0,0,"B","4","L","CVW","2","3",8.3,0.032,NA,NA
2022-02-13 14:00:00,"2022",2,13,14,0,0,"B","4","L","CVW","2","3",10.94,0.033,NA,NA
2022-02-14 11:00:00,"2022",2,14,11,0,0,"B","4","L","CVW","2","3",1.771,0.03,NA,NA
2022-02-14 12:00:00,"2022",2,14,12,0,0,"B","4","L","CVW","2","3",5.261,0.031,NA,NA
2022-02-14 13:00:00,"2022",2,14,13,0,0,"B","4","L","CVW","2","3",8.54,0.032,NA,NA
2022-02-14 14:00:00,"2022",2,14,14,0,0,"B","4","L","CVW","2","3",11.28,0.033,NA,NA
2022-02-13 10:00:00,"2022",2,13,10,0,0,"B","4","LW","CVW","2","1",0.685,0.03,NA,NA
2022-02-13 11:00:00,"2022",2,13,11,0,0,"B","4","LW","CVW","2","1",8.47,0.031,NA,NA
2022-02-13 12:00:00,"2022",2,13,12,0,0,"B","4","LW","CVW","2","1",15.33,0.032,NA,NA
2022-02-13 13:00:00,"2022",2,13,13,0,0,"B","4","LW","CVW","2","1",20.68,0.033,NA,NA
2022-02-13 14:00:00,"2022",2,13,14,0,0,"B","4","LW","CVW","2","1",22.88,0.034,NA,NA
2022-02-14 11:00:00,"2022",2,14,11,0,0,"B","4","LW","CVW","2","1",8.46,0.031,NA,NA
2022-02-14 12:00:00,"2022",2,14,12,0,0,"B","4","LW","CVW","2","1",15.92,0.032,NA,NA
2022-02-14 13:00:00,"2022",2,14,13,0,0,"B","4","LW","CVW","2","1",21.08,0.033,NA,NA
2022-02-14 14:00:00,"2022",2,14,14,0,0,"B","4","LW","CVW","2","1",23.17,0.033,NA,NA
2022-02-13 10:00:00,"2022",2,13,10,0,0,"B","4","LW","CVW","2","2",0.685,0.025,NA,NA
2022-02-13 11:00:00,"2022",2,13,11,0,0,"B","4","LW","CVW","2","2",8.47,0.026,NA,NA
2022-02-13 12:00:00,"2022",2,13,12,0,0,"B","4","LW","CVW","2","2",15.33,0.027,NA,NA
2022-02-13 13:00:00,"2022",2,13,13,0,0,"B","4","LW","CVW","2","2",20.68,0.028,NA,NA
2022-02-13 14:00:00,"2022",2,13,14,0,0,"B","4","LW","CVW","2","2",22.88,0.028,NA,NA
2022-02-14 11:00:00,"2022",2,14,11,0,0,"B","4","LW","CVW","2","2",8.46,0.026,NA,NA
2022-02-14 12:00:00,"2022",2,14,12,0,0,"B","4","LW","CVW","2","2",15.92,0.027,NA,NA
2022-02-14 13:00:00,"2022",2,14,13,0,0,"B","4","LW","CVW","2","2",21.08,0.028,NA,NA
2022-02-14 14:00:00,"2022",2,14,14,0,0,"B","4","LW","CVW","2","2",23.17,0.028,NA,NA
2022-02-13 10:00:00,"2022",2,13,10,0,0,"B","4","LW","CVW","2","3",0.685,0.027,NA,NA
2022-02-13 11:00:00,"2022",2,13,11,0,0,"B","4","LW","CVW","2","3",8.47,0.028,NA,NA
2022-02-13 12:00:00,"2022",2,13,12,0,0,"B","4","LW","CVW","2","3",15.33,0.029,NA,NA
2022-02-13 13:00:00,"2022",2,13,13,0,0,"B","4","LW","CVW","2","3",20.68,0.03,NA,NA
2022-02-13 14:00:00,"2022",2,13,14,0,0,"B","4","LW","CVW","2","3",22.88,0.03,NA,NA
2022-02-14 11:00:00,"2022",2,14,11,0,0,"B","4","LW","CVW","2","3",8.46,0.028,NA,NA
2022-02-14 12:00:00,"2022",2,14,12,0,0,"B","4","LW","CVW","2","3",15.92,0.029,NA,NA
2022-02-14 13:00:00,"2022",2,14,13,0,0,"B","4","LW","CVW","2","3",21.08,0.03,NA,NA
2022-02-14 14:00:00,"2022",2,14,14,0,0,"B","4","LW","CVW","2","3",23.17,0.03,NA,NA
