"","timestamp","airtemp","rh","par","bp","wind.spd","wind.max","wind.dir","rain.mm","snow.cm","day","date","year"
"1",2022-01-01,-3.182,83.5,0,857.89,0.2,0.2,171.6,0,1.3566,1,2022-01-01,2022
"2",2022-01-01 01:00:00,-3.773,87.2,2.604,859.64,0.2,0.2,233.2,0,1.5828,1,2022-01-01,2022
"3",2022-01-01 02:00:00,-4.611,83.7,28.57,861.2,0.2,0.2,252,0,0,1,2022-01-01,2022
"4",2022-01-01 03:00:00,-4.742,82.9,70.3,862.51,0.2,0.2,101.6,0,0,1,2022-01-01,2022
"5",2022-01-01 04:00:00,-3.628,57.57,197.6,863.81,0.2,0.2,38.23,0,0,1,2022-01-01,2022
"6",2022-01-01 05:00:00,-2.992,53.62,298.9,864.45,0.2,0.2,38.78,0.1,0,1,2022-01-01,2022
"7",2022-01-01 06:00:00,-2.732,55.35,348.6,864.83,0.2,0.2,29.61,0,0,1,2022-01-01,2022
"8",2022-01-01 07:00:00,-1.92,51.31,324.9,865.51,0.2,0.2,49.37,1.8,0,1,2022-01-01,2022
"9",2022-01-01 08:00:00,-1.192,47.07,250.7,866.67,0.2,0.2,36.78,4.6,1.8487,1,2022-01-01,2022
"10",2022-01-01 09:00:00,-0.912,44.84,162.5,868.04,0.2,0.2,44.51,0,1.8191,1,2022-01-01,2022
"11",2022-01-01 10:00:00,-3.392,57.73,36.01,869.1,0.2,0.2,144.5,0,1.9949,1,2022-01-01,2022
"12",2022-01-01 11:00:00,-4.95,64.01,1.147,869.77,0.2,0.2,178.5,0,0,1,2022-01-01,2022
"13",2022-01-01 12:00:00,-6.614,69.4,0,870.86,0.2,0.2,154,0,0,1,2022-01-01,2022
"14",2022-01-01 13:00:00,-8.05,69.57,0,871.89,0.2,0.2,155.9,0,0,1,2022-01-01,2022
"15",2022-01-01 14:00:00,-8.37,70.3,0,872.64,0.2,0.2,159.1,0,0,1,2022-01-01,2022
"16",2022-01-01 15:00:00,-8.54,71.8,0,873.48,0.2,0.2,157,0,0,1,2022-01-01,2022
"17",2022-01-01 16:00:00,-9.13,72.2,0,874.52,0.2,0.2,160.2,0,0,1,2022-01-01,2022
"18",2022-01-01 17:00:00,-9.24,71.5,0,875.31,0.2,0.2,156.1,0,0,1,2022-01-01,2022
"19",2022-01-01 18:00:00,-9.53,72.3,0,875.83,0.2,0.2,156.9,0,0,1,2022-01-01,2022
"20",2022-01-01 19:00:00,-9.79,72.3,0,876.74,0.2,0.2,156.3,0,0,1,2022-01-01,2022
"21",2022-01-01 20:00:00,-9.8,73.1,0,877.55,0.2,0.2,152.5,0,0,1,2022-01-01,2022
"22",2022-01-01 21:00:00,-10.17,74.6,0,878.06,0.2,0.2,158.7,0,0,1,2022-01-01,2022
"23",2022-01-01 22:00:00,-10.56,76.6,0,878.33,0.2,0.2,164.5,0,0,1,2022-01-01,2022
"24",2022-01-01 23:00:00,-10.91,76.3,0,878.67,0.2,0.2,153.1,0,0,1,2022-01-01,2022
"25",2022-01-02,-10.72,77.2,0,879.48,0.2,0.2,159.3,0,0,2,2022-01-02,2022
"26",2022-01-02 01:00:00,-11.2,77.3,4.567,880.18,0.2,0.2,155.9,0,0,2,2022-01-02,2022
"27",2022-01-02 02:00:00,-11.34,78.1,27.43,880.62,0.2,0.2,156,0,0,2,2022-01-02,2022
"28",2022-01-02 03:00:00,-10.11,75.9,131.3,881.08,0.2,0.2,155.1,0,0,2,2022-01-02,2022
"29",2022-01-02 04:00:00,-6.31,63.81,446.1,881.35,0.2,0.2,267.7,0,0,2,2022-01-02,2022
"30",2022-01-02 05:00:00,-5.683,61.31,497,881.13,0.232,0.85,258.2,0,0,2,2022-01-02,2022
"31",2022-01-02 06:00:00,-4.444,61.38,473.5,880.71,0.274,0.975,267.3,0.1,0,2,2022-01-02,2022
"32",2022-01-02 07:00:00,-3.911,61.17,414.8,880.01,0.288,0.85,301.6,0,0,2,2022-01-02,2022
"33",2022-01-02 08:00:00,-3.233,61.04,299.8,879.57,0.261,1.175,289.5,0,0,2,2022-01-02,2022
"34",2022-01-02 09:00:00,-3.754,64.26,180.1,879.07,0.556,1.562,340.5,0,0,2,2022-01-02,2022
"35",2022-01-02 10:00:00,-5.151,72.3,40.09,879.06,0.2,0.2,199.8,0,0,2,2022-01-02,2022
"36",2022-01-02 11:00:00,-6.731,77.2,1.371,878.94,0.2,0.2,170.4,0,0,2,2022-01-02,2022
"37",2022-01-02 12:00:00,-7.74,78.2,0,878.99,0.2,0.2,145.9,0,0,2,2022-01-02,2022
"38",2022-01-02 13:00:00,-8.2,79.8,0,878.83,0.2,0.2,163.5,0,0,2,2022-01-02,2022
"39",2022-01-02 14:00:00,-8.11,79.3,0,878.91,0.2,0.2,160.1,0,0,2,2022-01-02,2022
"40",2022-01-02 15:00:00,-8.75,79.7,0,878.78,0.2,0.2,157.7,0,0,2,2022-01-02,2022
"41",2022-01-02 16:00:00,-8.93,80.4,0,879.11,0.2,0.2,159.9,0,0,2,2022-01-02,2022
"42",2022-01-02 17:00:00,-9.26,81.8,0,879,0.2,0.2,161.8,0,0,2,2022-01-02,2022
"43",2022-01-02 18:00:00,-9.77,81.8,0,878.71,0.2,0.2,151.1,0,0,2,2022-01-02,2022
"44",2022-01-02 19:00:00,-10.13,82.2,0,878.41,0.2,0.2,158.8,0,0,2,2022-01-02,2022
"45",2022-01-02 20:00:00,-10.31,81.8,0,878.36,0.2,0.2,156.7,0,0,2,2022-01-02,2022
"46",2022-01-02 21:00:00,-10.29,82.4,0,878.17,0.2,0.2,155.3,0,0,2,2022-01-02,2022
"47",2022-01-02 22:00:00,-10.71,83.3,0,877.9,0.2,0.2,175,0,0,2,2022-01-02,2022
"48",2022-01-02 23:00:00,-10.85,83.4,0,877.84,0.2,0.2,163.4,0,0,2,2022-01-02,2022
"49",2022-01-03,-11.41,85.4,0,877.72,0.2,0.2,178.4,0,0,3,2022-01-03,2022
"50",2022-01-03 01:00:00,-11.49,84.4,4.595,877.77,0.2,0.2,168.6,0,0,3,2022-01-03,2022
"51",2022-01-03 02:00:00,-11.19,84.1,27.3,877.77,0.2,0.2,166.4,0,0,3,2022-01-03,2022
"52",2022-01-03 03:00:00,-10.05,81.6,125.2,878.03,0.2,0.2,152.1,0,0,3,2022-01-03,2022
"53",2022-01-03 04:00:00,-6.274,67.28,407,878.05,0.225,0.687,233.9,0,0,3,2022-01-03,2022
"54",2022-01-03 05:00:00,-5.36,69.93,438.6,877.06,0.312,1.225,273.4,0,0,3,2022-01-03,2022
"55",2022-01-03 06:00:00,-4.275,69.98,423.2,876.15,0.911,2.3,321.7,0,0,3,2022-01-03,2022
"56",2022-01-03 07:00:00,-3.496,69.36,356.2,874.97,0.709,2.025,303.8,0,0,3,2022-01-03,2022
"57",2022-01-03 08:00:00,-2.557,69.34,298.8,874.15,0.796,1.95,323.1,0,0,3,2022-01-03,2022
"58",2022-01-03 09:00:00,-3.326,72.7,162.5,873.53,0.838,1.825,350.9,0,0,3,2022-01-03,2022
"59",2022-01-03 10:00:00,-4.413,78.6,41.91,872.99,0.408,1.162,5.727,0,0,3,2022-01-03,2022
"60",2022-01-03 11:00:00,-5.54,81.8,1.315,872.68,0.475,1.475,17.83,0,0,3,2022-01-03,2022
"61",2022-01-03 12:00:00,-6.265,82.5,0,872.83,0.884,1.962,165.7,0,0,3,2022-01-03,2022
"62",2022-01-03 13:00:00,-6.515,85.6,0,872.22,0.44,1.462,56.51,0,0,3,2022-01-03,2022
"63",2022-01-03 14:00:00,-6.278,83.7,0,872.11,0.764,2.125,145.1,0,0,3,2022-01-03,2022
"64",2022-01-03 15:00:00,-6.754,87.2,0,871.55,0.265,0.762,145.2,0,0,3,2022-01-03,2022
"65",2022-01-03 16:00:00,-6.628,85.9,0,871.25,0.475,1.725,218.7,0,0,3,2022-01-03,2022
"66",2022-01-03 17:00:00,-6.947,87.1,0,870.85,0.364,1.237,213.2,0,0,3,2022-01-03,2022
"67",2022-01-03 18:00:00,-6.895,85.2,0,870.1,0.474,2.312,164.4,0,0,3,2022-01-03,2022
"68",2022-01-03 19:00:00,-6.779,85,0,869.7,0.487,1.587,166.2,0,0,3,2022-01-03,2022
"69",2022-01-03 20:00:00,-6.763,84.8,0,869.63,0.719,1.775,165.4,0,0,3,2022-01-03,2022
"70",2022-01-03 21:00:00,-7.03,87,0,869.4,0.453,1.575,162,0,0,3,2022-01-03,2022
"71",2022-01-03 22:00:00,-7.37,87.3,0,868.96,0.594,1.625,138.8,0,0,3,2022-01-03,2022
"72",2022-01-03 23:00:00,-7.65,86.7,0,868.82,0.879,2.5,167.4,0,0,3,2022-01-03,2022
"73",2022-01-04,-8.01,88.6,0,869.12,0.625,2.362,165.1,0,0,4,2022-01-04,2022
"74",2022-01-04 01:00:00,-7.92,88.2,3.375,869.44,0.251,0.95,193.6,0,0,4,2022-01-04,2022
"75",2022-01-04 02:00:00,-7.63,87.5,51.95,869.77,0.41,1.337,188.6,0,0,4,2022-01-04,2022
"76",2022-01-04 03:00:00,-6.712,84.5,132.1,870.26,0.383,1.662,216.7,0,0,4,2022-01-04,2022
"77",2022-01-04 04:00:00,-3.845,72.3,372.5,870.85,0.334,1,227.8,0,0,4,2022-01-04,2022
"78",2022-01-04 05:00:00,-3.736,73.8,351.1,870.44,0.619,1.6,326.2,0,0,4,2022-01-04,2022
"79",2022-01-04 06:00:00,-2.227,67.33,434.7,869.65,0.638,1.612,342.3,0,0,4,2022-01-04,2022
"80",2022-01-04 07:00:00,-1.832,69.01,400.2,869.11,0.732,1.65,322.1,0,0,4,2022-01-04,2022
"81",2022-01-04 08:00:00,-1.11,70.1,323.3,869.08,0.716,2.137,318.5,0,0,4,2022-01-04,2022
"82",2022-01-04 09:00:00,-1.65,74.5,163.8,869.49,0.633,1.837,309.5,0,0,4,2022-01-04,2022
"83",2022-01-04 10:00:00,-2.602,78.1,45.34,869.55,0.411,1.325,213.3,0,0,4,2022-01-04,2022
"84",2022-01-04 11:00:00,-3.315,83.1,1.483,869.93,0.228,0.925,165.4,0,0,4,2022-01-04,2022
"85",2022-01-04 12:00:00,-4.05,86.1,0,870.25,0.491,2.05,175.6,0,0,4,2022-01-04,2022
"86",2022-01-04 13:00:00,-4.565,85.6,0,870.27,0.429,1.675,163,0,0,4,2022-01-04,2022
"87",2022-01-04 14:00:00,-5.545,89.3,0,870.01,0.272,1.062,142,0,0,4,2022-01-04,2022
"88",2022-01-04 15:00:00,-5.836,87.8,0,870.36,0.479,1.412,155.6,0,0,4,2022-01-04,2022
"89",2022-01-04 16:00:00,-6.402,89.2,0,870.61,0.697,1.75,155.4,0,0,4,2022-01-04,2022
"90",2022-01-04 17:00:00,-6.452,86.9,0,870.32,0.946,2.075,161,0,0,4,2022-01-04,2022
"91",2022-01-04 18:00:00,-7.09,89.1,0,869.88,0.452,1.362,127.5,0,0,4,2022-01-04,2022
"92",2022-01-04 19:00:00,-7.55,90.3,0,869.63,0.397,1.312,128.4,0,0,4,2022-01-04,2022
"93",2022-01-04 20:00:00,-7.51,89.2,0,869.07,0.584,1.575,169.3,0,0,4,2022-01-04,2022
"94",2022-01-04 21:00:00,-7.4,89.1,0,868.83,0.791,1.587,122.3,0,0,4,2022-01-04,2022
"95",2022-01-04 22:00:00,-7.68,90.9,0,867.61,0.388,1.3,24.65,0,0,4,2022-01-04,2022
"96",2022-01-04 23:00:00,-7.4,89.9,0,867.18,0.746,1.762,137.6,0,0,4,2022-01-04,2022
"97",2022-01-05,-6.598,88.2,0,867.64,0.73,2.712,219.6,0,0,5,2022-01-05,2022
"98",2022-01-05 01:00:00,-6.66,89.1,5.237,867.56,0.29,0.9,251.8,0,0,5,2022-01-05,2022
"99",2022-01-05 02:00:00,-6.565,87.9,34.17,867.4,0.214,0.575,166.3,0,0,5,2022-01-05,2022
"100",2022-01-05 03:00:00,-5.596,84.2,140.5,867.29,1.258,3.062,77.6,0,0,5,2022-01-05,2022
"101",2022-01-05 04:00:00,-2.401,74.1,485.9,867.54,0.836,2.112,261.9,0,0,5,2022-01-05,2022
"102",2022-01-05 05:00:00,-0.978,69.93,548.9,866.82,0.859,2.862,302.4,0,0,5,2022-01-05,2022
"103",2022-01-05 06:00:00,0.115,71.3,519.7,865.57,1.008,2.812,263.4,0,0,5,2022-01-05,2022
"104",2022-01-05 07:00:00,1.007,71.4,560.1,864.61,1.082,2.475,313.2,0,0,5,2022-01-05,2022
"105",2022-01-05 08:00:00,2.488,67.86,472.1,863.68,0.68,1.862,296.1,0,0,5,2022-01-05,2022
"106",2022-01-05 09:00:00,3.397,67.6,483.4,863.64,0.96,2.412,320.1,0,0,5,2022-01-05,2022
"107",2022-01-05 10:00:00,1.77,75,125.8,863.55,0.39,1.7,320.8,0,0,5,2022-01-05,2022
"108",2022-01-05 11:00:00,0.996,76.5,3.566,863.67,0.281,1.662,114.5,0,0,5,2022-01-05,2022
"109",2022-01-05 12:00:00,0.545,76.8,0,863.98,0.735,1.837,62.65,0,0,5,2022-01-05,2022
"110",2022-01-05 13:00:00,-0.435,81.8,0,864.32,0.294,1.55,120.9,0,0,5,2022-01-05,2022
"111",2022-01-05 14:00:00,-0.778,83,0,864.42,0.59,1.987,95.3,0,0,5,2022-01-05,2022
"112",2022-01-05 15:00:00,-1.154,84.5,0,864.39,0.477,1.725,68.8,0,0,5,2022-01-05,2022
"113",2022-01-05 16:00:00,-1.709,87.3,0,864.62,0.546,1.612,190,0,0,5,2022-01-05,2022
"114",2022-01-05 17:00:00,-2.174,88.4,0,864.9,0.326,1.737,94.5,0,0,5,2022-01-05,2022
"115",2022-01-05 18:00:00,-2.38,89,0,864.64,0.337,1.287,55.79,0,0,5,2022-01-05,2022
"116",2022-01-05 19:00:00,-2.486,89.1,0,864.7,0.913,2.725,44.54,0,0,5,2022-01-05,2022
"117",2022-01-05 20:00:00,-1.742,87.4,0,865.07,1.355,2.937,143.6,0,0,5,2022-01-05,2022
"118",2022-01-05 21:00:00,-1.633,87,0,865.01,0.654,2.712,47.58,0,0,5,2022-01-05,2022
"119",2022-01-05 22:00:00,-1.908,88.6,0,865.03,0.665,1.412,71.7,0,0,5,2022-01-05,2022
"120",2022-01-05 23:00:00,-1.015,85.8,0,865.52,0.551,1.812,96.2,0,0,5,2022-01-05,2022
"121",2022-01-06,-0.806,85.3,0,866.02,0.651,2.037,82.9,0,0,6,2022-01-06,2022
"122",2022-01-06 01:00:00,-1.37,88.3,8.33,866.36,0.634,2.175,14.13,0,0,6,2022-01-06,2022
"123",2022-01-06 02:00:00,-0.765,87.4,96.8,867.01,0.716,2,245.6,0,0,6,2022-01-06,2022
"124",2022-01-06 03:00:00,-0.187,86.9,247.6,867.43,0.69,2.15,291.4,0,0,6,2022-01-06,2022
"125",2022-01-06 04:00:00,2.538,74.5,659.8,867.24,0.369,1.462,235.5,0,0,6,2022-01-06,2022
"126",2022-01-06 05:00:00,3.165,76,901,866.78,1.233,2.45,334.4,0,0,6,2022-01-06,2022
"127",2022-01-06 06:00:00,5.251,70.3,929,865.99,0.746,1.512,231.1,0,0,6,2022-01-06,2022
"128",2022-01-06 07:00:00,6.456,67.25,883,865.11,1.17,2.225,320,0,1.474,6,2022-01-06,2022
"129",2022-01-06 08:00:00,7.74,64.34,696.4,864.74,0.658,1.55,267,0,0.88797,6,2022-01-06,2022
"130",2022-01-06 09:00:00,8.53,62.17,476.9,864.44,0.62,1.587,255.6,0,0.99652,6,2022-01-06,2022
"131",2022-01-06 10:00:00,6.936,67.6,137.6,864.32,0.464,1.662,221.3,0,0.66303,6,2022-01-06,2022
"132",2022-01-06 11:00:00,4.84,77,4.893,864.42,0.709,1.85,131.1,0,0.56796,6,2022-01-06,2022
"133",2022-01-06 12:00:00,3.508,82.1,0,865.15,0.467,1.6,162,0,0.55875,6,2022-01-06,2022
"134",2022-01-06 13:00:00,3.181,81.4,0,865.04,0.804,1.75,147.7,0,0.57235,6,2022-01-06,2022
"135",2022-01-06 14:00:00,2.59,83.6,0,864.33,1.21,2.937,132.9,0,0.5838,6,2022-01-06,2022
"136",2022-01-06 15:00:00,1.443,88.2,0,864.75,0.766,1.587,175.2,0,0.59462,6,2022-01-06,2022
"137",2022-01-06 16:00:00,1.645,87,0,864.98,1.016,1.812,163.5,0,0.58557,6,2022-01-06,2022
"138",2022-01-06 17:00:00,1.072,88.6,0,864.94,0.369,1.362,87.8,0,0.53037,6,2022-01-06,2022
"139",2022-01-06 18:00:00,0.724,90.7,0,864.6,0.392,1.225,145.9,0,0.53671,6,2022-01-06,2022
"140",2022-01-06 19:00:00,-0.158,92.5,0,864.3,0.207,0.487,72.4,0,0.55566,6,2022-01-06,2022
"141",2022-01-06 20:00:00,-0.494,95,0,864.18,0.2,0.225,116.9,0,0.62084,6,2022-01-06,2022
"142",2022-01-06 21:00:00,-0.569,93.8,0,863.97,0.264,1.062,161.7,0,0.65655,6,2022-01-06,2022
"143",2022-01-06 22:00:00,-0.93,94.6,0,863.59,0.323,0.762,108.7,0,0.65659,6,2022-01-06,2022
"144",2022-01-06 23:00:00,-1.784,96.8,0,863.53,0.236,0.862,36.06,0,0.6644,6,2022-01-06,2022
"145",2022-01-07,-1.847,97.6,0,863.74,0.219,0.687,0.095,0,0.58229,7,2022-01-07,2022
"146",2022-01-07 01:00:00,-2.227,97.5,8.51,863.57,0.216,0.937,0.095,0,0.39918,7,2022-01-07,2022
"147",2022-01-07 02:00:00,-2.065,97.3,53.32,863.52,0.603,1.55,10.22,0,0.38618,7,2022-01-07,2022
"148",2022-01-07 03:00:00,-1.943,95.9,172.6,863.58,0.28,1.175,19.44,0,0.44476,7,2022-01-07,2022
"149",2022-01-07 04:00:00,2.063,84.6,800,863.6,0.404,1.35,260.7,0,0.34016,7,2022-01-07,2022
"150",2022-01-07 05:00:00,3.564,79.6,911,862.78,0.648,1.287,293,0,0.38294,7,2022-01-07,2022
"151",2022-01-07 06:00:00,5.404,71.9,939,861.36,0.701,1.525,270.7,0,0.6161,7,2022-01-07,2022
"152",2022-01-07 07:00:00,6.887,67.51,896,860.27,0.771,1.675,285,0,0.56538,7,2022-01-07,2022
"153",2022-01-07 08:00:00,8.19,63.08,718,859.63,0.909,1.612,272.4,0,0,7,2022-01-07,2022
"154",2022-01-07 09:00:00,8.42,62.06,461,858.76,1.254,2.687,306.6,0,0,7,2022-01-07,2022
"155",2022-01-07 10:00:00,6.492,70.6,110.2,858.53,1.025,1.975,344.3,0,0.29643,7,2022-01-07,2022
"156",2022-01-07 11:00:00,5.156,74,3.985,858.28,0.753,1.675,91.4,0,0.19256,7,2022-01-07,2022
"157",2022-01-07 12:00:00,4.303,75.7,0,858.4,0.696,1.45,107.5,0,0.16579,7,2022-01-07,2022
"158",2022-01-07 13:00:00,3.464,80.1,0,858.16,0.861,2.487,146.2,0,0.19165,7,2022-01-07,2022
"159",2022-01-07 14:00:00,2.123,85.8,0,858.04,0.396,1.337,100.6,0,0.16572,7,2022-01-07,2022
"160",2022-01-07 15:00:00,3.468,78.4,0,858.12,0.908,2.35,41.3,0,0.14438,7,2022-01-07,2022
"161",2022-01-07 16:00:00,2.47,83.3,0,857.66,0.621,1.712,83.9,0,0.12925,7,2022-01-07,2022
"162",2022-01-07 17:00:00,2.38,84.4,0,857.28,0.526,1.5,155.9,0,0.14839,7,2022-01-07,2022
"163",2022-01-07 18:00:00,3.027,80.7,0,857.09,1.097,3.075,21.29,0,0.19503,7,2022-01-07,2022
"164",2022-01-07 19:00:00,3.267,79.4,0,856.91,1.554,4.162,2.746,0,0.2039,7,2022-01-07,2022
"165",2022-01-07 20:00:00,5.69,66.56,0,857.25,1.986,6.687,325.7,0,0,7,2022-01-07,2022
"166",2022-01-07 21:00:00,6.488,62.11,0,857.5,1.404,4.025,283.7,0,0,7,2022-01-07,2022
"167",2022-01-07 22:00:00,8.36,53.46,0,857.77,1.291,3.725,1.346,0,0,7,2022-01-07,2022
"168",2022-01-07 23:00:00,7.15,58.4,0,858.48,0.975,2.337,12.47,0,0,7,2022-01-07,2022
"169",2022-01-08,5.859,64.86,0,859.13,1.318,3.025,24,0,0,8,2022-01-08,2022
"170",2022-01-08 01:00:00,6.247,64.03,2.168,860.47,1.685,4.9,312.4,0,0,8,2022-01-08,2022
"171",2022-01-08 02:00:00,5.721,68.1,42.28,862.25,1.141,4.387,351.9,0,0,8,2022-01-08,2022
"172",2022-01-08 03:00:00,5.789,64.31,72.3,863.87,1.165,2.425,71,0,0,8,2022-01-08,2022
"173",2022-01-08 04:00:00,5.857,66.83,175.2,865.14,1.402,4.037,57.33,0.3,0,8,2022-01-08,2022
"174",2022-01-08 05:00:00,5.213,79,483.2,865.26,1.333,2.875,352.3,0,0,8,2022-01-08,2022
"175",2022-01-08 06:00:00,6.386,74.5,414.1,865.07,0.742,1.65,228.8,0,0,8,2022-01-08,2022
"176",2022-01-08 07:00:00,7.79,60.86,490.9,865.4,1.149,3.187,177.1,0,0,8,2022-01-08,2022
"177",2022-01-08 08:00:00,10.01,45.87,703,866.02,1.055,2.187,177.9,0,0,8,2022-01-08,2022
"178",2022-01-08 09:00:00,10.26,40.62,438.1,866.85,0.889,2.225,190.4,0,0,8,2022-01-08,2022
"179",2022-01-08 10:00:00,7.95,48.2,125.4,867.64,1.207,2.3,162.5,0,0,8,2022-01-08,2022
"180",2022-01-08 11:00:00,5.451,55.62,4.292,868.23,1.487,2.775,180.7,0,0,8,2022-01-08,2022
"181",2022-01-08 12:00:00,5.09,53.9,0,869.14,0.948,1.775,129.5,0,0,8,2022-01-08,2022
"182",2022-01-08 13:00:00,3.94,57.97,0,870.17,0.664,1.537,130.6,0,0,8,2022-01-08,2022
"183",2022-01-08 14:00:00,3.541,60.17,0,871.26,0.666,1.512,143.8,0,0,8,2022-01-08,2022
"184",2022-01-08 15:00:00,3.295,65.3,0,872.3,0.679,1.75,131.4,0,0,8,2022-01-08,2022
"185",2022-01-08 16:00:00,3.05,72.7,0,873.11,0.706,1.65,43.49,0,0,8,2022-01-08,2022
"186",2022-01-08 17:00:00,2.495,78,0,874.11,0.735,1.7,63.83,0,0,8,2022-01-08,2022
"187",2022-01-08 18:00:00,1.401,78.8,0,874.5,0.732,1.675,80.1,0,0,8,2022-01-08,2022
"188",2022-01-08 19:00:00,1.151,81.3,0,875.15,0.855,2.212,103.6,0,0,8,2022-01-08,2022
"189",2022-01-08 20:00:00,-0.123,85.1,0,875.67,0.75,1.962,109.3,0,0,8,2022-01-08,2022
"190",2022-01-08 21:00:00,0.227,83.3,0,876.18,0.554,1.537,140,0,0,8,2022-01-08,2022
"191",2022-01-08 22:00:00,-0.466,86.1,0,876.66,0.265,0.762,104.5,0,0,8,2022-01-08,2022
"192",2022-01-08 23:00:00,-0.836,88.3,0,877.41,0.487,1.262,135,0,0,8,2022-01-08,2022
"193",2022-01-09,-1.567,88.4,0,878.22,0.393,1.412,122,0,0,9,2022-01-09,2022
"194",2022-01-09 01:00:00,-1.224,88,9.48,879.37,0.62,1.687,116.1,0,0,9,2022-01-09,2022
"195",2022-01-09 02:00:00,-1.159,86.1,57.28,880.22,0.963,1.612,42.7,0,0,9,2022-01-09,2022
"196",2022-01-09 03:00:00,-1.057,85.8,177.4,881.31,0.377,1.112,57.68,0,0,9,2022-01-09,2022
"197",2022-01-09 04:00:00,2.949,68.98,745,882.2,0.474,1.35,185.7,0,0,9,2022-01-09,2022
"198",2022-01-09 05:00:00,4.776,62.14,909,882.57,0.511,1.362,35.31,0,0,9,2022-01-09,2022
"199",2022-01-09 06:00:00,5.325,59.2,963,882.29,0.726,1.775,333.9,0,0,9,2022-01-09,2022
"200",2022-01-09 07:00:00,6.317,57.09,903,881.98,0.699,1.8,325.7,0,0,9,2022-01-09,2022
"201",2022-01-09 08:00:00,7.57,54.39,732,882.07,0.689,1.5,291.4,0,0,9,2022-01-09,2022
"202",2022-01-09 09:00:00,7.32,54.77,468.3,882.32,0.847,1.662,289.9,0,0,9,2022-01-09,2022
"203",2022-01-09 10:00:00,6.105,59.93,131.4,882.43,0.326,1.012,226.8,0,0,9,2022-01-09,2022
"204",2022-01-09 11:00:00,2.984,72.4,5.27,882.93,0.407,1.95,181.3,0,0,9,2022-01-09,2022
"205",2022-01-09 12:00:00,1.79,75.2,0,883.54,0.908,2.4,164.4,0,0,9,2022-01-09,2022
"206",2022-01-09 13:00:00,1.041,77,0,883.9,1.215,2.137,148,0,0,9,2022-01-09,2022
"207",2022-01-09 14:00:00,0.425,78.5,0,884.11,1.318,1.825,153.3,0,0,9,2022-01-09,2022
"208",2022-01-09 15:00:00,-0.075,79.7,0,884.36,1.195,2.012,147.9,0,0,9,2022-01-09,2022
"209",2022-01-09 16:00:00,-0.591,82.5,0,884.84,0.368,0.962,147.2,0,0,9,2022-01-09,2022
"210",2022-01-09 17:00:00,-0.868,81.9,0,884.88,0.652,2.025,144.5,0,0,9,2022-01-09,2022
"211",2022-01-09 18:00:00,-1.155,84.1,0,884.8,0.469,1.375,133,0,0,9,2022-01-09,2022
"212",2022-01-09 19:00:00,-1.786,85.3,0,884.84,0.411,1.687,65.44,0,0,9,2022-01-09,2022
"213",2022-01-09 20:00:00,-2.434,89.8,0,884.9,0.226,0.65,110.8,0,0,9,2022-01-09,2022
"214",2022-01-09 21:00:00,-1.709,85.4,0,884.83,0.501,1.387,177.9,0,0,9,2022-01-09,2022
"215",2022-01-09 22:00:00,-2.421,86.8,0,884.76,0.463,1.087,177.9,0,0,9,2022-01-09,2022
"216",2022-01-09 23:00:00,-2.735,86.1,0,884.96,0.339,1.612,177.8,0,0,9,2022-01-09,2022
"217",2022-01-10,-3.575,90.2,0,885.27,0.205,0.4,177.8,0,0,10,2022-01-10,2022
"218",2022-01-10 01:00:00,-3.625,89.4,9.25,885.49,0.481,1.487,177.9,0,0,10,2022-01-10,2022
"219",2022-01-10 02:00:00,-3.832,90.6,52.96,885.83,0.227,0.637,177.9,0,0,10,2022-01-10,2022
"220",2022-01-10 03:00:00,-2.902,87.6,158.3,886.13,0.2,0.2,177.9,0,0,10,2022-01-10,2022
"221",2022-01-10 04:00:00,1.345,71.6,763,886.35,0.252,0.637,214.3,0,0,10,2022-01-10,2022
"222",2022-01-10 05:00:00,2.599,67.82,914,885.99,0.536,1.625,355.5,0,0,10,2022-01-10,2022
"223",2022-01-10 06:00:00,4.164,59.76,971,885.09,0.83,1.987,318,0,0,10,2022-01-10,2022
"224",2022-01-10 07:00:00,5.059,55.32,911,883.98,0.88,2.15,291.9,0,0,10,2022-01-10,2022
"225",2022-01-10 08:00:00,5.742,52.72,739,883.3,0.828,2.175,290.6,0,0,10,2022-01-10,2022
"226",2022-01-10 09:00:00,6.336,49.32,477.1,882.95,0.817,1.55,254.3,0,0,10,2022-01-10,2022
"227",2022-01-10 10:00:00,4.492,58.82,138.6,882.6,0.594,1.775,209.6,0,0,10,2022-01-10,2022
"228",2022-01-10 11:00:00,2.046,71.5,5.453,882.07,0.884,1.837,154.3,0,0,10,2022-01-10,2022
"229",2022-01-10 12:00:00,1.108,76.3,0,881.84,0.797,1.637,166.1,0,0,10,2022-01-10,2022
"230",2022-01-10 13:00:00,0.394,79,0,882.09,1.122,1.962,152.6,0,0,10,2022-01-10,2022
"231",2022-01-10 14:00:00,-0.069,80.1,0,882.22,0.419,1.125,66.74,0,0,10,2022-01-10,2022
"232",2022-01-10 15:00:00,-0.316,81,0,882.29,0.89,1.512,148.6,0,0,10,2022-01-10,2022
"233",2022-01-10 16:00:00,-0.743,82.8,0,882.05,0.798,1.462,142.3,0,0,10,2022-01-10,2022
"234",2022-01-10 17:00:00,-1.381,83.4,0,881.94,0.576,1.312,151.6,0,0,10,2022-01-10,2022
"235",2022-01-10 18:00:00,-1.861,86.4,0,881.94,0.761,1.75,135.8,0,0,10,2022-01-10,2022
"236",2022-01-10 19:00:00,-2.23,87.4,0,881.77,0.379,1.45,106.6,0,0,10,2022-01-10,2022
"237",2022-01-10 20:00:00,-2.43,87.9,0,881.92,0.488,1.337,156.2,0,0,10,2022-01-10,2022
"238",2022-01-10 21:00:00,-3.084,90.3,0,881.92,0.341,1.212,162.8,0,0,10,2022-01-10,2022
"239",2022-01-10 22:00:00,-2.82,89,0,881.67,0.274,0.85,124.4,0,0,10,2022-01-10,2022
"240",2022-01-10 23:00:00,-3.164,90,0,881,0.403,1.175,27.6,0,0,10,2022-01-10,2022
"241",2022-01-11,-3.708,91.8,0,880.86,0.279,1.1,152.6,0,0,11,2022-01-11,2022
"242",2022-01-11 01:00:00,-2.628,87.1,7.99,881.55,0.676,1.55,159.3,0,0,11,2022-01-11,2022
"243",2022-01-11 02:00:00,-3.301,88.7,93.5,881.96,0.306,1.05,207.7,0,0,11,2022-01-11,2022
"244",2022-01-11 03:00:00,-2.605,87.6,182.8,882.78,0.499,1.125,203,0,0,11,2022-01-11,2022
"245",2022-01-11 04:00:00,1.144,71.6,756,883.09,0.431,1.087,27.57,0.1,0,11,2022-01-11,2022
"246",2022-01-11 05:00:00,2.348,68.36,917,881.91,0.586,1.725,307,0,0,11,2022-01-11,2022
"247",2022-01-11 06:00:00,4.334,59.47,972,880.66,0.926,2.062,55.68,0,0,11,2022-01-11,2022
"248",2022-01-11 07:00:00,5.157,56.68,910,879.44,1.3,2.725,279.6,0,0,11,2022-01-11,2022
"249",2022-01-11 08:00:00,6.478,50.97,741,879.2,0.766,1.5,240.2,0,0,11,2022-01-11,2022
"250",2022-01-11 09:00:00,6.54,51.41,479.5,879.11,0.847,1.712,276.4,0,0,11,2022-01-11,2022
"251",2022-01-11 10:00:00,4.784,57.41,138.8,879.49,0.939,1.95,187.2,0,0,11,2022-01-11,2022
"252",2022-01-11 11:00:00,2.507,68.46,5.676,879.49,0.575,1.612,163.2,0,0,11,2022-01-11,2022
"253",2022-01-11 12:00:00,1.319,74.5,0,879.67,1.092,2.012,142.3,0,0,11,2022-01-11,2022
"254",2022-01-11 13:00:00,0.471,77.5,0,879.69,1.227,2.3,152.4,0,0,11,2022-01-11,2022
"255",2022-01-11 14:00:00,0.26,78.1,0,879.73,0.853,2.712,145.5,0,0,11,2022-01-11,2022
"256",2022-01-11 15:00:00,-0.633,81.8,0,880.28,0.63,2.237,141.4,0,0,11,2022-01-11,2022
"257",2022-01-11 16:00:00,-0.897,82.8,0,880.55,0.815,2.412,161.3,0,0,11,2022-01-11,2022
"258",2022-01-11 17:00:00,-0.908,81.3,0,880.53,1.099,2.275,157.8,0,0,11,2022-01-11,2022
"259",2022-01-11 18:00:00,-1.581,83.6,0,880.52,0.675,2.15,90.9,0,0,11,2022-01-11,2022
"260",2022-01-11 19:00:00,-2.028,85.1,0,880.49,0.26,0.95,21.37,0,0,11,2022-01-11,2022
"261",2022-01-11 20:00:00,-2.213,85.5,0,880.47,0.478,1.425,103.6,0,0,11,2022-01-11,2022
"262",2022-01-11 21:00:00,-2.293,84.9,0,880.3,0.414,1.65,139.3,0,0,11,2022-01-11,2022
"263",2022-01-11 22:00:00,-2.863,87.7,0,879.61,0.366,0.95,129.1,0,0,11,2022-01-11,2022
"264",2022-01-11 23:00:00,-3.389,89.3,0,880.58,0.451,1.55,54.95,0,0,11,2022-01-11,2022
"265",2022-01-12,-3.4,89.8,0,881.64,0.922,2.25,130.6,0,0.01296,12,2022-01-12,2022
"266",2022-01-12 01:00:00,-3.116,88.1,10.14,881.15,0.696,1.6,78.2,0,0,12,2022-01-12,2022
"267",2022-01-12 02:00:00,-2.812,87.4,90.5,881.31,1.013,2.6,135.4,0,0.11189,12,2022-01-12,2022
"268",2022-01-12 03:00:00,-1.347,78.2,205,882.11,0.408,1.55,117.5,0,0.12485,12,2022-01-12,2022
"269",2022-01-12 04:00:00,2.258,63.67,735,882.29,0.374,1.162,80.8,0,0,12,2022-01-12,2022
"270",2022-01-12 05:00:00,3.339,58.72,927,882.05,0.851,1.85,320.6,0,0,12,2022-01-12,2022
"271",2022-01-12 06:00:00,3.748,60.14,797,881.1,0.935,1.837,323.5,0,0,12,2022-01-12,2022
"272",2022-01-12 07:00:00,5.955,50.1,898,880.49,1.282,2.25,215.7,0,0,12,2022-01-12,2022
"273",2022-01-12 08:00:00,6.736,44.45,737,880.03,1.093,2.375,284.2,0,0,12,2022-01-12,2022
"274",2022-01-12 09:00:00,7.35,42.49,486.1,880.49,0.752,1.925,244.4,0,0,12,2022-01-12,2022
"275",2022-01-12 10:00:00,5.752,50.73,176,880.31,1.331,2.125,194.6,0,0,12,2022-01-12,2022
"276",2022-01-12 11:00:00,3.459,61.32,7.17,879.96,0.571,1.35,144.6,0,0,12,2022-01-12,2022
"277",2022-01-12 12:00:00,2.114,68.32,0,880.31,1.071,1.887,156.9,0,0,12,2022-01-12,2022
"278",2022-01-12 13:00:00,1.394,71.8,0,880.85,1.033,2.737,158.5,0,0,12,2022-01-12,2022
"279",2022-01-12 14:00:00,0.634,74.6,0,880.87,0.636,1.887,147.4,0,0,12,2022-01-12,2022
"280",2022-01-12 15:00:00,0.425,75.6,0,880.7,0.744,1.962,164.3,0,0,12,2022-01-12,2022
"281",2022-01-12 16:00:00,0.111,76.8,0,880.97,0.522,1.425,147,0,0,12,2022-01-12,2022
"282",2022-01-12 17:00:00,-0.651,80.2,0,880.97,0.32,1.312,97.4,0,0,12,2022-01-12,2022
"283",2022-01-12 18:00:00,-0.879,81.1,0,880.31,0.499,1.625,141.8,0,0,12,2022-01-12,2022
"284",2022-01-12 19:00:00,-1.3,82.9,0,880.04,0.663,1.525,116,0,0,12,2022-01-12,2022
"285",2022-01-12 20:00:00,-1.432,82.3,0,880.17,0.8,1.95,136.4,0,0,12,2022-01-12,2022
"286",2022-01-12 21:00:00,-1.967,83.9,0,879.62,0.361,1.25,114.4,0,0,12,2022-01-12,2022
"287",2022-01-12 22:00:00,-2.584,87.2,0,878.69,0.536,1.787,138.1,0,0,12,2022-01-12,2022
"288",2022-01-12 23:00:00,-1.651,81.3,0,878.71,0.76,2.037,67.38,0,0,12,2022-01-12,2022
"289",2022-01-13,-3.16,87.7,0,878.87,0.228,0.737,170.9,0,0,13,2022-01-13,2022
"290",2022-01-13 01:00:00,-2.969,86.8,10.56,878.55,1.01,2.75,164,0,0,13,2022-01-13,2022
"291",2022-01-13 02:00:00,-2.53,84.2,55.49,878.84,0.74,2.012,157,0,0.11727,13,2022-01-13,2022
"292",2022-01-13 03:00:00,-2.855,87.6,183.9,878.81,0.351,1.162,196.1,0,0.1637,13,2022-01-13,2022
"293",2022-01-13 04:00:00,1.879,69.06,749,878.38,0.27,0.9,295.8,0,0,13,2022-01-13,2022
"294",2022-01-13 05:00:00,3.061,63.04,884,877.2,0.686,1.475,333.3,0,0,13,2022-01-13,2022
"295",2022-01-13 06:00:00,5.52,54.57,905,875.96,0.673,1.525,208.1,0,0,13,2022-01-13,2022
"296",2022-01-13 07:00:00,6.613,47.85,818,874.78,0.862,1.637,282.2,0,0,13,2022-01-13,2022
"297",2022-01-13 08:00:00,6.51,48.47,475.8,874.18,0.665,1.375,267.3,0,0,13,2022-01-13,2022
"298",2022-01-13 09:00:00,7.14,46.73,459.1,873.63,0.793,1.862,301.3,0,0,13,2022-01-13,2022
"299",2022-01-13 10:00:00,5.894,52.65,113.4,872.58,0.36,1.137,191.4,0,0,13,2022-01-13,2022
"300",2022-01-13 11:00:00,4.543,59.16,4.279,871.97,0.365,0.887,120.7,0,0,13,2022-01-13,2022
"301",2022-01-13 12:00:00,3.544,65.22,0,871.61,0.713,1.662,181.7,0,0,13,2022-01-13,2022
"302",2022-01-13 13:00:00,3.499,66.72,0,871.25,1.266,2.412,93.2,0,0,13,2022-01-13,2022
"303",2022-01-13 14:00:00,3.377,66.38,0,870.97,0.878,3.2,156.7,0,0,13,2022-01-13,2022
"304",2022-01-13 15:00:00,2.824,70.4,0,870.24,0.899,2.662,112.8,0,0,13,2022-01-13,2022
"305",2022-01-13 16:00:00,2.042,74.3,0,869.57,0.704,1.825,131.4,0,0,13,2022-01-13,2022
"306",2022-01-13 17:00:00,1.176,78.2,0,870.27,0.625,1.4,128.1,0,0,13,2022-01-13,2022
"307",2022-01-13 18:00:00,1.028,78.1,0,869.79,0.567,1.725,123.3,0,0,13,2022-01-13,2022
"308",2022-01-13 19:00:00,0.406,81.1,0,869.5,0.617,1.387,103.9,0,0,13,2022-01-13,2022
"309",2022-01-13 20:00:00,0.126,81.7,0,869.8,1.106,2.462,149,0,0,13,2022-01-13,2022
"310",2022-01-13 21:00:00,-0.445,82.7,0,869.6,0.418,1.112,103.7,0,0,13,2022-01-13,2022
"311",2022-01-13 22:00:00,-1.271,87,0,869.88,0.481,1.55,121.6,0,0,13,2022-01-13,2022
"312",2022-01-13 23:00:00,-0.25,80.4,0,870.88,0.639,1.425,125.8,0,0,13,2022-01-13,2022
"313",2022-01-14,-1.026,85,0,871.53,0.635,1.762,113.5,0,0,14,2022-01-14,2022
"314",2022-01-14 01:00:00,-1.933,89.7,10.99,872.13,0.736,1.875,166.8,0,0,14,2022-01-14,2022
"315",2022-01-14 02:00:00,-1.374,86.7,64.95,872.78,0.996,3.05,173.1,0,0,14,2022-01-14,2022
"316",2022-01-14 03:00:00,-0.703,84.6,205.6,873.43,0.462,1.65,38.45,0,0,14,2022-01-14,2022
"317",2022-01-14 04:00:00,2.91,70,653.1,874.23,0.444,1.3,303.5,0,0,14,2022-01-14,2022
"318",2022-01-14 05:00:00,5.05,62.44,928,874.42,0.533,1.3,281.2,0,0,14,2022-01-14,2022
"319",2022-01-14 06:00:00,7.32,52.91,990,874.17,0.614,1.287,348.4,0,0,14,2022-01-14,2022
"320",2022-01-14 07:00:00,8.36,50.43,934,873.58,1.488,2.55,335.2,0,0,14,2022-01-14,2022
"321",2022-01-14 08:00:00,9.82,44.45,764,873.72,2.237,3.45,358.8,0,0,14,2022-01-14,2022
"322",2022-01-14 09:00:00,10.05,43.11,500.4,874.22,2.24,3.7,11.15,0,0,14,2022-01-14,2022
"323",2022-01-14 10:00:00,9.03,45.83,165.7,875.01,1.53,3.3,355.6,0,0,14,2022-01-14,2022
"324",2022-01-14 11:00:00,7.73,49.05,7.97,875.5,2.387,4.1,27.65,0,0,14,2022-01-14,2022
"325",2022-01-14 12:00:00,6.306,56.7,0,876.23,1.457,3.212,349.8,0,0,14,2022-01-14,2022
"326",2022-01-14 13:00:00,6.612,53.82,0,876.59,3.705,5.012,27.41,0,0,14,2022-01-14,2022
"327",2022-01-14 14:00:00,5.818,54.31,0,876.8,3.576,4.662,34.75,0,0,14,2022-01-14,2022
"328",2022-01-14 15:00:00,5.453,54.14,0,877.21,2.956,4.212,47.51,0,0,14,2022-01-14,2022
"329",2022-01-14 16:00:00,3.417,63.2,0,877.67,0.964,3.612,0.582,0,0,14,2022-01-14,2022
"330",2022-01-14 17:00:00,2.201,68.67,0,878.31,0.337,1.437,354.6,0,0,14,2022-01-14,2022
"331",2022-01-14 18:00:00,1.784,70.1,0,878.42,0.409,1.425,120.1,0,0,14,2022-01-14,2022
"332",2022-01-14 19:00:00,1.058,73.3,0,878.52,0.626,1.9,131.3,0,0,14,2022-01-14,2022
"333",2022-01-14 20:00:00,0.699,74,0,879.07,0.506,1.412,136,0,0,14,2022-01-14,2022
"334",2022-01-14 21:00:00,0.393,74,0,879.29,0.516,1.437,141.3,0,0,14,2022-01-14,2022
"335",2022-01-14 22:00:00,-0.025,74.7,0,879.72,0.294,1.087,118.7,0,0,14,2022-01-14,2022
"336",2022-01-14 23:00:00,-0.296,74.1,0,880.29,0.442,1.45,160.8,0,0,14,2022-01-14,2022
"337",2022-01-15,-0.308,71,0,879.99,0.624,1.587,164.2,0,0,15,2022-01-15,2022
"338",2022-01-15 01:00:00,-1.425,74.3,10.71,879.84,1.469,2.75,156.4,0,0,15,2022-01-15,2022
"339",2022-01-15 02:00:00,-1.558,75.8,58.11,880.14,1.164,3.312,157.4,0,0,15,2022-01-15,2022
"340",2022-01-15 03:00:00,0.252,68.63,193.1,880.65,0.395,1.162,120.1,0,0,15,2022-01-15,2022
"341",2022-01-15 04:00:00,5.35,49.14,774,880.71,0.34,1.05,97.4,0,0,15,2022-01-15,2022
"342",2022-01-15 05:00:00,6.31,43,943,880.25,0.573,1.712,19.71,0,0,15,2022-01-15,2022
"343",2022-01-15 06:00:00,6.501,39.43,1000,879.15,1.411,2.737,41.27,0,0,15,2022-01-15,2022
"344",2022-01-15 07:00:00,6.774,39,941,878.17,1.706,3.1,27.4,0,0,15,2022-01-15,2022
"345",2022-01-15 08:00:00,7.53,38.98,771,877.54,1.302,2.262,24.2,0,0,15,2022-01-15,2022
"346",2022-01-15 09:00:00,8.11,38.14,508.1,877.32,0.988,1.637,334.2,0,0,15,2022-01-15,2022
"347",2022-01-15 10:00:00,6.958,42.42,173.5,877.28,0.644,1.725,207.5,0,0,15,2022-01-15,2022
"348",2022-01-15 11:00:00,3.567,51.88,7.06,877.02,1.683,2.812,158,0,0,15,2022-01-15,2022
"349",2022-01-15 12:00:00,1.879,59.33,0,877.01,1.575,2.287,151.4,0,0,15,2022-01-15,2022
"350",2022-01-15 13:00:00,1.393,60.94,0,877.01,1.029,1.987,157.5,0,0,15,2022-01-15,2022
"351",2022-01-15 14:00:00,0.562,64.07,0,877.03,1.362,2.65,151.3,0,0,15,2022-01-15,2022
"352",2022-01-15 15:00:00,-0.328,67.97,0,876.78,1.104,2.75,153.3,0,0,15,2022-01-15,2022
"353",2022-01-15 16:00:00,-0.832,70.5,0,876.6,0.572,2.525,161.4,0,0,15,2022-01-15,2022
"354",2022-01-15 17:00:00,-0.634,68.15,0,876.44,0.514,1.462,156.9,0,0,15,2022-01-15,2022
"355",2022-01-15 18:00:00,-1.294,70.8,0,876.11,0.23,0.637,134,0,0,15,2022-01-15,2022
"356",2022-01-15 19:00:00,-2.253,75.5,0,875.57,0.205,0.462,92.5,0,0,15,2022-01-15,2022
"357",2022-01-15 20:00:00,-2.07,74.5,0,876.03,0.647,1.687,154.5,0,0,15,2022-01-15,2022
"358",2022-01-15 21:00:00,-2.655,75.1,0,875.5,0.343,1.237,166.3,0,0,15,2022-01-15,2022
"359",2022-01-15 22:00:00,-3.087,76.2,0,875.12,0.262,1.025,153.6,0,0,15,2022-01-15,2022
"360",2022-01-15 23:00:00,-3.954,81,0,875,0.205,0.475,30.82,0,0,15,2022-01-15,2022
"361",2022-01-16,-3.657,78.4,0,875.21,0.307,0.812,161.2,0,0,16,2022-01-16,2022
"362",2022-01-16 01:00:00,-4.207,80.9,10.61,875.54,0.202,0.3,147.7,0,0,16,2022-01-16,2022
"363",2022-01-16 02:00:00,-4.236,81.1,58.06,875.59,0.207,0.4,162.4,0,0,16,2022-01-16,2022
"364",2022-01-16 03:00:00,-2.989,77.8,189.3,875.74,0.211,0.525,120.6,0,0,16,2022-01-16,2022
"365",2022-01-16 04:00:00,1.666,62.51,775,875.93,0.227,0.587,310.5,0,0,16,2022-01-16,2022
"366",2022-01-16 05:00:00,3.102,56.55,944,875.5,0.524,1.575,316,0,0,16,2022-01-16,2022
"367",2022-01-16 06:00:00,4.594,52.26,1002,874.32,0.804,2.037,310.2,0,0,16,2022-01-16,2022
"368",2022-01-16 07:00:00,6.314,48.28,948,873.43,0.721,1.875,309.5,0,0,16,2022-01-16,2022
"369",2022-01-16 08:00:00,7.54,44.99,777,872.85,0.765,1.387,311.8,0,0,16,2022-01-16,2022
"370",2022-01-16 09:00:00,7.98,42.07,512.1,872.54,0.832,1.512,263.7,0,0,16,2022-01-16,2022
"371",2022-01-16 10:00:00,6.58,44.77,176.6,871.94,0.913,2.575,196.9,0,0,16,2022-01-16,2022
"372",2022-01-16 11:00:00,3.33,56.65,7.09,871.98,1.255,2.275,151.4,0,0,16,2022-01-16,2022
"373",2022-01-16 12:00:00,2.037,62.2,0,872.5,1.257,1.975,152.4,0,0,16,2022-01-16,2022
"374",2022-01-16 13:00:00,0.957,67.14,0,872.45,1.498,2.262,153.7,0,0,16,2022-01-16,2022
"375",2022-01-16 14:00:00,0.399,68.97,0,872.43,1.525,2.662,147.4,0,0,16,2022-01-16,2022
"376",2022-01-16 15:00:00,-0.066,70.7,0,872.58,0.642,1.962,142.7,0,0,16,2022-01-16,2022
"377",2022-01-16 16:00:00,-0.93,74,0,872.4,0.671,1.712,119.6,0,0,16,2022-01-16,2022
"378",2022-01-16 17:00:00,-1.177,75.2,0,872.26,0.392,1.887,147.4,0,0,16,2022-01-16,2022
"379",2022-01-16 18:00:00,-1.266,74.5,0,872.08,0.468,1.412,160.1,0,0,16,2022-01-16,2022
"380",2022-01-16 19:00:00,-2.079,77.8,0,872.05,0.219,0.737,100.1,0,0,16,2022-01-16,2022
"381",2022-01-16 20:00:00,-2.734,80.9,0,871.87,0.201,0.237,37.15,0,0,16,2022-01-16,2022
"382",2022-01-16 21:00:00,-3.077,82.3,0,871.41,0.309,0.95,108.5,0,0,16,2022-01-16,2022
"383",2022-01-16 22:00:00,-3.498,83.3,0,871.17,0.268,1.187,155.6,0,0,16,2022-01-16,2022
"384",2022-01-16 23:00:00,-3.463,83.2,0,871.09,0.334,1.137,137.7,0,0,16,2022-01-16,2022
"385",2022-01-17,-3.802,83.4,0,871.27,0.367,1.175,152.6,0,0,17,2022-01-17,2022
"386",2022-01-17 01:00:00,-4.955,87.7,10.87,871.56,0.325,1.812,54.54,0,0,17,2022-01-17,2022
"387",2022-01-17 02:00:00,-4.57,86.7,63.97,871.77,0.2,0.2,49.66,0,0,17,2022-01-17,2022
"388",2022-01-17 03:00:00,-3.024,82,211.4,871.96,0.2,0.2,92.4,0,0,17,2022-01-17,2022
"389",2022-01-17 04:00:00,0.594,69.38,614.7,871.97,0.266,1.075,297.6,0,0,17,2022-01-17,2022
"390",2022-01-17 05:00:00,2.995,60.77,925,871.45,0.381,1.45,310.6,0,0,17,2022-01-17,2022
"391",2022-01-17 06:00:00,4.826,52.91,1004,870.45,0.898,1.837,330.1,0,0,17,2022-01-17,2022
"392",2022-01-17 07:00:00,6.401,47.53,870,869.31,0.648,1.537,254.9,0,0,17,2022-01-17,2022
"393",2022-01-17 08:00:00,7.03,45.71,640.8,868.79,0.658,1.425,294.9,0,0,17,2022-01-17,2022
"394",2022-01-17 09:00:00,6.359,45.35,286,868.51,0.337,1.05,282.8,0,0,17,2022-01-17,2022
"395",2022-01-17 10:00:00,5.346,49.11,99.4,867.95,0.2,0.2,28.26,0,0,17,2022-01-17,2022
"396",2022-01-17 11:00:00,3.823,55.99,6.125,867.87,0.2,0.2,117.1,0,0,17,2022-01-17,2022
"397",2022-01-17 12:00:00,3.363,54.73,0,867.96,0.418,1.25,140.9,0,0,17,2022-01-17,2022
"398",2022-01-17 13:00:00,2.143,62.95,0,867.93,0.577,1.362,151.8,0,0,17,2022-01-17,2022
"399",2022-01-17 14:00:00,1.074,68.7,0,867.92,0.866,1.737,154.3,0,0,17,2022-01-17,2022
"400",2022-01-17 15:00:00,0.491,71.2,0,867.8,0.927,2.462,142.7,0,0,17,2022-01-17,2022
"401",2022-01-17 16:00:00,0.368,71.1,0,867.63,0.261,0.675,159.2,0,0,17,2022-01-17,2022
"402",2022-01-17 17:00:00,-0.281,74.4,0,867.49,0.202,0.287,153,0,0,17,2022-01-17,2022
"403",2022-01-17 18:00:00,-0.664,75.9,0,867.12,0.205,0.375,147.6,0,0,17,2022-01-17,2022
"404",2022-01-17 19:00:00,-1.01,77.3,0,866.92,0.23,0.725,131.6,0,0,17,2022-01-17,2022
"405",2022-01-17 20:00:00,-2.134,82.2,0,867.04,0.201,0.237,77.8,0,0,17,2022-01-17,2022
"406",2022-01-17 21:00:00,-2.016,81,0,867.05,0.259,1,145.9,0,0,17,2022-01-17,2022
"407",2022-01-17 22:00:00,-2.135,81.8,0,866.56,0.381,1.487,133.1,0,0,17,2022-01-17,2022
"408",2022-01-17 23:00:00,-2.401,82.3,0,866.56,0.368,1.075,102.3,0,0,17,2022-01-17,2022
"409",2022-01-18,-2.465,83.1,0,866.75,0.254,1.137,119.6,0,0,18,2022-01-18,2022
"410",2022-01-18 01:00:00,-2.69,84.7,10.3,866.89,0.204,0.312,75.5,0,0,18,2022-01-18,2022
"411",2022-01-18 02:00:00,-2.198,84.3,108.4,867.06,0.21,0.437,129.3,0,0,18,2022-01-18,2022
"412",2022-01-18 03:00:00,-0.829,81.9,287.5,867.74,0.214,0.637,210.1,0,0,18,2022-01-18,2022
"413",2022-01-18 04:00:00,3.201,62.32,852,867.95,0.343,1.187,288,0,0,18,2022-01-18,2022
"414",2022-01-18 05:00:00,4.448,58.21,928,867.17,0.853,2.075,353.2,0,0,18,2022-01-18,2022
"415",2022-01-18 06:00:00,6.974,45.64,1050,866.24,0.768,1.687,312.2,0,0,18,2022-01-18,2022
"416",2022-01-18 07:00:00,7.51,44.72,817,865.82,0.586,1.425,354.6,0,0,18,2022-01-18,2022
"417",2022-01-18 08:00:00,7.96,44.38,580.8,865.31,0.52,1.512,283.4,0,0,18,2022-01-18,2022
"418",2022-01-18 09:00:00,8.11,43.93,412.7,865.28,0.436,1.375,285.2,0,0,18,2022-01-18,2022
"419",2022-01-18 10:00:00,6.532,48.36,66.96,865.44,0.856,2.6,11.53,0,0,18,2022-01-18,2022
"420",2022-01-18 11:00:00,4.698,56.76,5.286,865.7,0.474,1.875,141.6,0,0,18,2022-01-18,2022
"421",2022-01-18 12:00:00,3.802,60.89,0,865.84,0.23,0.862,138.4,0,0,18,2022-01-18,2022
"422",2022-01-18 13:00:00,3.441,60.69,0,866.28,0.438,1.325,156.9,0,0,18,2022-01-18,2022
"423",2022-01-18 14:00:00,2.752,64.74,0,866.44,0.671,1.425,144.8,0,0,18,2022-01-18,2022
"424",2022-01-18 15:00:00,2.196,67.54,0,866.63,0.589,1.312,151,0,0,18,2022-01-18,2022
"425",2022-01-18 16:00:00,1.195,72.4,0,866.74,0.23,0.937,154.8,0,0,18,2022-01-18,2022
"426",2022-01-18 17:00:00,0.797,74,0,867.11,0.373,1.187,148.8,0,0,18,2022-01-18,2022
"427",2022-01-18 18:00:00,0.159,76,0,867.16,0.23,0.65,139.6,0,0,18,2022-01-18,2022
"428",2022-01-18 19:00:00,-0.705,79.3,0,867.34,0.244,0.8,90.9,0,0,18,2022-01-18,2022
"429",2022-01-18 20:00:00,-0.943,80.4,0,867.59,0.217,0.812,89.6,0,0,18,2022-01-18,2022
"430",2022-01-18 21:00:00,-1.14,80.3,0,868.02,0.289,1.15,133.5,0,0,18,2022-01-18,2022
"431",2022-01-18 22:00:00,-1.919,83,0,868.07,0.254,0.737,99.9,0,0,18,2022-01-18,2022
"432",2022-01-18 23:00:00,-1.595,82.2,0,868.34,0.34,1.225,128,0,0,18,2022-01-18,2022
"433",2022-01-19,-2.116,84.6,0,868.64,0.227,0.75,4.523,0,0,19,2022-01-19,2022
"434",2022-01-19 01:00:00,-2.342,85.4,10.64,869.02,0.2,0.2,96.3,0,0,19,2022-01-19,2022
"435",2022-01-19 02:00:00,-1.8,85.3,121.3,869.6,0.2,0.2,148.6,0,0,19,2022-01-19,2022
"436",2022-01-19 03:00:00,-0.721,82.5,234,870.24,0.207,0.462,101.6,0,0,19,2022-01-19,2022
"437",2022-01-19 04:00:00,2.926,63.98,766,870.77,0.359,1.187,355.3,0,0,19,2022-01-19,2022
"438",2022-01-19 05:00:00,4.73,56.49,947,870.73,0.468,1.375,295.1,0,0,19,2022-01-19,2022
"439",2022-01-19 06:00:00,6.904,49.9,1005,870.12,0.462,1.25,289.6,0,0,19,2022-01-19,2022
"440",2022-01-19 07:00:00,7.73,46.81,952,869.51,0.93,1.975,348.2,0,0,19,2022-01-19,2022
"441",2022-01-19 08:00:00,9.22,40.85,785,869.02,0.657,1.637,316.6,0,0,19,2022-01-19,2022
"442",2022-01-19 09:00:00,9.49,39.84,519.2,869.19,0.851,1.65,278.8,0,0,19,2022-01-19,2022
"443",2022-01-19 10:00:00,7.82,43.36,135.1,869.47,0.685,1.637,204,0,0,19,2022-01-19,2022
"444",2022-01-19 11:00:00,5.39,51.94,8.71,869.66,1.315,2.412,170.5,0,0,19,2022-01-19,2022
"445",2022-01-19 12:00:00,4.234,54.61,0,870.06,0.773,2.375,149.7,0,0,19,2022-01-19,2022
"446",2022-01-19 13:00:00,3.099,59.33,0,870.74,0.504,1.875,146.5,0,0,19,2022-01-19,2022
"447",2022-01-19 14:00:00,2.981,59.5,0,871.6,0.935,2.45,164,0,0,19,2022-01-19,2022
"448",2022-01-19 15:00:00,2.993,59.68,0,871.94,1.023,2.362,154.7,0,0,19,2022-01-19,2022
"449",2022-01-19 16:00:00,1.684,64.65,0,872.62,1.471,2.837,148.3,0,0,19,2022-01-19,2022
"450",2022-01-19 17:00:00,1.353,65.47,0,873.23,0.517,1.437,115.4,0,0,19,2022-01-19,2022
"451",2022-01-19 18:00:00,1.82,63.75,0,873.32,0.274,0.987,156.6,0,0,19,2022-01-19,2022
"452",2022-01-19 19:00:00,0.873,65.97,0,873.57,1.165,2.587,152.2,0,0,19,2022-01-19,2022
"453",2022-01-19 20:00:00,0.141,68.4,0,874.19,1.859,2.962,164.9,0,0,19,2022-01-19,2022
"454",2022-01-19 21:00:00,-0.112,68.31,0,874.21,1.067,2.1,161.9,0,0,19,2022-01-19,2022
"455",2022-01-19 22:00:00,-0.39,69.37,0,874.61,1.007,2.35,159.2,0,0,19,2022-01-19,2022
"456",2022-01-19 23:00:00,-0.572,68.9,0,875.32,0.505,2.112,122.8,0,0,19,2022-01-19,2022
"457",2022-01-20,-0.834,68.17,0,875.73,0.978,2.35,153.7,0,0,20,2022-01-20,2022
"458",2022-01-20 01:00:00,-1.256,68.55,11.49,876,1.585,2.437,159.1,0,0,20,2022-01-20,2022
"459",2022-01-20 02:00:00,-1.057,67.94,61.68,876.41,1.629,3.025,151.6,0,0,20,2022-01-20,2022
"460",2022-01-20 03:00:00,0.302,64.28,190.3,876.76,0.364,1.287,93.9,0,0,20,2022-01-20,2022
"461",2022-01-20 04:00:00,4.488,48.59,783,877.04,0.65,1.675,350.6,0,0,20,2022-01-20,2022
"462",2022-01-20 05:00:00,5.702,44.07,956,876.53,0.841,1.637,321.4,0,0,20,2022-01-20,2022
"463",2022-01-20 06:00:00,6.998,40.58,1019,875.7,0.898,1.987,274.7,0,0,20,2022-01-20,2022
"464",2022-01-20 07:00:00,7.71,37.27,964,874.73,1.436,2.725,273,0,0,20,2022-01-20,2022
"465",2022-01-20 08:00:00,8.38,35.01,791,873.88,0.862,1.825,286.5,0,0,20,2022-01-20,2022
"466",2022-01-20 09:00:00,8.5,35.18,533.4,873.54,1.263,2.012,283.9,0,0,20,2022-01-20,2022
"467",2022-01-20 10:00:00,7.75,36.33,200.6,873.33,0.715,1.462,231.8,0,0,20,2022-01-20,2022
"468",2022-01-20 11:00:00,4.06,49,11.29,872.79,1.13,2.137,159.4,0,0,20,2022-01-20,2022
"469",2022-01-20 12:00:00,2.323,55,0,872.75,1.657,3.8,161.6,0,0,20,2022-01-20,2022
"470",2022-01-20 13:00:00,1.258,59.52,0,872.58,0.914,1.862,152.8,0,0,20,2022-01-20,2022
"471",2022-01-20 14:00:00,1.071,59.27,0,872.08,1.024,2.425,154,0,0,20,2022-01-20,2022
"472",2022-01-20 15:00:00,0.981,58.56,0,872.14,0.303,1.162,150.4,0,0,20,2022-01-20,2022
"473",2022-01-20 16:00:00,0.21,63.36,0,871.53,0.42,1.462,159.4,0,0,20,2022-01-20,2022
"474",2022-01-20 17:00:00,-0.159,64.88,0,870.85,0.309,1,107.5,0,0,20,2022-01-20,2022
"475",2022-01-20 18:00:00,-0.154,64.95,0,870.46,0.3,1.262,150.7,0,0,20,2022-01-20,2022
"476",2022-01-20 19:00:00,0.101,64.94,0,869.9,0.215,0.787,67.9,0,0,20,2022-01-20,2022
"477",2022-01-20 20:00:00,-0.39,70.6,0,869.61,0.246,1.05,137,0,0,20,2022-01-20,2022
"478",2022-01-20 21:00:00,0.252,68.33,0,869.27,0.222,0.825,131.7,0,0,20,2022-01-20,2022
"479",2022-01-20 22:00:00,0.387,67.84,0,868.77,0.227,0.887,134.1,0,0,20,2022-01-20,2022
"480",2022-01-20 23:00:00,-0.136,71.7,0,868.26,0.201,0.225,76.7,0,0,20,2022-01-20,2022
"481",2022-01-21,-0.006,71.7,0,868.38,0.549,2.425,140,0,0,21,2022-01-21,2022
"482",2022-01-21 01:00:00,0.208,71.9,3.289,868.74,0.307,1.425,186.3,0,0,21,2022-01-21,2022
"483",2022-01-21 02:00:00,0.079,80.4,30.04,870.22,0.911,2.512,180.8,0,0,21,2022-01-21,2022
"484",2022-01-21 03:00:00,-0.542,94.7,94.1,870.77,0.36,2.075,358.7,0,1.3695,21,2022-01-21,2022
"485",2022-01-21 04:00:00,0.681,93.6,219.7,871.14,0.2,0.2,345.5,1.8,0,21,2022-01-21,2022
"486",2022-01-21 05:00:00,1.284,89.2,380.5,871.36,0.2,0.2,264.1,0.2,1.6777,21,2022-01-21,2022
"487",2022-01-21 06:00:00,1.095,93.4,431.5,870.61,0.207,0.325,319.9,0,0.66115,21,2022-01-21,2022
"488",2022-01-21 07:00:00,2.486,91.3,870,869.5,0.888,2.9,331.9,0.1,0.00145,21,2022-01-21,2022
"489",2022-01-21 08:00:00,4.168,82.2,819,869.08,2.029,3.25,0.188,0,0,21,2022-01-21,2022
"490",2022-01-21 09:00:00,4.689,77.1,492.2,869.1,2.001,3.2,12.42,0,0,21,2022-01-21,2022
"491",2022-01-21 10:00:00,3.94,80.7,154.7,869,1.917,3.05,352.9,0,0,21,2022-01-21,2022
"492",2022-01-21 11:00:00,3.441,82.9,9.72,869.32,0.272,1.275,154.7,0,0,21,2022-01-21,2022
"493",2022-01-21 12:00:00,3.393,81.3,0,869.82,0.276,0.9,66.39,0,0,21,2022-01-21,2022
"494",2022-01-21 13:00:00,2.654,85.7,0,870.05,0.429,1.712,285,0,0,21,2022-01-21,2022
"495",2022-01-21 14:00:00,2.418,86.9,0,870.03,0.885,2.15,328.2,0,0,21,2022-01-21,2022
"496",2022-01-21 15:00:00,1.88,88.9,0,870.2,0.219,0.887,206.2,0,0,21,2022-01-21,2022
"497",2022-01-21 16:00:00,1.917,85,0,870.34,0.328,1.375,243.6,0,0,21,2022-01-21,2022
"498",2022-01-21 17:00:00,1.748,81.1,0,870.66,0.582,1.9,192.2,0,0,21,2022-01-21,2022
"499",2022-01-21 18:00:00,1.498,77.5,0,871.08,1.251,2.65,156,0,0,21,2022-01-21,2022
"500",2022-01-21 19:00:00,0.546,80.2,0,871.28,1.721,2.862,152.8,0,0,21,2022-01-21,2022
"501",2022-01-21 20:00:00,0.349,81.8,0,871.67,0.934,1.787,163,0,0,21,2022-01-21,2022
"502",2022-01-21 21:00:00,0.211,81.9,0,871.88,0.597,1.575,153.4,0,0,21,2022-01-21,2022
"503",2022-01-21 22:00:00,-0.501,83.5,0,872.1,1.003,1.725,147.3,0,0,21,2022-01-21,2022
"504",2022-01-21 23:00:00,-0.937,83.7,0,872.55,0.719,1.937,151.7,0,0,21,2022-01-21,2022
"505",2022-01-22,-0.828,83.3,0,873.11,0.51,1.537,133.1,0,0,22,2022-01-22,2022
"506",2022-01-22 01:00:00,-1.379,84,12.47,873.51,0.908,2.562,162.5,0,0,22,2022-01-22,2022
"507",2022-01-22 02:00:00,-1.555,85.3,65.28,874.17,0.895,2.012,147.3,0,0,22,2022-01-22,2022
"508",2022-01-22 03:00:00,-0.08,82.8,208.7,874.72,0.515,1.037,116.9,0,0,22,2022-01-22,2022
"509",2022-01-22 04:00:00,3.793,67.67,792,875.3,0.396,1.375,2.692,0,0,22,2022-01-22,2022
"510",2022-01-22 05:00:00,5.04,64.22,967,875.42,0.491,1.325,355.7,0,0,22,2022-01-22,2022
"511",2022-01-22 06:00:00,6.075,60.05,1031,874.65,1.265,2.05,354.1,0,0,22,2022-01-22,2022
"512",2022-01-22 07:00:00,7.08,57.27,978,873.83,1.194,2.35,358.7,0,0,22,2022-01-22,2022
"513",2022-01-22 08:00:00,8.24,51.58,811,873.44,1.089,2.262,356.2,0,0,22,2022-01-22,2022
"514",2022-01-22 09:00:00,8.54,48.28,549.3,873.35,1.433,2.687,28.25,0,0,22,2022-01-22,2022
"515",2022-01-22 10:00:00,8.07,48.72,216.1,873.33,1.432,2.65,16.15,0,0,22,2022-01-22,2022
"516",2022-01-22 11:00:00,5.93,56.92,12.99,873.37,1.214,2.85,67.16,0,0,22,2022-01-22,2022
"517",2022-01-22 12:00:00,3.409,67.2,0,873.27,1.571,2.75,153.4,0,0,22,2022-01-22,2022
"518",2022-01-22 13:00:00,2.55,71.1,0,873.52,1.197,1.787,154.5,0,0,22,2022-01-22,2022
"519",2022-01-22 14:00:00,2.213,72.2,0,873.81,0.586,2.087,140.4,0,0,22,2022-01-22,2022
"520",2022-01-22 15:00:00,1.646,74.6,0,874.17,1.101,3.4,151.7,0,0,22,2022-01-22,2022
"521",2022-01-22 16:00:00,1.798,73.2,0,874.45,1.282,2.887,165.3,0,0,22,2022-01-22,2022
"522",2022-01-22 17:00:00,1.461,72.9,0,874.62,1.314,3.625,155.6,0,0,22,2022-01-22,2022
"523",2022-01-22 18:00:00,0.755,73.8,0,874.67,1.528,2.7,159.2,0,0,22,2022-01-22,2022
"524",2022-01-22 19:00:00,0.314,73.9,0,874.62,1.195,2,161.7,0,0,22,2022-01-22,2022
"525",2022-01-22 20:00:00,-0.245,74.2,0,874.77,1.441,2.75,154.9,0,0,22,2022-01-22,2022
"526",2022-01-22 21:00:00,-0.913,77.6,0,874.71,0.648,2.662,143.3,0,0,22,2022-01-22,2022
"527",2022-01-22 22:00:00,-1.278,77.2,0,874.18,0.991,2.462,153.8,0,0,22,2022-01-22,2022
"528",2022-01-22 23:00:00,-1.796,80,0,874.35,0.471,2.025,119.5,0,0,22,2022-01-22,2022
"529",2022-01-23,-2.664,85,0,874.51,0.28,0.937,152,0,0,23,2022-01-23,2022
"530",2022-01-23 01:00:00,-2.297,82.8,12.92,874.39,0.692,2.287,161.5,0,0,23,2022-01-23,2022
"531",2022-01-23 02:00:00,-2.149,82.9,61.9,874.66,0.224,0.812,143.2,0,0,23,2022-01-23,2022
"532",2022-01-23 03:00:00,-1.908,83.7,215.2,874.96,0.2,0.2,59.43,0,0,23,2022-01-23,2022
"533",2022-01-23 04:00:00,3.039,64.34,811,874.76,0.276,0.9,238,0,0,23,2022-01-23,2022
"534",2022-01-23 05:00:00,4.927,58.04,950,874.25,0.396,1.462,291.5,0,0,23,2022-01-23,2022
"535",2022-01-23 06:00:00,6.896,52.13,1039,873.31,0.61,1.662,149.1,0,0,23,2022-01-23,2022
"536",2022-01-23 07:00:00,7.93,49.44,1000,872.11,0.907,2.087,284.8,0,0,23,2022-01-23,2022
"537",2022-01-23 08:00:00,8.51,46.12,831,871.41,1.329,2.237,279.6,0,0,23,2022-01-23,2022
"538",2022-01-23 09:00:00,9.03,42.12,566.8,870.99,1.03,1.85,258.9,0,0,23,2022-01-23,2022
"539",2022-01-23 10:00:00,8.19,42.82,229.2,870.67,0.742,1.962,210.9,0,0,23,2022-01-23,2022
"540",2022-01-23 11:00:00,4.642,55.69,14.09,870.33,1.341,2.262,161,0,0,23,2022-01-23,2022
"541",2022-01-23 12:00:00,3.346,61.24,0,870.38,1.256,2.475,153.1,0,0,23,2022-01-23,2022
"542",2022-01-23 13:00:00,2.07,67,0,870.34,1.053,2.9,144.6,0,0,23,2022-01-23,2022
"543",2022-01-23 14:00:00,1.488,68.86,0,870.36,1.386,3,149.2,0,0,23,2022-01-23,2022
"544",2022-01-23 15:00:00,1.035,69.77,0,870.21,1.217,2.287,145,0,0,23,2022-01-23,2022
"545",2022-01-23 16:00:00,0.401,72.8,0,870.08,0.544,1.512,157.6,0,0,23,2022-01-23,2022
"546",2022-01-23 17:00:00,-0.239,75.3,0,869.95,0.335,1.325,162.7,0,0,23,2022-01-23,2022
"547",2022-01-23 18:00:00,-0.597,76.8,0,869.46,0.203,0.262,112.5,0,0,23,2022-01-23,2022
"548",2022-01-23 19:00:00,-1.174,78.5,0,868.7,0.204,0.375,157.9,0,0,23,2022-01-23,2022
"549",2022-01-23 20:00:00,-1.83,81,0,868.53,0.498,1.337,173.2,0,0,23,2022-01-23,2022
"550",2022-01-23 21:00:00,-1.709,79.3,0,868.4,0.396,1.1,140.2,0,0,23,2022-01-23,2022
"551",2022-01-23 22:00:00,-2.821,83.7,0,868.04,0.473,1.325,114.7,0,0,23,2022-01-23,2022
"552",2022-01-23 23:00:00,-3.165,85.4,0,867.81,0.285,0.862,121,0,0,23,2022-01-23,2022
"553",2022-01-24,-2.851,85,0,868.1,0.44,1.075,133.9,0,0,24,2022-01-24,2022
"554",2022-01-24 01:00:00,-3.372,85.5,13.51,868.09,0.465,2.125,126.1,0,0,24,2022-01-24,2022
"555",2022-01-24 02:00:00,-3.66,87.6,62.44,868.01,0.334,1.25,141.5,0,0,24,2022-01-24,2022
"556",2022-01-24 03:00:00,-2.433,84.5,223,868.02,0.206,0.437,90.4,0,0,24,2022-01-24,2022
"557",2022-01-24 04:00:00,2.191,67.81,818,868.2,0.357,1.587,200.4,0,0,24,2022-01-24,2022
"558",2022-01-24 05:00:00,4.31,60.24,996,867.99,0.46,1.425,296.7,0,0,24,2022-01-24,2022
"559",2022-01-24 06:00:00,6.657,49.62,1062,866.81,0.634,1.587,44.23,0,0,24,2022-01-24,2022
"560",2022-01-24 07:00:00,8.11,44.31,1021,865.91,0.928,2.025,288,0,0,24,2022-01-24,2022
"561",2022-01-24 08:00:00,9.12,39.55,785,865.17,0.804,2.562,302.9,0,0,24,2022-01-24,2022
"562",2022-01-24 09:00:00,9.04,37.41,486.7,864.69,1.016,2.275,291.7,0,0,24,2022-01-24,2022
"563",2022-01-24 10:00:00,8.29,36.27,190.4,864.42,0.352,1.262,338.3,0,0,24,2022-01-24,2022
"564",2022-01-24 11:00:00,5.942,43.68,16.38,863.94,0.819,1.75,154,0,0,24,2022-01-24,2022
"565",2022-01-24 12:00:00,4.964,44.7,0,863.67,1.165,2.25,139.9,0,0,24,2022-01-24,2022
"566",2022-01-24 13:00:00,4.251,46.95,0,863.54,0.925,1.712,136.1,0,0,24,2022-01-24,2022
"567",2022-01-24 14:00:00,3.153,52.06,0,863.39,0.876,2.275,130.8,0,0,24,2022-01-24,2022
"568",2022-01-24 15:00:00,1.573,58.85,0,863.08,0.72,1.8,150.1,0,0,24,2022-01-24,2022
"569",2022-01-24 16:00:00,1.314,61.66,0,863.02,0.66,1.425,102.5,0,0,24,2022-01-24,2022
"570",2022-01-24 17:00:00,1.296,62.87,0,863.06,0.412,1.612,119.1,0,0,24,2022-01-24,2022
"571",2022-01-24 18:00:00,0.779,63.1,0,862.99,0.527,1.962,89.8,0,0,24,2022-01-24,2022
"572",2022-01-24 19:00:00,-0.124,69.37,0,862.72,0.239,0.825,161.7,0,0,24,2022-01-24,2022
"573",2022-01-24 20:00:00,-0.08,70.8,0,862.89,0.611,1.837,159.1,0,0,24,2022-01-24,2022
"574",2022-01-24 21:00:00,-0.53,73.5,0,862.95,0.364,1.925,109.8,0,0,24,2022-01-24,2022
"575",2022-01-24 22:00:00,-0.367,73.6,0,862.81,0.212,0.612,136.9,0,0,24,2022-01-24,2022
"576",2022-01-24 23:00:00,-0.584,77.1,0,863.2,0.257,1.187,121.4,0,0,24,2022-01-24,2022
"577",2022-01-25,0.174,72.2,0,863.87,0.328,1.725,154.4,0,0,25,2022-01-25,2022
"578",2022-01-25 01:00:00,0.381,73.2,7.11,864.47,0.435,1.962,20.07,0,0,25,2022-01-25,2022
"579",2022-01-25 02:00:00,1.31,68.96,80.6,865.04,0.565,1.9,239.1,0,0,25,2022-01-25,2022
"580",2022-01-25 03:00:00,1.76,66.16,149.5,865.85,0.367,1.662,23.76,0,0,25,2022-01-25,2022
"581",2022-01-25 04:00:00,4.508,53.25,666.2,866.57,2.852,5.075,24.33,0,0,25,2022-01-25,2022
"582",2022-01-25 05:00:00,5.712,48.6,974,866.9,4.203,5.987,27.59,0,0,25,2022-01-25,2022
"583",2022-01-25 06:00:00,5.885,46.64,890,866.78,3.792,5.437,19.55,0,0,25,2022-01-25,2022
"584",2022-01-25 07:00:00,6.313,43.7,883,866.49,3.864,6.137,31.9,0,0,25,2022-01-25,2022
"585",2022-01-25 08:00:00,6.837,41.99,824,866.38,3.878,5.662,22.61,0,0,25,2022-01-25,2022
"586",2022-01-25 09:00:00,6.543,41.91,572.6,866.6,4.34,5.875,10.15,0,0,25,2022-01-25,2022
"587",2022-01-25 10:00:00,5.876,42.85,245.8,867.11,3.745,5.837,13.6,0,0,25,2022-01-25,2022
"588",2022-01-25 11:00:00,4.349,44.73,15.95,867.58,3.959,5.975,3.999,0,0,25,2022-01-25,2022
"589",2022-01-25 12:00:00,3.254,45.83,0,868.3,2.831,5.75,1.998,0,0,25,2022-01-25,2022
"590",2022-01-25 13:00:00,2.646,47.52,0,869.02,3.026,5.887,19.58,0,0,25,2022-01-25,2022
"591",2022-01-25 14:00:00,2.061,49.66,0,869.29,2.917,5.35,12.17,0,0,25,2022-01-25,2022
"592",2022-01-25 15:00:00,1.421,51.47,0,869.8,2.375,5.512,11.94,0,0,25,2022-01-25,2022
"593",2022-01-25 16:00:00,1.359,50.08,0,870.08,2.566,4.35,20.14,0,0,25,2022-01-25,2022
"594",2022-01-25 17:00:00,0.613,52.77,0,870.21,1.637,3.162,352.4,0,0,25,2022-01-25,2022
"595",2022-01-25 18:00:00,-0.137,54.65,0,870.12,1.076,4.912,346.4,0,0,25,2022-01-25,2022
"596",2022-01-25 19:00:00,-0.982,56.99,0,870.29,0.786,2.35,176.3,0,0,25,2022-01-25,2022
"597",2022-01-25 20:00:00,-2.475,63.51,0,870.62,1.759,2.987,154.7,0,0,25,2022-01-25,2022
"598",2022-01-25 21:00:00,-2.696,63.89,0,870.74,1.733,3.112,152.2,0,0,25,2022-01-25,2022
"599",2022-01-25 22:00:00,-3.393,66.54,0,871.01,0.713,2.012,156,0,0,25,2022-01-25,2022
"600",2022-01-25 23:00:00,-3.644,66.73,0,871.3,0.83,1.8,147.4,0,0,25,2022-01-25,2022
"601",2022-01-26,-4.189,68.91,0,871.76,0.64,1.775,162.1,0,0,26,2022-01-26,2022
"602",2022-01-26 01:00:00,-4.528,69.34,14.14,872.2,0.927,2.687,162.8,0,0,26,2022-01-26,2022
"603",2022-01-26 02:00:00,-4.321,68.92,61.27,872.55,0.284,1.125,147.2,0,0,26,2022-01-26,2022
"604",2022-01-26 03:00:00,-3.143,64.79,229.7,873,0.201,0.275,79.2,0,0,26,2022-01-26,2022
"605",2022-01-26 04:00:00,1.668,46.58,835,873.1,0.228,0.575,356.3,0,0,26,2022-01-26,2022
"606",2022-01-26 05:00:00,4.029,36.68,1013,873.08,0.758,2.487,111,0,0,26,2022-01-26,2022
"607",2022-01-26 06:00:00,4.404,36.63,1077,872.46,1.173,2.912,300.7,0,0,26,2022-01-26,2022
"608",2022-01-26 07:00:00,5.723,32.69,1028,871.59,0.618,2.1,303.8,0,0,26,2022-01-26,2022
"609",2022-01-26 08:00:00,6.917,29.6,860,870.96,0.672,1.725,243.8,0,0,26,2022-01-26,2022
"610",2022-01-26 09:00:00,7.32,27.13,592.9,870.85,0.494,1.387,267.2,0,0,26,2022-01-26,2022
"611",2022-01-26 10:00:00,6.715,28.2,255.9,870.83,0.311,1.362,227.2,0,0,26,2022-01-26,2022
"612",2022-01-26 11:00:00,3.244,37.22,16.55,871.04,0.983,2.375,143.5,0,0,26,2022-01-26,2022
"613",2022-01-26 12:00:00,0.352,48.07,0,871.23,1.049,2.462,159.6,0,0,26,2022-01-26,2022
"614",2022-01-26 13:00:00,-0.356,51.36,0,871.55,1.652,2.687,158.7,0,0,26,2022-01-26,2022
"615",2022-01-26 14:00:00,-0.917,53.51,0,871.54,1.248,2.237,155.4,0,0,26,2022-01-26,2022
"616",2022-01-26 15:00:00,-1.496,53.46,0,871.43,1.182,2.4,148.5,0,0,26,2022-01-26,2022
"617",2022-01-26 16:00:00,-1.86,54.48,0,871.72,0.363,1.5,111.9,0,0,26,2022-01-26,2022
"618",2022-01-26 17:00:00,-2.593,57.98,0,872.06,0.201,0.25,120.5,0,0,26,2022-01-26,2022
"619",2022-01-26 18:00:00,-2.127,56.7,0,871.88,0.384,1.487,154.9,0,0,26,2022-01-26,2022
"620",2022-01-26 19:00:00,-2.877,59.95,0,871.71,0.212,0.487,91.7,0,0,26,2022-01-26,2022
"621",2022-01-26 20:00:00,-2.892,60.72,0,871.88,0.227,0.612,138.2,0,0,26,2022-01-26,2022
"622",2022-01-26 21:00:00,-4.078,66.96,0,871.67,0.314,1.437,130.7,0,0,26,2022-01-26,2022
"623",2022-01-26 22:00:00,-4.444,67.67,0,871.47,0.2,0.225,165.3,0,0,26,2022-01-26,2022
"624",2022-01-26 23:00:00,-4.388,67.7,0,871.29,0.375,0.987,146.7,0,0,26,2022-01-26,2022
"625",2022-01-27,-5.114,70.4,0,871.72,0.444,1.162,137,0,0,27,2022-01-27,2022
"626",2022-01-27 01:00:00,-5.664,74.4,14.9,872.67,0.572,1.487,131.1,0,0,27,2022-01-27,2022
"627",2022-01-27 02:00:00,-4.983,72.9,65.28,873.58,0.354,1,107.4,0,0,27,2022-01-27,2022
"628",2022-01-27 03:00:00,-4.15,71.4,153.1,874.35,0.364,0.875,152.2,0,0,27,2022-01-27,2022
"629",2022-01-27 04:00:00,-0.827,62.06,506.7,875.1,0.534,1.6,323.3,0,0,27,2022-01-27,2022
"630",2022-01-27 05:00:00,1.145,55.5,634.8,875.87,0.294,1.412,290.5,0,0,27,2022-01-27,2022
"631",2022-01-27 06:00:00,3.168,45.57,695.6,875.92,0.874,2.275,322.4,0,0,27,2022-01-27,2022
"632",2022-01-27 07:00:00,4.429,33.95,979,876.02,3.783,5.562,29.14,0,0,27,2022-01-27,2022
"633",2022-01-27 08:00:00,4.688,35.36,849,876.36,4.514,7.27,8.88,0,0,27,2022-01-27,2022
"634",2022-01-27 09:00:00,4.302,36.5,586.7,877.28,4.54,6.525,26.22,0,0,27,2022-01-27,2022
"635",2022-01-27 10:00:00,3.89,37.28,258.5,878.35,4.307,6.875,21.82,0,0,27,2022-01-27,2022
"636",2022-01-27 11:00:00,2.442,42.23,17.75,879.01,2.679,4.6,2.299,0,0,27,2022-01-27,2022
"637",2022-01-27 12:00:00,1.689,43.87,0,879.67,1.358,3.225,358.9,0,0,27,2022-01-27,2022
"638",2022-01-27 13:00:00,1.052,45.07,0,880.42,1.033,2.7,351.3,0,0,27,2022-01-27,2022
"639",2022-01-27 14:00:00,1.373,42.63,0,880.73,2.617,5.45,34.37,0,0,27,2022-01-27,2022
"640",2022-01-27 15:00:00,0.208,47.93,0,881.17,1.206,3.612,350.6,0,0,27,2022-01-27,2022
"641",2022-01-27 16:00:00,-0.958,52.37,0,881.99,0.204,0.375,184.5,0,0,27,2022-01-27,2022
"642",2022-01-27 17:00:00,-2.038,55.93,0,882.66,0.651,2.487,141.8,0,0,27,2022-01-27,2022
"643",2022-01-27 18:00:00,-3.483,58.55,0,882.84,1.215,2.312,155.3,0,0,27,2022-01-27,2022
"644",2022-01-27 19:00:00,-4.113,59.36,0,882.93,1.175,2.9,155.3,0,0,27,2022-01-27,2022
"645",2022-01-27 20:00:00,-4.589,58.69,0,883.26,1.097,2.05,144.6,0,0,27,2022-01-27,2022
"646",2022-01-27 21:00:00,-5.198,60.32,0,883.46,0.429,1.05,153.8,0,0,27,2022-01-27,2022
"647",2022-01-27 22:00:00,-5.518,59.11,0,883.44,0.817,1.687,151.7,0,0,27,2022-01-27,2022
"648",2022-01-27 23:00:00,-5.828,61.2,0,883.63,0.605,1.387,149.4,0,0,27,2022-01-27,2022
"649",2022-01-28,-5.856,64.91,0,884.2,0.415,1.262,95.6,0,0,28,2022-01-28,2022
"650",2022-01-28 01:00:00,-6.34,67.36,15.66,884.59,0.431,1.312,146.9,0,0,28,2022-01-28,2022
"651",2022-01-28 02:00:00,-6.258,69.01,62.65,885.09,0.216,0.55,175.7,0,0,28,2022-01-28,2022
"652",2022-01-28 03:00:00,-4.848,65.46,221,885.42,0.375,0.875,93.1,0,0,28,2022-01-28,2022
"653",2022-01-28 04:00:00,0.07,48.57,849,885.72,0.62,1.525,148.7,0,0,28,2022-01-28,2022
"654",2022-01-28 05:00:00,2.124,42.4,1028,885.56,0.668,2.587,293.5,0,0,28,2022-01-28,2022
"655",2022-01-28 06:00:00,3.416,38.18,1094,884.5,1.016,1.912,353.6,0,0,28,2022-01-28,2022
"656",2022-01-28 07:00:00,4.479,35.99,1042,883.48,1.072,2.375,312.4,0,0,28,2022-01-28,2022
"657",2022-01-28 08:00:00,5.38,33.45,874,882.69,1.141,2.062,354.7,0,0,28,2022-01-28,2022
"658",2022-01-28 09:00:00,5.788,32.58,605.9,882.12,1.592,2.487,14.26,0,0,28,2022-01-28,2022
"659",2022-01-28 10:00:00,5.822,30.13,271.9,881.76,0.922,2.362,154.4,0,0,28,2022-01-28,2022
"660",2022-01-28 11:00:00,2.25,40.77,18.78,881.45,1.225,2.262,160.4,0,0,28,2022-01-28,2022
"661",2022-01-28 12:00:00,0.117,46.87,0,881.5,1.15,1.725,157.4,0,0,28,2022-01-28,2022
"662",2022-01-28 13:00:00,-1.188,50.47,0,881.62,1.382,2.45,157.2,0,0,28,2022-01-28,2022
"663",2022-01-28 14:00:00,-1.954,53.14,0,881.56,1.614,2.562,149.7,0,0,28,2022-01-28,2022
"664",2022-01-28 15:00:00,-2.384,53.64,0,881.42,0.909,2,152,0,0,28,2022-01-28,2022
"665",2022-01-28 16:00:00,-3.043,55.37,0,881.19,1.113,2.075,155.3,0,0,28,2022-01-28,2022
"666",2022-01-28 17:00:00,-3.365,56.52,0,880.97,0.752,1.487,151.9,0,0,28,2022-01-28,2022
"667",2022-01-28 18:00:00,-3.351,56.64,0,880.64,0.616,1.325,126.3,0,0,28,2022-01-28,2022
"668",2022-01-28 19:00:00,-4.385,60.47,0,880.42,0.608,1.925,174,0,0,28,2022-01-28,2022
"669",2022-01-28 20:00:00,-5.005,64.1,0,880.24,0.384,1.112,39.75,0,0,28,2022-01-28,2022
"670",2022-01-28 21:00:00,-5.949,68.69,0,879.84,0.214,0.375,56.82,0,0,28,2022-01-28,2022
"671",2022-01-28 22:00:00,-5.67,66.85,0,879.36,0.255,0.712,146.9,0,0,28,2022-01-28,2022
"672",2022-01-28 23:00:00,-6.24,68.86,0,879.13,0.451,1.325,146.6,0,0,28,2022-01-28,2022
"673",2022-01-29,-7.2,73.8,0,879.46,0.361,1.487,152.4,0,0,29,2022-01-29,2022
"674",2022-01-29 01:00:00,-7.06,72.2,16.08,879.64,0.362,1.35,184.9,0,0,29,2022-01-29,2022
"675",2022-01-29 02:00:00,-6.68,72.4,63.12,879.6,0.263,0.737,150,0,0,29,2022-01-29,2022
"676",2022-01-29 03:00:00,-5.278,68.16,215.4,879.59,0.24,0.737,97.8,0,0,29,2022-01-29,2022
"677",2022-01-29 04:00:00,0.495,48.72,852,879.37,0.329,0.912,269.1,0,0.01905,29,2022-01-29,2022
"678",2022-01-29 05:00:00,2.427,41.57,1031,878.61,0.816,1.937,9.33,0,0.14785,29,2022-01-29,2022
"679",2022-01-29 06:00:00,3.882,36.09,1096,877.52,1.141,2.412,275,0,0,29,2022-01-29,2022
"680",2022-01-29 07:00:00,4.976,29.97,1045,876.3,1.533,2.687,272.9,0,0,29,2022-01-29,2022
"681",2022-01-29 08:00:00,5.875,28.63,878,875.31,1.585,3.1,280.5,0,0,29,2022-01-29,2022
"682",2022-01-29 09:00:00,6.868,26.57,611.5,874.67,0.998,1.825,236.2,0,0,29,2022-01-29,2022
"683",2022-01-29 10:00:00,6.304,27.53,279.3,874.02,1.179,2,226.6,0,0,29,2022-01-29,2022
"684",2022-01-29 11:00:00,2.528,37.98,19.3,873.74,1.171,2.337,160.6,0,0,29,2022-01-29,2022
"685",2022-01-29 12:00:00,0.738,42.69,0,873.28,1.29,2.187,153.5,0,0,29,2022-01-29,2022
"686",2022-01-29 13:00:00,-0.489,46.91,0,873.09,1.286,2.037,150.8,0,0,29,2022-01-29,2022
"687",2022-01-29 14:00:00,-1.276,49.55,0,872.62,1.031,1.937,151,0,0,29,2022-01-29,2022
"688",2022-01-29 15:00:00,-2.14,52.87,0,872.38,1.621,2.162,149.2,0,0,29,2022-01-29,2022
"689",2022-01-29 16:00:00,-2.498,53.75,0,872.41,1.168,1.887,147.7,0,0,29,2022-01-29,2022
"690",2022-01-29 17:00:00,-3.245,56.43,0,872.19,0.848,1.912,138.4,0,0,29,2022-01-29,2022
"691",2022-01-29 18:00:00,-3.841,58.7,0,872.06,0.63,1.437,163.5,0,0,29,2022-01-29,2022
"692",2022-01-29 19:00:00,-3.848,58.27,0,872.05,1.011,1.962,139.7,0,0,29,2022-01-29,2022
"693",2022-01-29 20:00:00,-5.009,64.38,0,871.95,0.403,1.175,50.93,0,0,29,2022-01-29,2022
"694",2022-01-29 21:00:00,-5.538,67.1,0,871.74,0.451,1.237,105.8,0,0,29,2022-01-29,2022
"695",2022-01-29 22:00:00,-5.665,65.76,0,871.67,0.932,2.2,141.6,0,0,29,2022-01-29,2022
"696",2022-01-29 23:00:00,-6.205,67.47,0,871.46,0.639,1.137,125.7,0,0,29,2022-01-29,2022
"697",2022-01-30,-7.09,72.3,0,871.43,0.389,1.25,59.03,0,0,30,2022-01-30,2022
"698",2022-01-30 01:00:00,-6.83,71.7,16.43,871.75,0.701,1.937,177.5,0,0,30,2022-01-30,2022
"699",2022-01-30 02:00:00,-6.112,69,62.95,871.86,0.456,1.162,141.9,0,0,30,2022-01-30,2022
"700",2022-01-30 03:00:00,-5.31,66.93,211.3,871.85,0.443,1.25,50.01,0,0,30,2022-01-30,2022
"701",2022-01-30 04:00:00,0.723,47.79,860,872.3,0.399,1.1,331.1,0,0,30,2022-01-30,2022
"702",2022-01-30 05:00:00,2.932,42.52,1040,872.01,0.604,1.412,317,0,0.13119,30,2022-01-30,2022
"703",2022-01-30 06:00:00,5.576,34.11,1110,871,0.77,1.737,311.7,0,0,30,2022-01-30,2022
"704",2022-01-30 07:00:00,7.12,30.83,1059,870.21,0.949,1.95,207.6,0,0,30,2022-01-30,2022
"705",2022-01-30 08:00:00,7.98,28.83,890,869.59,1.232,2.312,276.1,0,0,30,2022-01-30,2022
"706",2022-01-30 09:00:00,8.68,26.92,622.1,869.4,1.079,2.175,271.2,0,0,30,2022-01-30,2022
"707",2022-01-30 10:00:00,8.74,26.3,291.5,869.37,0.721,2.212,234.2,0,0,30,2022-01-30,2022
"708",2022-01-30 11:00:00,3.979,36.68,20.59,869.36,1.341,2.487,163.6,0,0,30,2022-01-30,2022
"709",2022-01-30 12:00:00,2.238,41.33,0,869.25,1.128,1.925,155.6,0,0,30,2022-01-30,2022
"710",2022-01-30 13:00:00,0.663,46.97,0,869.24,1.514,2.737,149.2,0,0,30,2022-01-30,2022
"711",2022-01-30 14:00:00,-0.281,49.76,0,869.71,1.348,1.825,153.9,0,0,30,2022-01-30,2022
"712",2022-01-30 15:00:00,-0.84,51.44,0,869.79,1.274,2.337,151.8,0,0,30,2022-01-30,2022
"713",2022-01-30 16:00:00,-1.166,51.67,0,869.83,0.82,1.525,162.4,0,0,30,2022-01-30,2022
"714",2022-01-30 17:00:00,-1.724,53.41,0,870.08,0.539,1.262,149.8,0,0,30,2022-01-30,2022
"715",2022-01-30 18:00:00,-2.515,56.34,0,869.83,0.624,1.387,128.1,0,0,30,2022-01-30,2022
"716",2022-01-30 19:00:00,-3.912,62.15,0,869.86,0.559,1.462,119.2,0,0,30,2022-01-30,2022
"717",2022-01-30 20:00:00,-3.99,62.01,0,869.51,0.252,0.712,106.6,0,0,30,2022-01-30,2022
"718",2022-01-30 21:00:00,-4.249,63.47,0,869.34,0.337,1.125,139.4,0,0,30,2022-01-30,2022
"719",2022-01-30 22:00:00,-5.063,66.89,0,868.8,0.324,1.187,122.6,0,0,30,2022-01-30,2022
"720",2022-01-30 23:00:00,-5.153,66.59,0,868.83,0.622,1.462,136.3,0,0,30,2022-01-30,2022
"721",2022-01-31,-5.993,69.16,0,868.67,0.881,1.537,159.1,0,0,31,2022-01-31,2022
"722",2022-01-31 01:00:00,-6.295,71.4,21.75,869.04,0.561,1.737,136.5,0,0,31,2022-01-31,2022
"723",2022-01-31 02:00:00,-5.346,69.1,149.7,869.02,0.593,2.012,156.2,0,0,31,2022-01-31,2022
"724",2022-01-31 03:00:00,-2.875,63.14,300.1,868.64,0.372,1.2,191.7,0,0,31,2022-01-31,2022
"725",2022-01-31 04:00:00,-1.161,60.13,497.8,868.4,1.018,2.375,350.2,0,0.1555,31,2022-01-31,2022
"726",2022-01-31 05:00:00,0.353,52.71,581.7,867.53,0.829,1.637,305.5,0,0.14932,31,2022-01-31,2022
"727",2022-01-31 06:00:00,4.27,37.4,1124,866.25,0.85,2.112,296.9,0,0,31,2022-01-31,2022
"728",2022-01-31 07:00:00,5.827,33.01,1066,865.04,0.965,1.8,348,0,0,31,2022-01-31,2022
"729",2022-01-31 08:00:00,7.41,30.44,898,864.09,1.09,1.962,329.9,0,0,31,2022-01-31,2022
"730",2022-01-31 09:00:00,8.42,28.65,630.3,863.11,1.131,2,302.1,0,0,31,2022-01-31,2022
"731",2022-01-31 10:00:00,8.41,29.04,299,862.93,0.757,1.437,249,0,0,31,2022-01-31,2022
"732",2022-01-31 11:00:00,4.222,37.21,19.6,863.01,1.508,2.162,156.5,0,0,31,2022-01-31,2022
"733",2022-01-31 12:00:00,2.151,42.91,0,863.11,1.732,2.962,160.2,0,0,31,2022-01-31,2022
"734",2022-01-31 13:00:00,1.444,45.5,0,863.45,1.682,3.825,149.6,0,0,31,2022-01-31,2022
"735",2022-01-31 14:00:00,0.411,49.08,0,863.41,0.945,2.687,149.5,0,0,31,2022-01-31,2022
"736",2022-01-31 15:00:00,-0.159,51.03,0,862.99,0.739,2.2,155.2,0,0,31,2022-01-31,2022
"737",2022-01-31 16:00:00,-0.438,52.64,0,862.87,0.54,1.462,151.5,0,0,31,2022-01-31,2022
"738",2022-01-31 17:00:00,-1.398,56.79,0,863.21,0.37,1.287,117.6,0,0,31,2022-01-31,2022
"739",2022-01-31 18:00:00,-1.904,59.02,0,863.04,0.272,1,107.6,0,0,31,2022-01-31,2022
"740",2022-01-31 19:00:00,-2.479,61.76,0,862.61,0.259,1.275,83.2,0,0,31,2022-01-31,2022
"741",2022-01-31 20:00:00,-2.859,63.76,0,862.47,0.491,1.5,156.3,0,0,31,2022-01-31,2022
"742",2022-01-31 21:00:00,-3.42,66.12,0,862.31,0.378,1.325,117.3,0,0,31,2022-01-31,2022
"743",2022-01-31 22:00:00,-3.724,67.72,0,862.54,0.529,2.637,111.2,0,0,31,2022-01-31,2022
"744",2022-01-31 23:00:00,-3.932,69.1,0,862.64,0.634,1.237,144.9,0,0,31,2022-01-31,2022
"745",2022-02-01,-3.834,69.17,0,862.93,0.345,1.137,108.7,0,0,32,2022-02-01,2022
"746",2022-02-01 01:00:00,-4.096,71,13.82,863.55,0.244,0.837,12.57,0,0,32,2022-02-01,2022
"747",2022-02-01 02:00:00,-3.171,69.81,122.6,863.76,0.36,1.35,178.8,0,0,32,2022-02-01,2022
"748",2022-02-01 03:00:00,-1.584,65,284.6,863.78,0.324,1.375,308.9,0,0,32,2022-02-01,2022
"749",2022-02-01 04:00:00,2.001,46.01,474.2,863.67,0.709,2.025,208.3,0,0,32,2022-02-01,2022
"750",2022-02-01 05:00:00,4.292,25.51,629,863.35,1.336,3.312,207.4,0,0,32,2022-02-01,2022
"751",2022-02-01 06:00:00,5.413,22.83,904,862.56,1.862,3.775,184.1,0,0,32,2022-02-01,2022
"752",2022-02-01 07:00:00,5.701,20.85,911,861.86,2.462,4.275,291.4,0,0,32,2022-02-01,2022
"753",2022-02-01 08:00:00,5.847,18.34,873,861.26,2.066,4.937,294.1,0,0,32,2022-02-01,2022
"754",2022-02-01 09:00:00,5.675,17.01,545.7,861.15,1.66,3.15,264.9,0,0,32,2022-02-01,2022
"755",2022-02-01 10:00:00,5.35,16.89,279.2,860.91,1.425,3.337,227.5,0,0,32,2022-02-01,2022
"756",2022-02-01 11:00:00,3.245,18.62,22.57,861.1,1.225,3.262,239.5,0,0,32,2022-02-01,2022
"757",2022-02-01 12:00:00,2.677,21.03,0,861.32,1.174,2.525,182.9,0,0,32,2022-02-01,2022
"758",2022-02-01 13:00:00,1.529,23.99,0,861.45,0.501,1.725,95.1,0,0,32,2022-02-01,2022
"759",2022-02-01 14:00:00,-0.016,28.32,0,861.45,0.901,1.7,136.1,0,0,32,2022-02-01,2022
"760",2022-02-01 15:00:00,-1.486,33.03,0,861.3,0.976,2.75,148.6,0,0,32,2022-02-01,2022
"761",2022-02-01 16:00:00,-2.015,35.4,0,861.4,0.755,2.35,136.2,0,0,32,2022-02-01,2022
"762",2022-02-01 17:00:00,-2.704,39.71,0,861.35,0.727,4.325,353.6,0,0,32,2022-02-01,2022
"763",2022-02-01 18:00:00,-3.542,42.47,0,861.19,0.688,2.062,170.1,0,0,32,2022-02-01,2022
"764",2022-02-01 19:00:00,-3.731,42.57,0,861.18,0.775,2.062,168.3,0,0,32,2022-02-01,2022
"765",2022-02-01 20:00:00,-4.1,43.61,0,861.38,0.817,1.762,154.4,0,0,32,2022-02-01,2022
"766",2022-02-01 21:00:00,-5.395,47.06,0,861.38,1.237,2.612,152.8,0,0,32,2022-02-01,2022
"767",2022-02-01 22:00:00,-5.931,48.46,0,861.5,0.852,2.412,164.5,0,0,32,2022-02-01,2022
"768",2022-02-01 23:00:00,-5.916,47.67,0,861.71,0.478,1.412,159.6,0,0,32,2022-02-01,2022
"769",2022-02-02,-5.621,44.63,0,862.34,0.517,1.537,177.3,0,0,33,2022-02-02,2022
"770",2022-02-02 01:00:00,-5.953,45.71,18.39,863.1,0.925,2.375,182.5,0,0,33,2022-02-02,2022
"771",2022-02-02 02:00:00,-5.357,44.4,69.11,863.75,0.734,2.337,333.8,0,0,33,2022-02-02,2022
"772",2022-02-02 03:00:00,-3.398,37.22,240.5,864.02,2.692,4.475,44.02,0,0,33,2022-02-02,2022
"773",2022-02-02 04:00:00,-1.373,32.04,870,864.42,3.102,5.262,35.84,0,0.20436,33,2022-02-02,2022
"774",2022-02-02 05:00:00,-0.111,29.18,1050,864.55,4.094,6.587,16.94,0,0.16676,33,2022-02-02,2022
"775",2022-02-02 06:00:00,0.819,26.96,1117,864.04,4.149,6.362,16.18,0,0.12644,33,2022-02-02,2022
"776",2022-02-02 07:00:00,1.431,25.05,1002,863.45,3.837,6.712,24.97,0,0,33,2022-02-02,2022
"777",2022-02-02 08:00:00,1.775,23,884,863.44,4.241,6.7,22.62,0,0,33,2022-02-02,2022
"778",2022-02-02 09:00:00,1.484,22.9,606.9,863.8,4.216,7.6,18.4,0,0,33,2022-02-02,2022
"779",2022-02-02 10:00:00,0.869,22.72,306,864.31,4.594,7.24,27.3,0,0,33,2022-02-02,2022
"780",2022-02-02 11:00:00,-0.568,25.22,23.95,864.79,4.371,6.287,20.16,0,0,33,2022-02-02,2022
"781",2022-02-02 12:00:00,-1.589,28.16,0,865.48,3.526,4.962,12.53,0,0,33,2022-02-02,2022
"782",2022-02-02 13:00:00,-2.419,31.36,0,866.36,2.899,4.55,5.343,0,0,33,2022-02-02,2022
"783",2022-02-02 14:00:00,-3.152,34.44,0,867.05,1.805,3.812,359.1,0,0,33,2022-02-02,2022
"784",2022-02-02 15:00:00,-4.273,37.78,0,867.52,0.655,1.987,320.2,0,0,33,2022-02-02,2022
"785",2022-02-02 16:00:00,-4.76,38.81,0,867.92,0.927,2.537,349.7,0,0,33,2022-02-02,2022
"786",2022-02-02 17:00:00,-5.346,40.58,0,868.06,0.866,2.112,346.9,0,0,33,2022-02-02,2022
"787",2022-02-02 18:00:00,-6.251,43.87,0,868.26,0.413,1.537,322.4,0,0,33,2022-02-02,2022
"788",2022-02-02 19:00:00,-6.8,45.49,0,868.52,0.284,1.225,70.5,0,0,33,2022-02-02,2022
"789",2022-02-02 20:00:00,-7.48,46.97,0,868.55,0.663,2.15,182.5,0,0,33,2022-02-02,2022
"790",2022-02-02 21:00:00,-8.06,47.73,0,868.82,1.416,2.275,164.2,0,0,33,2022-02-02,2022
"791",2022-02-02 22:00:00,-8.35,48.71,0,869.09,1.352,2.637,156.7,0,0,33,2022-02-02,2022
"792",2022-02-02 23:00:00,-8.88,49.47,0,869.38,1.763,2.525,158.7,0,0,33,2022-02-02,2022
"793",2022-02-03,-9.19,49.99,0,870.17,1.38,2.25,149.6,0,0,34,2022-02-03,2022
"794",2022-02-03 01:00:00,-8.99,50.27,20.56,871.43,1.182,2.187,164.1,0,0,34,2022-02-03,2022
"795",2022-02-03 02:00:00,-8.65,50.27,70.1,871.76,1.412,2.312,164,0,0,34,2022-02-03,2022
"796",2022-02-03 03:00:00,-6.961,45.65,224.4,871.92,0.486,1.325,139.8,0,0,34,2022-02-03,2022
"797",2022-02-03 04:00:00,-2.05,30.86,863,872.24,1.278,4.3,58.42,0,0.16693,34,2022-02-03,2022
"798",2022-02-03 05:00:00,-1.19,25.94,1052,872.47,3.351,4.687,26.22,0,0.2671,34,2022-02-03,2022
"799",2022-02-03 06:00:00,0.037,23.35,1122,872.39,2.409,4.45,26.36,0,0.24728,34,2022-02-03,2022
"800",2022-02-03 07:00:00,0.506,21.44,1069,872.34,2.625,4.35,35.81,0,0.19087,34,2022-02-03,2022
"801",2022-02-03 08:00:00,1.17,20.54,903,872.29,2.174,3.775,42.06,0,0,34,2022-02-03,2022
"802",2022-02-03 09:00:00,1.391,21.02,636.9,872.61,2.353,4.425,40.5,0,0,34,2022-02-03,2022
"803",2022-02-03 10:00:00,1.276,22.14,314.7,872.99,2.585,3.487,9.83,0,0,34,2022-02-03,2022
"804",2022-02-03 11:00:00,-0.691,25.46,27.21,873.47,1.706,2.675,18.16,0,0,34,2022-02-03,2022
"805",2022-02-03 12:00:00,-1.296,26.76,0,874.52,1.294,2.3,38.37,0,0,34,2022-02-03,2022
"806",2022-02-03 13:00:00,-2.46,29.38,0,875.18,0.771,1.5,145,0,0,34,2022-02-03,2022
"807",2022-02-03 14:00:00,-3.739,32.74,0,875.83,1.314,2.275,147.5,0,0,34,2022-02-03,2022
"808",2022-02-03 15:00:00,-4.504,35.33,0,876.73,0.831,1.825,164,0,0,34,2022-02-03,2022
"809",2022-02-03 16:00:00,-4.783,36.96,0,877.4,0.36,1.137,154.5,0,0,34,2022-02-03,2022
"810",2022-02-03 17:00:00,-5.324,38.69,0,878.03,1.185,1.912,154.3,0,0,34,2022-02-03,2022
"811",2022-02-03 18:00:00,-5.291,38.82,0,878.57,0.923,1.9,155.6,0,0,34,2022-02-03,2022
"812",2022-02-03 19:00:00,-6.002,41.68,0,878.98,0.873,1.587,144.2,0,0,34,2022-02-03,2022
"813",2022-02-03 20:00:00,-6.208,42.94,0,879.4,0.856,1.962,148.9,0,0,34,2022-02-03,2022
"814",2022-02-03 21:00:00,-6.765,45.83,0,879.87,0.812,1.837,152.3,0,0,34,2022-02-03,2022
"815",2022-02-03 22:00:00,-7.24,48.35,0,880.46,0.614,1.537,141.8,0,0,34,2022-02-03,2022
"816",2022-02-03 23:00:00,-7.54,49.73,0,881.13,0.561,1.812,164.1,0,0,34,2022-02-03,2022
"817",2022-02-04,-7.75,50.9,0,882.08,0.875,1.625,157,0,0,35,2022-02-04,2022
"818",2022-02-04 01:00:00,-8.14,52.84,20.24,882.7,1.176,2.287,154.6,0,0,35,2022-02-04,2022
"819",2022-02-04 02:00:00,-7.92,53.27,66.99,883.08,0.555,1.512,157.1,0,0,35,2022-02-04,2022
"820",2022-02-04 03:00:00,-6.15,50.45,262.3,883.42,0.51,1.262,131.3,0,0,35,2022-02-04,2022
"821",2022-02-04 04:00:00,-1.711,37.73,899,883.76,1.064,2.775,48.25,0,0.13582,35,2022-02-04,2022
"822",2022-02-04 05:00:00,0.025,32.7,1080,883.57,1.531,2.962,28.93,0,0.1837,35,2022-02-04,2022
"823",2022-02-04 06:00:00,1.502,30.52,1150,882.68,1.154,2.85,35.33,0,0.11302,35,2022-02-04,2022
"824",2022-02-04 07:00:00,3.08,27.99,1100,882.02,0.992,2.5,17.15,0,0.13683,35,2022-02-04,2022
"825",2022-02-04 08:00:00,4.273,26.1,933,881.47,1.354,2.75,269.2,0,0,35,2022-02-04,2022
"826",2022-02-04 09:00:00,4.956,24.94,665.7,881.07,0.836,1.837,11.78,0,0,35,2022-02-04,2022
"827",2022-02-04 10:00:00,4.852,25.41,336.2,880.74,1.01,2.737,340.1,0,0,35,2022-02-04,2022
"828",2022-02-04 11:00:00,1.607,31.2,31.55,880.4,1.49,2.7,175.2,0,0,35,2022-02-04,2022
"829",2022-02-04 12:00:00,-0.533,35.87,0,880.52,1.373,1.937,154.1,0,0,35,2022-02-04,2022
"830",2022-02-04 13:00:00,-1.81,39.83,0,880.6,1.143,1.8,154.1,0,0,35,2022-02-04,2022
"831",2022-02-04 14:00:00,-2.552,42.73,0,880.63,1.27,2.487,147.8,0,0,35,2022-02-04,2022
"832",2022-02-04 15:00:00,-3.304,45.06,0,880.61,1.013,2.15,150.8,0,0,35,2022-02-04,2022
"833",2022-02-04 16:00:00,-3.64,46.27,0,880.87,0.747,1.725,159.1,0,0,35,2022-02-04,2022
"834",2022-02-04 17:00:00,-4.07,47.54,0,880.71,1.139,2.362,158.7,0,0,35,2022-02-04,2022
"835",2022-02-04 18:00:00,-4.587,49.1,0,880.33,0.771,2.05,155.9,0,0,35,2022-02-04,2022
"836",2022-02-04 19:00:00,-5.783,53.64,0,879.85,0.391,1.025,155.5,0,0,35,2022-02-04,2022
"837",2022-02-04 20:00:00,-5.975,54.46,0,879.11,0.648,1.462,157.2,0,0,35,2022-02-04,2022
"838",2022-02-04 21:00:00,-6.402,56.73,0,878.7,0.394,0.937,106.8,0,0,35,2022-02-04,2022
"839",2022-02-04 22:00:00,-7.07,59.7,0,878.53,0.441,1.575,103.6,0,0,35,2022-02-04,2022
"840",2022-02-04 23:00:00,-7.55,62.21,0,878.64,0.518,1.262,138.9,0,0,35,2022-02-04,2022
"841",2022-02-05,-7.48,61.35,0,878.24,0.641,2.287,154.2,0,0,36,2022-02-05,2022
"842",2022-02-05 01:00:00,-8.81,69.06,21.58,878.08,0.593,1.45,185.6,0,0,36,2022-02-05,2022
"843",2022-02-05 02:00:00,-7.93,65.3,67,878.32,0.502,1.512,153.4,0,0,36,2022-02-05,2022
"844",2022-02-05 03:00:00,-5.474,58.16,270.7,878.49,0.553,1.487,78.6,0,0,36,2022-02-05,2022
"845",2022-02-05 04:00:00,-0.627,42.17,910,878.46,0.522,1.787,301.4,0,0,36,2022-02-05,2022
"846",2022-02-05 05:00:00,1.988,35.53,1095,877.74,0.65,1.812,319.5,0,0,36,2022-02-05,2022
"847",2022-02-05 06:00:00,4.194,30.5,1166,876.53,1.017,2.062,130.5,0,0.12521,36,2022-02-05,2022
"848",2022-02-05 07:00:00,5.567,26.7,1098,875.2,1.471,2.737,310.7,0,0,36,2022-02-05,2022
"849",2022-02-05 08:00:00,6.29,23.52,928,874.15,1.871,3.225,303.1,0,0,36,2022-02-05,2022
"850",2022-02-05 09:00:00,6.73,23.25,667.3,873.37,1.906,3.575,296,0,0,36,2022-02-05,2022
"851",2022-02-05 10:00:00,6.752,24.01,336.4,873.05,1.22,2.675,291.8,0,0,36,2022-02-05,2022
"852",2022-02-05 11:00:00,4.152,28.31,35.23,873.09,0.732,1.75,159.5,0,0,36,2022-02-05,2022
"853",2022-02-05 12:00:00,1.319,33.99,0.014,873.07,1.547,2.325,147.2,0,0,36,2022-02-05,2022
"854",2022-02-05 13:00:00,-0.088,37.72,0,873.29,1.644,3.6,158.5,0,0,36,2022-02-05,2022
"855",2022-02-05 14:00:00,-0.645,39.82,0,873.4,1.517,2.662,150.3,0,0,36,2022-02-05,2022
"856",2022-02-05 15:00:00,-1.466,43.17,0,873.61,1.516,2.737,151.6,0,0,36,2022-02-05,2022
"857",2022-02-05 16:00:00,-1.767,44.81,0,873.54,1.07,1.787,156.8,0,0,36,2022-02-05,2022
"858",2022-02-05 17:00:00,-2.691,48.31,0,873.84,0.655,1.75,128.1,0,0,36,2022-02-05,2022
"859",2022-02-05 18:00:00,-3.315,50.44,0,873.92,0.81,2.837,156.6,0,0,36,2022-02-05,2022
"860",2022-02-05 19:00:00,-3.968,53.34,0,874.19,0.447,1.85,101.2,0,0,36,2022-02-05,2022
"861",2022-02-05 20:00:00,-3.99,52.98,0,874.29,1.078,1.95,153.2,0,0,36,2022-02-05,2022
"862",2022-02-05 21:00:00,-4.761,56.39,0,874.54,0.27,0.762,75.6,0,0,36,2022-02-05,2022
"863",2022-02-05 22:00:00,-4.99,57.82,0,875.11,0.543,1.162,135.5,0,0,36,2022-02-05,2022
"864",2022-02-05 23:00:00,-5.411,59.42,0,875.59,0.363,1.187,172.3,0,0,36,2022-02-05,2022
"865",2022-02-06,-6.433,63.93,0,876.29,0.798,2.387,143.3,0,0,37,2022-02-06,2022
"866",2022-02-06 01:00:00,-5.904,62.13,22.01,876.93,0.578,1.55,155.6,0,0,37,2022-02-06,2022
"867",2022-02-06 02:00:00,-5.795,62.54,70.1,877.34,0.349,1.175,166.3,0,0,37,2022-02-06,2022
"868",2022-02-06 03:00:00,-3.915,56.69,281.7,877.9,0.317,0.862,96.9,0,0,37,2022-02-06,2022
"869",2022-02-06 04:00:00,1.378,43.95,913,878.3,1.063,2.1,339.9,0,0.16165,37,2022-02-06,2022
"870",2022-02-06 05:00:00,4.969,39.71,1098,878.21,2.169,3.65,13.34,0,0.20309,37,2022-02-06,2022
"871",2022-02-06 06:00:00,6.136,34.64,1168,877.59,2.978,4.337,39.97,0,0.20998,37,2022-02-06,2022
"872",2022-02-06 07:00:00,7.43,30.95,1120,876.76,2.941,5.05,29.68,0,0,37,2022-02-06,2022
"873",2022-02-06 08:00:00,7.99,28.36,952,876.46,2.907,4.937,41.35,0,0,37,2022-02-06,2022
"874",2022-02-06 09:00:00,8.26,25.57,681.4,876.32,2.94,4.7,38.04,0,0,37,2022-02-06,2022
"875",2022-02-06 10:00:00,8.32,21.18,350.6,876.44,2.635,3.687,25.85,0,0,37,2022-02-06,2022
"876",2022-02-06 11:00:00,6.696,21.69,38.22,876.57,1.175,2.562,39.9,0,0,37,2022-02-06,2022
"877",2022-02-06 12:00:00,4.828,25.32,0.084,876.89,0.958,1.65,128.5,0,0,37,2022-02-06,2022
"878",2022-02-06 13:00:00,2.541,30.76,0,877.48,1.366,2.05,166.7,0,0,37,2022-02-06,2022
"879",2022-02-06 14:00:00,1.622,33.06,0,878.04,1.3,1.9,143,0,0,37,2022-02-06,2022
"880",2022-02-06 15:00:00,0.875,35.43,0,878.33,1.266,1.825,149,0,0,37,2022-02-06,2022
"881",2022-02-06 16:00:00,0.139,38.1,0,878.52,0.625,1.487,122.2,0,0,37,2022-02-06,2022
"882",2022-02-06 17:00:00,-0.361,40.13,0,878.76,1.076,2.062,149.8,0,0,37,2022-02-06,2022
"883",2022-02-06 18:00:00,-1.988,46.11,0,878.84,1.316,2.2,157.7,0,0,37,2022-02-06,2022
"884",2022-02-06 19:00:00,-1.694,45.42,0,879.12,0.417,1.25,117.2,0,0,37,2022-02-06,2022
"885",2022-02-06 20:00:00,-2.849,50.32,0,879.42,0.272,1.037,40.34,0,0,37,2022-02-06,2022
"886",2022-02-06 21:00:00,-2.563,50.81,0,879.57,0.456,1.212,103.4,0,0,37,2022-02-06,2022
"887",2022-02-06 22:00:00,-3.996,56.08,0,879.89,0.491,1.012,84.1,0,0,37,2022-02-06,2022
"888",2022-02-06 23:00:00,-4.429,57.62,0,880.33,0.318,1.2,167.4,0,0,37,2022-02-06,2022
"889",2022-02-07,-4.832,59.5,0,880.84,0.283,1.012,155.1,0,0,38,2022-02-07,2022
"890",2022-02-07 01:00:00,-4.794,59.77,23.62,881.47,0.395,1.075,141.9,0,0,38,2022-02-07,2022
"891",2022-02-07 02:00:00,-4.693,60.35,67.83,881.91,0.229,0.587,131.2,0,0,38,2022-02-07,2022
"892",2022-02-07 03:00:00,-2.382,53.95,291.5,882.26,0.569,1.325,108,0,0,38,2022-02-07,2022
"893",2022-02-07 04:00:00,2.169,41.3,939,882.35,0.657,1.475,39.46,0,0,38,2022-02-07,2022
"894",2022-02-07 05:00:00,4.803,34.9,1124,881.86,0.77,2.062,271.2,0,0,38,2022-02-07,2022
"895",2022-02-07 06:00:00,6.867,30.99,1195,880.97,0.827,1.65,350.5,0,0,38,2022-02-07,2022
"896",2022-02-07 07:00:00,8.4,28.12,1144,879.83,1.44,2.775,356.6,0,0,38,2022-02-07,2022
"897",2022-02-07 08:00:00,9.46,25.39,974,878.76,1.648,2.8,11.79,0,0,38,2022-02-07,2022
"898",2022-02-07 09:00:00,9.81,24.29,702,878.12,1.793,2.662,18.03,0,0,38,2022-02-07,2022
"899",2022-02-07 10:00:00,10.34,23.66,367.3,877.76,1.013,1.775,228.1,0,0,38,2022-02-07,2022
"900",2022-02-07 11:00:00,6.705,29.43,41.6,877.46,1.259,2.837,172.7,0,0,38,2022-02-07,2022
"901",2022-02-07 12:00:00,3.808,35.02,0.098,877.4,1.868,2.5,148.7,0,0,38,2022-02-07,2022
"902",2022-02-07 13:00:00,2.046,39.93,0,877.64,1.946,2.625,147.9,0,0,38,2022-02-07,2022
"903",2022-02-07 14:00:00,0.927,43.55,0,877.75,1.646,2.25,153.3,0,0,38,2022-02-07,2022
"904",2022-02-07 15:00:00,0.678,44.77,0,877.49,1.624,2.337,158.8,0,0,38,2022-02-07,2022
"905",2022-02-07 16:00:00,0.313,46.55,0,877.57,0.909,1.537,124.7,0,0,38,2022-02-07,2022
"906",2022-02-07 17:00:00,-0.501,49.46,0,877.29,0.586,1.562,101.2,0,0,38,2022-02-07,2022
"907",2022-02-07 18:00:00,-1.326,52.41,0,877.62,0.874,2.825,137.3,0,0,38,2022-02-07,2022
"908",2022-02-07 19:00:00,-2.192,56.21,0,877.25,0.609,1.15,97.2,0,0,38,2022-02-07,2022
"909",2022-02-07 20:00:00,-2.82,58.56,0,877.16,0.351,0.875,126.6,0,0,38,2022-02-07,2022
"910",2022-02-07 21:00:00,-3.31,60.65,0,876.91,0.254,1.112,105.7,0,0,38,2022-02-07,2022
"911",2022-02-07 22:00:00,-4.232,64.74,0,877.1,0.421,0.975,123.8,0,0,38,2022-02-07,2022
"912",2022-02-07 23:00:00,-4.129,64.09,0,876.97,0.689,1.512,103.6,0,0,38,2022-02-07,2022
"913",2022-02-08,-4.962,67.88,0,877.5,0.59,1.35,136.2,0,0,39,2022-02-08,2022
"914",2022-02-08 01:00:00,-4.104,64.51,25.75,877.37,0.735,1.6,167.6,0,0,39,2022-02-08,2022
"915",2022-02-08 02:00:00,-4.991,69.24,74.8,877.92,0.719,1.575,124.6,0,0,39,2022-02-08,2022
"916",2022-02-08 03:00:00,-2.585,61.53,303.1,878.51,0.642,1.712,100.6,0,0,39,2022-02-08,2022
"917",2022-02-08 04:00:00,2.408,46.29,921,878.31,0.871,2.362,353.7,0,0,39,2022-02-08,2022
"918",2022-02-08 05:00:00,5.75,36.45,1108,878.16,0.889,1.962,346.6,0,0,39,2022-02-08,2022
"919",2022-02-08 06:00:00,7.67,33.17,1179,877.57,1.061,2.062,9.23,0,0,39,2022-02-08,2022
"920",2022-02-08 07:00:00,9.27,29.44,1132,876.44,1.194,2.387,347.4,0,0,39,2022-02-08,2022
"921",2022-02-08 08:00:00,11,26.25,962,875.85,1.037,1.725,346.2,0,0,39,2022-02-08,2022
"922",2022-02-08 09:00:00,11.67,25.76,689.2,875.24,1.187,1.925,285.4,0,0,39,2022-02-08,2022
"923",2022-02-08 10:00:00,12.07,23.93,355,875.01,0.856,1.9,246.4,0,0,39,2022-02-08,2022
"924",2022-02-08 11:00:00,7.95,30.56,42.83,874.69,1.456,2.437,155.2,0,0,39,2022-02-08,2022
"925",2022-02-08 12:00:00,4.944,36.35,0.098,874.71,1.988,2.725,150.8,0,0,39,2022-02-08,2022
"926",2022-02-08 13:00:00,3.34,40.29,0,875.07,1.77,2.812,149.9,0,0,39,2022-02-08,2022
"927",2022-02-08 14:00:00,2.397,42.64,0,875.15,1.491,2.587,144.7,0,0,39,2022-02-08,2022
"928",2022-02-08 15:00:00,1.985,43.86,0,874.93,1.081,2.312,140.5,0,0,39,2022-02-08,2022
"929",2022-02-08 16:00:00,1.366,44.84,0,875.09,0.709,1.6,149,0,0,39,2022-02-08,2022
"930",2022-02-08 17:00:00,0.156,49.87,0,875.2,0.649,1.6,107.2,0,0,39,2022-02-08,2022
"931",2022-02-08 18:00:00,-0.829,53.32,0,875.01,0.896,2.125,173.1,0,0,39,2022-02-08,2022
"932",2022-02-08 19:00:00,-0.837,53.03,0,874.8,0.304,1.075,115.4,0,0,39,2022-02-08,2022
"933",2022-02-08 20:00:00,-1.871,57.43,0,874.67,0.56,1.325,141.4,0,0,39,2022-02-08,2022
"934",2022-02-08 21:00:00,-2.551,59.93,0,874.45,0.601,1.337,122.6,0,0,39,2022-02-08,2022
"935",2022-02-08 22:00:00,-2.836,61.4,0,874.35,0.559,1.362,124.2,0,0,39,2022-02-08,2022
"936",2022-02-08 23:00:00,-2.228,59.73,0,874.64,0.416,1.137,168.8,0,0,39,2022-02-08,2022
"937",2022-02-09,-2.332,62.61,0,874.72,0.266,0.825,291.7,0,0,40,2022-02-09,2022
"938",2022-02-09 01:00:00,-3.072,66.35,22.96,874.98,0.52,1.3,312.3,0,0,40,2022-02-09,2022
"939",2022-02-09 02:00:00,-2.528,63.91,82.6,875.45,0.606,1.437,155.4,0,0,40,2022-02-09,2022
"940",2022-02-09 03:00:00,-0.711,58.02,320.9,875.21,0.407,0.962,103,0,0,40,2022-02-09,2022
"941",2022-02-09 04:00:00,4.432,42.09,939,874.65,0.771,1.562,343.6,0,0,40,2022-02-09,2022
"942",2022-02-09 05:00:00,7.6,32.88,1128,874.35,0.89,2,325.8,0,0,40,2022-02-09,2022
"943",2022-02-09 06:00:00,10.18,28.61,1200,873.16,0.773,1.812,319.3,0,0,40,2022-02-09,2022
"944",2022-02-09 07:00:00,11.62,24.9,1151,872.03,1.286,3.037,293,0,0,40,2022-02-09,2022
"945",2022-02-09 08:00:00,12.77,22.57,996,871.42,1.295,2.8,294.6,0,0,40,2022-02-09,2022
"946",2022-02-09 09:00:00,12.16,22.92,474.6,871.15,1.293,2.725,277.4,0,0,40,2022-02-09,2022
"947",2022-02-09 10:00:00,12.54,21.99,285.7,871,0.38,1.05,238.8,0,0,40,2022-02-09,2022
"948",2022-02-09 11:00:00,9.94,27.11,50.75,870.97,0.889,2.262,174.3,0,0,40,2022-02-09,2022
"949",2022-02-09 12:00:00,6.458,33.45,0.112,871.11,1.692,3.112,157.9,0,0,40,2022-02-09,2022
"950",2022-02-09 13:00:00,4.86,37.95,0,871.74,1.664,2.85,151.5,0,0,40,2022-02-09,2022
"951",2022-02-09 14:00:00,4.218,41,0,872.42,1.512,3.075,150.3,0,0,40,2022-02-09,2022
"952",2022-02-09 15:00:00,3.921,42.29,0,872.84,0.998,1.875,153.1,0,0,40,2022-02-09,2022
"953",2022-02-09 16:00:00,3.335,44.44,0,873.2,1.091,1.912,142.8,0,0,40,2022-02-09,2022
"954",2022-02-09 17:00:00,2.66,46.51,0,873.63,0.521,1.262,117.8,0,0,40,2022-02-09,2022
"955",2022-02-09 18:00:00,1.475,50.52,0,874.34,0.527,1.412,169.1,0,0,40,2022-02-09,2022
"956",2022-02-09 19:00:00,1.492,50.89,0,874.33,1.132,1.987,142.7,0,0,40,2022-02-09,2022
"957",2022-02-09 20:00:00,-0.018,56.62,0,874.24,0.599,1.9,125.8,0,0,40,2022-02-09,2022
"958",2022-02-09 21:00:00,-0.46,58.29,0,873.83,0.792,2,156.3,0,0,40,2022-02-09,2022
"959",2022-02-09 22:00:00,-0.641,59.75,0,873.96,0.867,1.637,159.6,0,0,40,2022-02-09,2022
"960",2022-02-09 23:00:00,-1.746,64.43,0,874.64,0.523,1.375,132.3,0,0,40,2022-02-09,2022
"961",2022-02-10,-2.251,67.55,0.014,874.55,0.301,0.925,126.6,0,0,41,2022-02-10,2022
"962",2022-02-10 01:00:00,-2.106,67.42,25.58,874.82,0.537,1.4,147.5,0,0,41,2022-02-10,2022
"963",2022-02-10 02:00:00,-1.464,66.01,70.2,874.99,0.457,1.425,147,0,0,41,2022-02-10,2022
"964",2022-02-10 03:00:00,-0.231,62.66,320.2,874.92,0.363,1.037,120.4,0,0,41,2022-02-10,2022
"965",2022-02-10 04:00:00,4.815,46.93,886,875.09,0.694,1.575,12.33,0,0,41,2022-02-10,2022
"966",2022-02-10 05:00:00,8.17,38.78,1137,874.84,0.68,1.375,290.3,0,0,41,2022-02-10,2022
"967",2022-02-10 06:00:00,10.67,33.73,1205,873.7,0.953,2.112,47.33,0,0,41,2022-02-10,2022
"968",2022-02-10 07:00:00,12.24,29.75,1003,872.24,1.759,3.35,306.1,0,0,41,2022-02-10,2022
"969",2022-02-10 08:00:00,12.81,29.15,722,872.04,1.074,3.5,259.8,0,0,41,2022-02-10,2022
"970",2022-02-10 10:00:00,12.44,30.93,275.8,870.85,0.603,1.3,275.3,0,0,41,2022-02-10,2022
"971",2022-02-10 11:00:00,10.63,34.96,61.77,870.51,0.669,2.762,176.2,0,0,41,2022-02-10,2022
"972",2022-02-10 12:00:00,8.02,40.36,0.168,870.27,0.985,2.037,156.6,0,0,41,2022-02-10,2022
"973",2022-02-10 13:00:00,5.938,46.14,0,870.09,1.266,2.55,153.1,0,0,41,2022-02-10,2022
"974",2022-02-10 14:00:00,5.347,49.3,0,870.18,0.891,2.237,153.5,0,0,41,2022-02-10,2022
"975",2022-02-10 15:00:00,5.27,50.24,0,870.13,1.023,2.037,165.8,0,0,41,2022-02-10,2022
"976",2022-02-10 16:00:00,3.333,58.05,0,869.7,0.657,1.562,57.04,0,0,41,2022-02-10,2022
"977",2022-02-10 17:00:00,2.6,60.92,0,869.53,0.494,1.4,63.25,0,0,41,2022-02-10,2022
"978",2022-02-10 18:00:00,2.64,61.13,0,869.73,0.525,1.237,141.6,0,0,41,2022-02-10,2022
"979",2022-02-10 19:00:00,2.165,63.17,0,869.39,0.53,1.262,160.2,0,0,41,2022-02-10,2022
"980",2022-02-10 20:00:00,1.192,67.46,0,869.46,0.601,1.35,92,0,0,41,2022-02-10,2022
"981",2022-02-10 21:00:00,0.335,71.2,0,869.46,0.571,1.412,139,0,0,41,2022-02-10,2022
"982",2022-02-10 22:00:00,-0.303,73.1,0,869.33,0.496,1.275,113.3,0,0,41,2022-02-10,2022
"983",2022-02-10 23:00:00,-0.801,75.6,0,869.74,0.432,1.3,88.1,0,0,41,2022-02-10,2022
"984",2022-02-11,-1.516,78.1,0.084,869.69,0.605,1.55,130.4,0,0,42,2022-02-11,2022
"985",2022-02-11 01:00:00,-1.987,80.2,26.98,870.1,0.477,1.512,161,0,0,42,2022-02-11,2022
"986",2022-02-11 02:00:00,-1.753,79.8,70.8,870.86,0.447,1.125,120.4,0,0,42,2022-02-11,2022
"987",2022-02-11 03:00:00,0.727,72.1,352.8,870.89,0.296,0.962,91.9,0,0,42,2022-02-11,2022
"988",2022-02-11 04:00:00,5.634,55.06,967,871.06,0.485,1.2,288.8,0,0,42,2022-02-11,2022
"989",2022-02-11 05:00:00,9.09,44.19,1156,870.58,0.639,1.387,300.8,0,0,42,2022-02-11,2022
"990",2022-02-11 06:00:00,11.75,36.1,1224,869.8,1.061,2.725,263,0,0,42,2022-02-11,2022
"991",2022-02-11 07:00:00,13.09,31.15,1174,869.12,1.898,3.475,275.4,0,0,42,2022-02-11,2022
"992",2022-02-11 08:00:00,14.43,26.73,1002,868.49,1.627,2.637,262.3,0,0,42,2022-02-11,2022
"993",2022-02-11 09:00:00,15.51,24.6,726,868.36,1.703,4.012,217,0,0,42,2022-02-11,2022
"994",2022-02-11 10:00:00,15.5,23.73,347.6,867.9,1.24,3.425,207.6,0,0,42,2022-02-11,2022
"995",2022-02-11 11:00:00,12.44,28.2,46.93,868.09,1.115,1.987,173.7,0,0,42,2022-02-11,2022
"996",2022-02-11 12:00:00,12.56,25.41,0.21,868.68,0.999,2.437,88.8,0,0,42,2022-02-11,2022
"997",2022-02-11 13:00:00,10.59,27.91,0,869.58,0.799,1.975,60.17,0,0,42,2022-02-11,2022
"998",2022-02-11 14:00:00,9.63,25.69,0,870.88,2.815,5.2,44.78,0,0,42,2022-02-11,2022
"999",2022-02-11 15:00:00,8.6,26.1,0,872.52,4.826,7.56,20.12,0,0,42,2022-02-11,2022
"1000",2022-02-11 16:00:00,7.13,32.64,0,874.58,5.159,9.2,24.13,0,0,42,2022-02-11,2022
"1001",2022-02-11 17:00:00,6.161,34.17,0,875.81,4.403,7.5,32.27,0,0,42,2022-02-11,2022
"1002",2022-02-11 18:00:00,5.264,34.97,0,876.65,2.867,6.775,6.053,0,0,42,2022-02-11,2022
"1003",2022-02-11 19:00:00,3.583,38.91,0,877.08,1.016,2.275,23.26,0,0,42,2022-02-11,2022
"1004",2022-02-11 20:00:00,2.425,41.69,0,877.61,1.412,2.662,38.5,0,0,42,2022-02-11,2022
"1005",2022-02-11 21:00:00,0.491,48.38,0,878.22,0.438,1.212,161.7,0,0,42,2022-02-11,2022
"1006",2022-02-11 22:00:00,-0.212,50.94,0,878.27,0.744,2.35,144.6,0,0,42,2022-02-11,2022
"1007",2022-02-11 23:00:00,-0.374,50.86,0,878.53,1.224,2.95,159.2,0,0,42,2022-02-11,2022
"1008",2022-02-12,-0.617,51.68,0.07,878.39,1.168,3.2,246.6,0,0,43,2022-02-12,2022
"1009",2022-02-12 01:00:00,-1.514,53.91,39.04,878.85,1.534,2.975,160.2,0,0,43,2022-02-12,2022
"1010",2022-02-12 02:00:00,-0.555,52.44,139.5,879.17,1.457,3.062,146.1,0,0,43,2022-02-12,2022
"1011",2022-02-12 03:00:00,2.144,44.6,415.3,879.62,0.343,1.525,120.5,0,0,43,2022-02-12,2022
"1012",2022-02-12 04:00:00,5.613,32.74,958,879.91,0.859,2.375,43.45,0,0,43,2022-02-12,2022
"1013",2022-02-12 05:00:00,6.367,29.75,1155,879.66,1.493,2.187,22.45,0,0,43,2022-02-12,2022
"1014",2022-02-12 06:00:00,8.37,25.71,1226,878.87,1.268,2.525,71.6,0,0,43,2022-02-12,2022
"1015",2022-02-12 07:00:00,9.32,23.98,1178,878.05,1.48,3.075,287.8,0,0,43,2022-02-12,2022
"1016",2022-02-12 08:00:00,10.15,21.35,1002,877.49,1.446,3.112,280.7,0,0,43,2022-02-12,2022
"1017",2022-02-12 09:00:00,10.55,18.96,732,877.25,1.686,2.962,290,0,0,43,2022-02-12,2022
"1018",2022-02-12 10:00:00,10.56,18.64,392.5,877.08,1.202,2.15,276.5,0,0,43,2022-02-12,2022
"1019",2022-02-12 11:00:00,7.79,23.42,50.91,877.03,0.69,2.212,190.2,0,0,43,2022-02-12,2022
"1020",2022-02-12 12:00:00,4.823,29.46,0.294,877.14,1.739,3.062,156.2,0,0,43,2022-02-12,2022
"1021",2022-02-12 13:00:00,3.174,34.21,0,877.24,1.277,2.65,149.3,0,0,43,2022-02-12,2022
"1022",2022-02-12 14:00:00,2.443,36.18,0,877.53,1.596,3.612,137,0,0,43,2022-02-12,2022
"1023",2022-02-12 15:00:00,1.336,39.66,0,878.1,1.218,3.437,167.2,0,0,43,2022-02-12,2022
"1024",2022-02-12 16:00:00,1.24,39.81,0,878.44,0.794,1.85,117.4,0,0,43,2022-02-12,2022
"1025",2022-02-12 17:00:00,0.377,42.29,0,878.47,1.227,3.062,161.5,0,0,43,2022-02-12,2022
"1026",2022-02-12 18:00:00,-0.171,44.67,0,878.51,0.469,1,123.4,0,0,43,2022-02-12,2022
"1027",2022-02-12 19:00:00,-0.04,44.52,0,878.52,0.674,1.45,154.5,0,0,43,2022-02-12,2022
"1028",2022-02-12 20:00:00,-0.861,47.58,0,878.62,0.405,1.012,102.1,0,0,43,2022-02-12,2022
"1029",2022-02-12 21:00:00,-1.634,50.76,0,878.56,0.578,1.287,168.4,0,0,43,2022-02-12,2022
"1030",2022-02-12 22:00:00,-2.235,53.93,0,878.58,0.425,1.1,127.3,0,0,43,2022-02-12,2022
"1031",2022-02-12 23:00:00,-2.957,56.89,0,878.8,0.263,0.912,113.6,0,0,43,2022-02-12,2022
"1032",2022-02-13,-3.005,57.16,0.098,879.15,0.359,1.112,101.2,0,0,44,2022-02-13,2022
"1033",2022-02-13 01:00:00,-3.409,59.49,29.23,879.44,0.417,1.15,168.9,0,0,44,2022-02-13,2022
"1034",2022-02-13 02:00:00,-3.542,61.13,72.7,879.88,0.31,1.237,173.1,0,0,44,2022-02-13,2022
"1035",2022-02-13 03:00:00,-0.664,53.29,393.3,879.95,0.304,1.1,77.9,0,0,44,2022-02-13,2022
"1036",2022-02-13 04:00:00,4.446,37.95,981,880.09,0.552,1.925,24.67,0,0,44,2022-02-13,2022
"1037",2022-02-13 05:00:00,6.445,33.4,1167,879.87,0.95,1.775,5.524,0,0,44,2022-02-13,2022
"1038",2022-02-13 06:00:00,8.59,28.09,1239,878.7,1.043,2.137,314.5,0,0,44,2022-02-13,2022
"1039",2022-02-13 07:00:00,10.7,25.43,1190,877.67,0.944,1.887,17.04,0,0,44,2022-02-13,2022
"1040",2022-02-13 08:00:00,12.33,22.1,1021,876.72,1.02,2.112,291.2,0,0,44,2022-02-13,2022
"1041",2022-02-13 09:00:00,13.64,19.91,747,876.14,0.695,1.85,293.8,0,0,44,2022-02-13,2022
"1042",2022-02-13 10:00:00,13.53,20.25,403.4,875.51,0.819,1.625,273.3,0,0,44,2022-02-13,2022
"1043",2022-02-13 11:00:00,9.49,26.06,52.81,875.03,1.512,2.012,163.4,0,0,44,2022-02-13,2022
"1044",2022-02-13 12:00:00,6.41,32.31,0.335,874.97,1.668,2.562,156.5,0,0,44,2022-02-13,2022
"1045",2022-02-13 13:00:00,4.001,39.15,0,875.02,1.96,2.65,150,0,0,44,2022-02-13,2022
"1046",2022-02-13 14:00:00,2.959,41.24,0,875,2.187,2.962,151.5,0,0,44,2022-02-13,2022
"1047",2022-02-13 15:00:00,2.564,42.24,0,875.07,1.352,2.137,149.4,0,0,44,2022-02-13,2022
"1048",2022-02-13 16:00:00,1.942,44.07,0,875.11,0.999,1.912,153.7,0,0,44,2022-02-13,2022
"1049",2022-02-13 17:00:00,1.261,46.28,0,875.2,0.631,1.475,145.3,0,0,44,2022-02-13,2022
"1050",2022-02-13 18:00:00,1.139,47.68,0,874.96,0.376,1.25,91.5,0,0,44,2022-02-13,2022
"1051",2022-02-13 19:00:00,0.37,49.42,0,874.64,0.585,1.5,163.2,0,0,44,2022-02-13,2022
"1052",2022-02-13 20:00:00,-1.315,56.13,0,874.34,0.273,0.862,124.4,0,0,44,2022-02-13,2022
"1053",2022-02-13 21:00:00,-1.65,57.61,0,874.12,0.334,0.975,114.7,0,0,44,2022-02-13,2022
"1054",2022-02-13 22:00:00,-1.883,58.41,0,873.85,0.351,0.912,163,0,0,44,2022-02-13,2022
"1055",2022-02-13 23:00:00,-2.256,59.82,0,873.55,0.612,1.025,143,0,0,44,2022-02-13,2022
"1056",2022-02-14,-3.079,62.47,0.154,873.57,0.434,1.75,158.5,0,0,45,2022-02-14,2022
"1057",2022-02-14 01:00:00,-3.834,66.64,30.94,873.52,0.304,0.987,148.7,0,0,45,2022-02-14,2022
"1058",2022-02-14 02:00:00,-3.449,65.67,74.8,873.32,0.239,0.762,132.7,0,0,45,2022-02-14,2022
"1059",2022-02-14 03:00:00,-0.565,56.68,420.4,873.3,0.254,0.712,91.4,0,0,45,2022-02-14,2022
"1060",2022-02-14 04:00:00,5.051,38.51,995,873.03,0.45,1.125,260.8,0,0,45,2022-02-14,2022
"1061",2022-02-14 05:00:00,7.48,32.35,1182,872.4,0.809,1.812,346.9,0,0,45,2022-02-14,2022
"1062",2022-02-14 06:00:00,9.8,28.45,1259,871.06,0.911,2.012,11.65,0,0,45,2022-02-14,2022
"1063",2022-02-14 07:00:00,11.59,25.91,1097,869.37,0.979,1.962,15.53,0,0,45,2022-02-14,2022
"1064",2022-02-14 08:00:00,13.01,22.95,887,868.14,0.791,1.737,257.6,0,0,45,2022-02-14,2022
"1065",2022-02-14 09:00:00,13.97,21.31,650.5,867.1,0.928,2.1,331.1,0,0,45,2022-02-14,2022
"1066",2022-02-14 10:00:00,13.49,21.91,297,866.09,0.444,1.512,260.7,0,0,45,2022-02-14,2022
"1067",2022-02-14 11:00:00,10.95,26.55,58.7,865.17,0.84,1.887,171.5,0,0,45,2022-02-14,2022
"1068",2022-02-14 12:00:00,8.42,31.34,0.28,864.76,1.095,1.662,146.8,0,0,45,2022-02-14,2022
"1069",2022-02-14 13:00:00,6.291,36.32,0,864.31,1.529,2.462,153.5,0,0,45,2022-02-14,2022
"1070",2022-02-14 14:00:00,5.395,37.98,0,863.77,1.594,2.575,152.1,0,0,45,2022-02-14,2022
"1071",2022-02-14 15:00:00,4.985,39.24,0,863.57,0.526,1.9,144.6,0,0,45,2022-02-14,2022
"1072",2022-02-14 16:00:00,4.2,41.6,0,862.99,0.419,1.2,122.4,0,0,45,2022-02-14,2022
"1073",2022-02-14 17:00:00,3.715,43.06,0,862.37,0.692,1.75,139.3,0,0,45,2022-02-14,2022
"1074",2022-02-14 18:00:00,3.006,45.32,0,861.91,0.449,1.425,131,0,0,45,2022-02-14,2022
"1075",2022-02-14 19:00:00,1.909,49.65,0,861.34,0.282,0.712,116,0,0,45,2022-02-14,2022
"1076",2022-02-14 20:00:00,1.513,51.82,0,860.58,0.356,1.437,133.7,0,0,45,2022-02-14,2022
"1077",2022-02-14 21:00:00,1.655,51.05,0,859.9,0.469,1.5,153.8,0,0,45,2022-02-14,2022
"1078",2022-02-14 22:00:00,1.165,53.28,0,859.48,0.298,1.45,134.6,0,0,45,2022-02-14,2022
"1079",2022-02-14 23:00:00,0.623,56.15,0,859.07,0.326,0.862,113.1,0,0,45,2022-02-14,2022
"1080",2022-02-15,0.563,56.44,0.07,858.59,0.372,1.425,144.8,0,0,46,2022-02-15,2022
"1081",2022-02-15 01:00:00,-0.089,60.25,27.44,858.61,0.332,1.362,121.6,0,0,46,2022-02-15,2022
"1082",2022-02-15 02:00:00,0.753,59.77,166.3,858.82,0.31,1.087,173.4,0,0,46,2022-02-15,2022
"1083",2022-02-15 03:00:00,2.225,55.73,389.1,858.86,0.612,1.7,304.3,0,0.01972,46,2022-02-15,2022
"1084",2022-02-15 04:00:00,4.713,47.03,462.2,858.58,0.894,3.437,296.4,0,0,46,2022-02-15,2022
"1085",2022-02-15 05:00:00,11.57,28.28,1231,857.98,2.788,6.95,323,0,0,46,2022-02-15,2022
"1086",2022-02-15 06:00:00,15.43,13.05,608.6,856.99,4.755,8.17,190,0,0,46,2022-02-15,2022
"1087",2022-02-15 07:00:00,15.28,12.95,374.1,856.31,3.571,7.76,199.3,0,0,46,2022-02-15,2022
"1088",2022-02-15 08:00:00,15.23,13.32,330.4,855.87,2.138,5.387,228,0,0,46,2022-02-15,2022
"1089",2022-02-15 09:00:00,15.21,13.97,271.6,855.69,1.683,3.887,213.6,0,0,46,2022-02-15,2022
"1090",2022-02-15 10:00:00,14.67,15.19,175.8,855.5,1.353,3.525,179.8,0,0,46,2022-02-15,2022
"1091",2022-02-15 11:00:00,12.81,19.41,58.66,855.45,1.016,2.275,128.8,0,0,46,2022-02-15,2022
"1092",2022-02-15 12:00:00,10.51,23.61,0.21,855.65,0.768,1.737,125,0,0,46,2022-02-15,2022
"1093",2022-02-15 13:00:00,9.43,25.24,0,855.56,1.757,2.5,155.3,0,0,46,2022-02-15,2022
"1094",2022-02-15 14:00:00,8.58,26.77,0,855.59,1.238,2.137,156,0,0,46,2022-02-15,2022
"1095",2022-02-15 15:00:00,8.03,28.42,0,855.83,1.176,2.65,105.5,0,0,46,2022-02-15,2022
"1096",2022-02-15 16:00:00,8.53,27.5,0,856.2,0.857,3.075,128.9,0,0,46,2022-02-15,2022
"1097",2022-02-15 17:00:00,7.83,29.78,0,856.59,1.074,2.625,148.4,0,0,46,2022-02-15,2022
"1098",2022-02-15 18:00:00,8.3,27.05,0,856.75,0.871,2.075,83.3,0,0,46,2022-02-15,2022
"1099",2022-02-15 19:00:00,6.977,31.69,0,856.78,0.834,2.775,52.36,0,0,46,2022-02-15,2022
"1100",2022-02-15 20:00:00,6.334,33.85,0,856.36,0.735,1.762,110.3,0,0,46,2022-02-15,2022
"1101",2022-02-15 21:00:00,5.442,36.75,0,855.82,1.095,3.15,95.1,0,0,46,2022-02-15,2022
"1102",2022-02-15 22:00:00,8.09,29.35,0,856.29,1.155,2.912,171.6,0,0,46,2022-02-15,2022
"1103",2022-02-15 23:00:00,7.01,36.77,0,856.74,0.862,2.287,156.3,0,0,46,2022-02-15,2022
"1104",2022-02-16,5.994,41.01,0.238,856.74,1.576,3.225,172.7,0,0,47,2022-02-16,2022
"1105",2022-02-16 01:00:00,4.661,45.93,37.59,856.78,1.351,2.912,157.9,0,0,47,2022-02-16,2022
"1106",2022-02-16 02:00:00,6.185,43.61,132.5,857.1,2.002,4.525,180.8,0,0,47,2022-02-16,2022
"1107",2022-02-16 03:00:00,7.9,41.07,356.7,857.29,1.394,3.175,161.8,0,0,47,2022-02-16,2022
"1108",2022-02-16 04:00:00,9.08,37.18,636.4,857.31,1.69,3.187,215.8,0,0,47,2022-02-16,2022
"1109",2022-02-16 05:00:00,10.25,34.33,947,857.1,2.111,4.125,295.9,0,0,47,2022-02-16,2022
"1110",2022-02-16 06:00:00,10.29,33.7,949,856.88,2.446,4.3,274.1,0,0,47,2022-02-16,2022
"1111",2022-02-16 07:00:00,9.76,32.47,659.9,856.44,2.746,4.625,293.6,0,0,47,2022-02-16,2022
"1112",2022-02-16 08:00:00,8.28,32.15,304.1,856.79,3.151,5.95,314.8,0,0,47,2022-02-16,2022
"1113",2022-02-16 09:00:00,4.314,66.9,145.5,857.76,4.591,6.837,39.78,0,0,47,2022-02-16,2022
"1114",2022-02-16 10:00:00,4.076,66.18,85.3,858.87,1.935,4.187,58.28,0,0,47,2022-02-16,2022
"1115",2022-02-16 11:00:00,3.416,72.8,28.62,859.67,1.913,4.612,162,0,0,47,2022-02-16,2022
"1116",2022-02-16 12:00:00,1.404,88.4,0.196,860.87,1.604,3.75,2.961,0.3,0,47,2022-02-16,2022
"1117",2022-02-16 13:00:00,1.039,93.6,0,861.49,0.529,1.375,194.4,0,0.20861,47,2022-02-16,2022
"1118",2022-02-16 14:00:00,0.879,93.9,0,862.25,0.208,0.525,82.2,0,0.23948,47,2022-02-16,2022
"1119",2022-02-16 15:00:00,0.705,92.8,0,863.08,0.388,1.125,158,0,0.25368,47,2022-02-16,2022
"1120",2022-02-16 16:00:00,0.907,91.5,0,863.65,0.503,1.825,147.9,0,0.2878,47,2022-02-16,2022
"1121",2022-02-16 17:00:00,1.466,81.3,0,864.33,1.147,4.137,53.93,0,0.29106,47,2022-02-16,2022
"1122",2022-02-16 18:00:00,1.762,65.08,0,865.17,1.73,2.9,2.4,0,0.157,47,2022-02-16,2022
"1123",2022-02-16 19:00:00,1.542,53.77,0,866.48,3.445,4.837,6.087,0,0,47,2022-02-16,2022
"1124",2022-02-16 20:00:00,0.727,50.5,0,867.46,2.092,5.812,359.4,0,0,47,2022-02-16,2022
"1125",2022-02-16 21:00:00,0.416,48.79,0,868.25,2.833,4.8,12.41,0.1,0,47,2022-02-16,2022
"1126",2022-02-16 22:00:00,0.097,48.3,0,869.04,2.713,4.512,10.07,0,0,47,2022-02-16,2022
"1127",2022-02-16 23:00:00,-1.288,54.5,0,870.16,0.872,2.225,348.9,0,0,47,2022-02-16,2022
"1128",2022-02-17,-1.814,55.61,0.322,870.85,1.185,3.212,332.9,0,0,48,2022-02-17,2022
"1129",2022-02-17 01:00:00,-2.161,56.3,34.63,871.82,0.94,2.15,302,0,0,48,2022-02-17,2022
"1130",2022-02-17 02:00:00,-0.399,46.31,77.4,872.58,1.789,4.487,1.875,0,0,48,2022-02-17,2022
"1131",2022-02-17 03:00:00,1.385,39.03,469.8,872.98,3.236,5.5,26.85,0,0,48,2022-02-17,2022
"1132",2022-02-17 04:00:00,3.016,35.45,1028,873.52,3.114,5.35,31.07,0,0,48,2022-02-17,2022
"1133",2022-02-17 05:00:00,4.658,30.96,1217,873.71,2.675,4.687,26.13,0,0,48,2022-02-17,2022
"1134",2022-02-17 06:00:00,6.044,27.08,1288,873.3,2.523,4.712,7.57,0,0,48,2022-02-17,2022
"1135",2022-02-17 07:00:00,6.888,24.15,1238,872.58,1.932,3.575,14.99,0,0,48,2022-02-17,2022
"1136",2022-02-17 08:00:00,7.76,22.82,1067,872.14,1.039,2.275,350.9,0,0,48,2022-02-17,2022
"1137",2022-02-17 09:00:00,8.4,22.68,791,871.86,0.85,2.562,274.2,0,0,48,2022-02-17,2022
"1138",2022-02-17 10:00:00,8.18,23.57,442.4,872.08,0.986,2.387,277.1,0,0,48,2022-02-17,2022
"1139",2022-02-17 11:00:00,6.149,27.41,76.3,872.17,0.811,2.837,208.4,0,0,48,2022-02-17,2022
"1140",2022-02-17 12:00:00,3.692,33.16,0.867,872.34,1.599,2.775,179.4,0,0,48,2022-02-17,2022
"1141",2022-02-17 13:00:00,2.265,37.11,0,872.46,0.969,2.362,150.8,0,0,48,2022-02-17,2022
"1142",2022-02-17 14:00:00,1.951,37.36,0,872.53,0.674,1.65,147.4,0,0,48,2022-02-17,2022
"1143",2022-02-17 15:00:00,1.008,39.72,0,872.86,0.978,1.612,152.7,0,0,48,2022-02-17,2022
"1144",2022-02-17 16:00:00,0.538,42.1,0,873.16,1.04,1.987,148.5,0,0,48,2022-02-17,2022
"1145",2022-02-17 17:00:00,0.367,43.38,0,873.41,0.93,2.3,155.1,0,0,48,2022-02-17,2022
"1146",2022-02-17 18:00:00,-0.47,47.96,0,873.56,0.34,0.975,145.8,0,0,48,2022-02-17,2022
"1147",2022-02-17 19:00:00,-0.317,48.35,0,873.96,0.423,1.412,32.61,0,0,48,2022-02-17,2022
"1148",2022-02-17 20:00:00,-0.485,49.82,0,873.93,0.647,1.237,152.7,0,0,48,2022-02-17,2022
"1149",2022-02-17 21:00:00,-1.535,53.46,0,874.05,0.591,1.687,138.1,0,0,48,2022-02-17,2022
"1150",2022-02-17 22:00:00,-2.603,59.42,0,874.37,0.455,1.587,189.6,0,0,48,2022-02-17,2022
"1151",2022-02-17 23:00:00,-2.388,56.7,0,874.64,1.29,2.675,153.6,0,0,48,2022-02-17,2022
"1152",2022-02-18,-2.986,58.19,0.434,875.03,0.596,1.787,127.4,0,0,49,2022-02-18,2022
"1153",2022-02-18 01:00:00,-3.949,63.54,36.06,875.97,0.505,1.325,164.1,0,0,49,2022-02-18,2022
"1154",2022-02-18 02:00:00,-2.773,60.11,76.8,876.58,0.644,1.75,128.1,0,0,49,2022-02-18,2022
"1155",2022-02-18 03:00:00,0.133,50.62,479.9,876.75,0.445,1.337,76.8,0,0,49,2022-02-18,2022
"1156",2022-02-18 04:00:00,4.376,36.76,1044,877,0.554,1.412,336.8,0,0,49,2022-02-18,2022
"1157",2022-02-18 05:00:00,6.759,31.51,1234,876.8,0.9,1.812,109.2,0,0,49,2022-02-18,2022
"1158",2022-02-18 06:00:00,8.65,28.37,1306,875.81,0.985,2.187,330,0,0,49,2022-02-18,2022
"1159",2022-02-18 07:00:00,10.41,25.81,1251,875.18,1.255,2.8,202,0,0,49,2022-02-18,2022
"1160",2022-02-18 08:00:00,10.87,23.87,1078,874.37,1.46,3.125,299.1,0,0,49,2022-02-18,2022
"1161",2022-02-18 09:00:00,11.23,23.1,799,874.17,1.312,2.937,263.1,0,0,49,2022-02-18,2022
"1162",2022-02-18 10:00:00,10.95,22.99,450,874.12,1.456,2.687,16.01,0,0,49,2022-02-18,2022
"1163",2022-02-18 11:00:00,8.99,25.65,79.9,874.05,1.555,2.675,48.59,0,0,49,2022-02-18,2022
"1164",2022-02-18 12:00:00,5.943,32.87,0.923,874.14,1.565,2.112,159.1,0,0,49,2022-02-18,2022
"1165",2022-02-18 13:00:00,4.055,37.82,0,874.28,1.798,3.025,161.1,0,0,49,2022-02-18,2022
"1166",2022-02-18 14:00:00,3.083,40.12,0,874.47,1.139,2.075,157.8,0,0,49,2022-02-18,2022
"1167",2022-02-18 15:00:00,1.964,43.29,0,874.7,1.859,2.962,153,0,0,49,2022-02-18,2022
"1168",2022-02-18 16:00:00,1.213,46.55,0,875.06,0.952,2.025,146.6,0,0,49,2022-02-18,2022
"1169",2022-02-18 17:00:00,1.439,45.35,0,874.96,1.222,1.987,160.2,0,0,49,2022-02-18,2022
"1170",2022-02-18 18:00:00,0.186,50.1,0,875.07,0.358,1.137,158.1,0,0,49,2022-02-18,2022
"1171",2022-02-18 19:00:00,-0.149,51.67,0,875.1,0.215,0.425,117.9,0,0,49,2022-02-18,2022
"1172",2022-02-18 20:00:00,-1.075,54.88,0,875.01,0.323,0.787,174.1,0,0,49,2022-02-18,2022
"1173",2022-02-18 21:00:00,-1.841,58.8,0,874.86,0.296,0.837,160.9,0,0,49,2022-02-18,2022
"1174",2022-02-18 22:00:00,-1.984,59.15,0,874.81,0.341,1.037,149.3,0,0,49,2022-02-18,2022
"1175",2022-02-18 23:00:00,-2.174,60.27,0,874.73,0.209,0.587,85.5,0,0,49,2022-02-18,2022
"1176",2022-02-19,-2.586,61.39,0.504,874.9,0.384,1.087,156.1,0,0,50,2022-02-19,2022
"1177",2022-02-19 01:00:00,-3.45,66.43,35.94,875.14,0.26,0.975,134.8,0,0,50,2022-02-19,2022
"1178",2022-02-19 02:00:00,-3.513,67.76,74.4,875.56,0.315,0.75,122.6,0,0,50,2022-02-19,2022
"1179",2022-02-19 03:00:00,0.143,55.32,482,875.38,0.311,0.925,125.4,0,0,50,2022-02-19,2022
"1180",2022-02-19 04:00:00,5.38,38.46,1051,875.15,0.48,1.437,282.3,0,0,50,2022-02-19,2022
"1181",2022-02-19 05:00:00,8.62,31.43,1241,874.56,0.647,1.8,299.3,0,0,50,2022-02-19,2022
"1182",2022-02-19 06:00:00,10.62,26.47,1311,873.54,1.084,3.225,62.8,0,0,50,2022-02-19,2022
"1183",2022-02-19 07:00:00,12.06,23.6,1260,872.16,1.123,2.3,319,0,0,50,2022-02-19,2022
"1184",2022-02-19 08:00:00,13.06,22.84,1086,870.88,1.794,3,264.4,0,0,50,2022-02-19,2022
"1185",2022-02-19 09:00:00,13.51,22.25,807,869.92,1.898,3.562,300.2,0,0,50,2022-02-19,2022
"1186",2022-02-19 10:00:00,13.96,21.58,453.1,869.11,1.492,2.5,282.3,0,0,50,2022-02-19,2022
"1187",2022-02-19 11:00:00,11.78,24.62,75.3,868.59,0.601,2.837,184.8,0,0,50,2022-02-19,2022
"1188",2022-02-19 12:00:00,8.15,31.53,1.048,868.4,1.771,2.875,149.4,0,0,50,2022-02-19,2022
"1189",2022-02-19 13:00:00,6.242,35.77,0,868.49,1.493,2.537,156.3,0,0,50,2022-02-19,2022
"1190",2022-02-19 14:00:00,5.092,38.73,0,868.4,1.267,2.012,153.2,0,0,50,2022-02-19,2022
"1191",2022-02-19 15:00:00,4.347,40.93,0,868.58,1.009,1.812,146.5,0,0,50,2022-02-19,2022
"1192",2022-02-19 16:00:00,3.744,42.64,0,868.58,0.592,1.675,174.2,0,0,50,2022-02-19,2022
"1193",2022-02-19 17:00:00,2.639,46.87,0,868.44,0.354,1.187,102.5,0,0,50,2022-02-19,2022
"1194",2022-02-19 18:00:00,1.209,51.71,0,868.22,0.473,1.475,55.1,0,0,50,2022-02-19,2022
"1195",2022-02-19 19:00:00,0.444,54.28,0,868.06,0.366,1.375,80.1,0,0,50,2022-02-19,2022
"1196",2022-02-19 20:00:00,0.654,53.69,0,867.69,0.438,1.05,136.4,0,0,50,2022-02-19,2022
"1197",2022-02-19 21:00:00,-0.121,56.1,0,867.04,0.39,1.15,42.15,0,0,50,2022-02-19,2022
"1198",2022-02-19 22:00:00,-1.834,63.62,0,866.69,0.475,1.4,61.45,0,0,50,2022-02-19,2022
"1199",2022-02-19 23:00:00,-1.796,63.53,0,866.72,0.438,1.312,139.1,0,0,50,2022-02-19,2022
"1200",2022-02-20,-2.116,65.14,0.672,866.26,0.311,0.712,140,0,0,51,2022-02-20,2022
"1201",2022-02-20 01:00:00,-3.457,71.1,37.1,866.42,0.39,1.3,77.7,0,0,51,2022-02-20,2022
"1202",2022-02-20 02:00:00,-1.798,65.12,73.8,866.48,0.384,1.075,140.8,0,0,51,2022-02-20,2022
"1203",2022-02-20 03:00:00,1.171,55.95,490,866.19,0.38,1.037,111.6,0,0,51,2022-02-20,2022
"1204",2022-02-20 04:00:00,6.429,38.71,1065,865.55,0.612,1.737,43.48,0,0,51,2022-02-20,2022
"1205",2022-02-20 05:00:00,8.84,33.11,1253,864.61,0.806,2.025,15.4,0,0,51,2022-02-20,2022
"1206",2022-02-20 06:00:00,11.43,28.03,1325,863.18,0.979,1.912,8.89,0,0,51,2022-02-20,2022
"1207",2022-02-20 07:00:00,14.6,22.66,1276,861.22,1.121,2.762,309,0,0,51,2022-02-20,2022
"1208",2022-02-20 08:00:00,17.5,15.59,1100,859.85,2.694,6.112,232.7,0,0,51,2022-02-20,2022
"1209",2022-02-20 09:00:00,17.88,12.04,803,859.03,3.571,6.437,236.5,0,0,51,2022-02-20,2022
"1210",2022-02-20 10:00:00,17.41,11.25,454.8,858.5,3.154,7.16,215.1,0,0,51,2022-02-20,2022
"1211",2022-02-20 11:00:00,15.73,12.87,77.1,858.08,4.121,6.912,190.7,0,0,51,2022-02-20,2022
"1212",2022-02-20 12:00:00,14.52,14.92,0.699,858.17,3.654,6.925,196.6,0,0,51,2022-02-20,2022
"1213",2022-02-20 13:00:00,14.37,16.2,0,857.88,5.485,8.46,175.9,0,0,51,2022-02-20,2022
"1214",2022-02-20 14:00:00,14.13,17.42,0,857.27,5.846,8.42,177.7,0,0,51,2022-02-20,2022
"1215",2022-02-20 15:00:00,13.85,17.96,0,857.26,3.868,7.41,186.8,0,0,51,2022-02-20,2022
"1216",2022-02-20 16:00:00,13.86,17.68,0,856.98,4.688,7.9,184.1,0,0,51,2022-02-20,2022
"1217",2022-02-20 17:00:00,13.84,17.56,0,856.65,5.1,7.56,184.3,0,0,51,2022-02-20,2022
"1218",2022-02-20 18:00:00,13.67,17.74,0,856.13,5.619,8.52,175.4,0,0,51,2022-02-20,2022
"1219",2022-02-20 19:00:00,13.32,17.98,0,855.99,5.058,7.97,175,0,0,51,2022-02-20,2022
"1220",2022-02-20 20:00:00,12.99,17.97,0,855.46,5.17,7.32,174.2,0,0,51,2022-02-20,2022
"1221",2022-02-20 21:00:00,12.49,18.4,0,854.86,4.064,6.487,190.4,0,0,51,2022-02-20,2022
"1222",2022-02-20 22:00:00,12.35,18.35,0,854.42,5.012,8.09,176.9,0,0,51,2022-02-20,2022
"1223",2022-02-20 23:00:00,12.15,17.96,0,854.19,5.553,10.52,170.6,0,0,51,2022-02-20,2022
